customerID,gender,SeniorCitizen,Partner,Dependents,tenure,PhoneService,MultipleLines,InternetService,OnlineSecurity,OnlineBackup,DeviceProtection,TechSupport,StreamingTV,StreamingMovies,Contract,PaperlessBilling,PaymentMethod,MonthlyCharges,TotalCharges,Churn
CUST-00000,Male,0,Yes,No,42,Yes,No,DSL,Yes,No,Yes,Yes,Yes,Yes,Month-to-month,Yes,Electronic check,111.82,4697.14,No
CUST-00001,Female,1,Yes,Yes,68,Yes,Yes,DSL,Yes,No,Yes,Yes,Yes,Yes,Month-to-month,Yes,Mailed check,19.75,1337.54,No
CUST-00002,Male,0,No,Yes,62,Yes,No,DSL,No,Yes,Yes,No,No,Yes,Month-to-month,Yes,Credit card (automatic),80.89,5014.03,No
CUST-00003,Male,0,Yes,No,69,Yes,No,Fiber optic,No,Yes,Yes,Yes,No,No,Two year,Yes,Mailed check,44.77,3094.55,No
CUST-00004,Male,0,Yes,No,64,Yes,Yes,DSL,No,Yes,No,No,Yes,No,Month-to-month,Yes,Credit card (automatic),98.9,6328.43,No
CUST-00005,Female,1,Yes,No,66,Yes,Yes,No,No internet service,No internet service,No internet service,No internet service,No internet service,No internet service,Two year,Yes,Electronic check,99.9,6590.18,No
CUST-00006,Male,0,Yes,No,53,Yes,No,No,No internet service,No internet service,No internet service,No internet service,No internet service,No internet service,Two year,Yes,Credit card (automatic),22.78,1214.05,No
CUST-00007,Male,0,No,No,35,No,No phone service,Fiber optic,No,No,Yes,Yes,Yes,No,Month-to-month,No,Electronic check,77.56,2715.59,No
CUST-00008,Male,0,No,No,70,No,No phone service,No,No internet service,No internet service,No internet service,No internet service,No internet service,No internet service,Month-to-month,Yes,Electronic check,103.09,7213.78,No
CUST-00009,Female,0,No,No,14,No,No phone service,DSL,No,No,No,No,No,No,Month-to-month,No,Electronic check,76.74,1070.03,No
CUST-00010,Male,0,No,No,17,Yes,No,No,No internet service,No internet service,No internet service,No internet service,No internet service,No internet service,Month-to-month,No,Electronic check,60.55,1023.61,No
CUST-00011,Male,0,No,No,3,Yes,No,No,No internet service,No internet service,No internet service,No internet service,No internet service,No internet service,One year,No,Mailed check,25.68,79.17,No
CUST-00012,Male,0,No,No,10,Yes,Yes,DSL,Yes,Yes,Yes,No,No,No,Month-to-month,No,Mailed check,91.03,914.14,No
CUST-00013,Male,0,No,No,5,Yes,No,No,No internet service,No internet service,No internet service,No internet service,No internet service,No internet service,Month-to-month,No,Electronic check,25.46,127.3,No
CUST-00014,Female,0,Yes,No,50,Yes,Yes,DSL,No,No,No,No,No,Yes,Two year,No,Mailed check,77.79,3888.51,No
CUST-00015,Male,0,No,No,57,Yes,Yes,DSL,Yes,Yes,No,Yes,Yes,No,One year,Yes,Mailed check,109.76,6259.26,No
CUST-00016,Female,0,No,Yes,59,Yes,Yes,Fiber optic,No,Yes,Yes,Yes,No,Yes,Month-to-month,Yes,Credit card (automatic),59.91,3527.6,No
CUST-00017,Female,0,No,No,17,Yes,Yes,No,No internet service,No internet service,No internet service,No internet service,No internet service,No internet service,Two year,Yes,Bank transfer (automatic),95.02,1615.72,No
CUST-00018,Female,1,No,No,66,Yes,Yes,Fiber optic,Yes,No,Yes,No,No,No,Month-to-month,No,Electronic check,97.98,6466.77,No
CUST-00019,Male,0,Yes,Yes,16,Yes,No,Fiber optic,No,Yes,No,No,Yes,No,One year,Yes,Electronic check,19.03,306.55,No
CUST-00020,Female,1,No,No,33,Yes,Yes,DSL,Yes,Yes,Yes,No,Yes,No,Month-to-month,No,Credit card (automatic),109.49,3615.56,No
CUST-00021,Male,0,No,Yes,29,Yes,No,DSL,Yes,No,No,Yes,Yes,Yes,One year,Yes,Mailed check,36.88,1067.48,No
CUST-00022,Female,0,Yes,No,18,No,No phone service,No,No internet service,No internet service,No internet service,No internet service,No internet service,No internet service,One year,No,Credit card (automatic),46.27,842.13,No
CUST-00023,Female,1,No,Yes,8,Yes,Yes,Fiber optic,No,Yes,Yes,Yes,Yes,Yes,Month-to-month,No,Mailed check,105.08,835.22,No
CUST-00024,Female,0,No,No,39,Yes,No,DSL,Yes,No,Yes,Yes,Yes,Yes,One year,No,Credit card (automatic),86.66,3377.36,No
CUST-00025,Female,0,No,No,43,Yes,No,DSL,No,Yes,No,Yes,Yes,No,Month-to-month,No,Mailed check,55.19,2377.46,No
CUST-00026,Female,0,No,Yes,58,Yes,No,DSL,No,No,Yes,No,Yes,No,One year,No,Mailed check,26.79,1550.65,No
CUST-00027,Female,0,No,No,24,Yes,No,Fiber optic,Yes,No,No,Yes,No,Yes,Month-to-month,Yes,Credit card (automatic),56.62,1359.44,No
CUST-00028,Female,0,No,Yes,70,Yes,Yes,Fiber optic,Yes,Yes,No,Yes,Yes,No,Two year,No,Electronic check,114.63,8021.44,No
CUST-00029,Female,0,No,No,52,Yes,Yes,Fiber optic,No,No,Yes,No,Yes,Yes,Month-to-month,No,Credit card (automatic),28.46,1477.96,No
CUST-00030,Male,0,Yes,No,47,Yes,No,DSL,No,Yes,Yes,No,No,No,Month-to-month,Yes,Mailed check,102.61,4816.2,No
CUST-00031,Male,0,Yes,Yes,70,Yes,No,DSL,Yes,Yes,No,No,No,No,Two year,Yes,Mailed check,50.53,3540.9,No
CUST-00032,Female,0,No,No,52,Yes,No,DSL,Yes,Yes,No,No,Yes,No,Month-to-month,No,Electronic check,83.46,4343.83,No
CUST-00033,Female,0,Yes,Yes,48,Yes,No,No,No internet service,No internet service,No internet service,No internet service,No internet service,No internet service,Two year,No,Mailed check,81.15,3899.1,No
CUST-00034,Female,0,No,No,42,No,No phone service,Fiber optic,Yes,Yes,No,Yes,No,No,Two year,No,Credit card (automatic),50.56,2121.37,No
CUST-00035,Male,0,Yes,No,18,Yes,No,DSL,Yes,No,Yes,No,No,No,Month-to-month,Yes,Bank transfer (automatic),23.43,423.4,No
CUST-00036,Female,1,No,No,65,Yes,No,DSL,No,No,Yes,Yes,Yes,No,Month-to-month,No,Electronic check,32.88,2147.18,No
CUST-00037,Male,0,Yes,No,33,Yes,No,Fiber optic,No,Yes,No,No,Yes,No,Two year,Yes,Credit card (automatic),74.58,2462.59,No
CUST-00038,Male,1,No,No,53,Yes,Yes,Fiber optic,No,No,No,Yes,Yes,Yes,Two year,Yes,Mailed check,112.89,5977.39,No
CUST-00039,Male,0,Yes,No,0,Yes,Yes,DSL,Yes,Yes,No,No,Yes,No,Month-to-month,Yes,Mailed check,110.58,0.0,No
CUST-00040,Male,0,Yes,No,54,Yes,No,Fiber optic,Yes,Yes,Yes,No,No,Yes,One year,Yes,Electronic check,29.35,1580.39,No
CUST-00041,Male,0,No,Yes,14,No,No phone service,Fiber optic,Yes,Yes,No,Yes,No,Yes,Two year,No,Credit card (automatic),105.52,1483.88,No
CUST-00042,Female,0,No,No,14,Yes,No,Fiber optic,Yes,Yes,Yes,Yes,No,Yes,Month-to-month,Yes,Mailed check,41.38,581.29,No
CUST-00043,Female,0,Yes,Yes,22,Yes,Yes,No,No internet service,No internet service,No internet service,No internet service,No internet service,No internet service,One year,Yes,Credit card (automatic),108.99,2389.91,No
CUST-00044,Female,0,Yes,Yes,65,Yes,No,DSL,No,Yes,Yes,Yes,Yes,No,One year,Yes,Credit card (automatic),93.85,6106.76,No
CUST-00045,Female,0,No,No,45,No,No phone service,No,No internet service,No internet service,No internet service,No internet service,No internet service,No internet service,One year,No,Bank transfer (automatic),114.13,5138.68,No
CUST-00046,Female,1,Yes,No,8,Yes,No,Fiber optic,No,Yes,No,Yes,No,No,Month-to-month,No,Credit card (automatic),62.17,498.23,No
CUST-00047,Male,0,No,No,65,Yes,Yes,DSL,Yes,Yes,No,Yes,Yes,Yes,Month-to-month,Yes,Bank transfer (automatic),91.16,5932.99,No
CUST-00048,Female,0,Yes,No,65,Yes,Yes,No,No internet service,No internet service,No internet service,No internet service,No internet service,No internet service,Month-to-month,Yes,Electronic check,91.53,5948.3,No
CUST-00049,Female,0,Yes,No,17,Yes,No,Fiber optic,Yes,Yes,No,Yes,No,Yes,Month-to-month,No,Bank transfer (automatic),67.62,1156.35,No
CUST-00050,Male,0,No,No,16,Yes,Yes,No,No internet service,No internet service,No internet service,No internet service,No internet service,No internet service,Month-to-month,No,Credit card (automatic),115.45,1836.15,No
CUST-00051,Female,0,No,Yes,71,Yes,Yes,DSL,No,No,No,Yes,No,Yes,Month-to-month,Yes,Electronic check,42.37,3004.61,No
CUST-00052,Male,0,No,No,33,Yes,Yes,Fiber optic,Yes,No,No,Yes,No,Yes,Month-to-month,Yes,Bank transfer (automatic),116.62,3852.42,No
CUST-00053,Female,1,Yes,No,68,Yes,Yes,No,No internet service,No internet service,No internet service,No internet service,No internet service,No internet service,Month-to-month,No,Electronic check,99.21,6754.67,No
CUST-00054,Male,0,Yes,No,63,Yes,No,DSL,Yes,Yes,Yes,No,Yes,No,Month-to-month,No,Mailed check,79.61,5009.34,No
CUST-00055,Female,0,Yes,No,43,Yes,No,Fiber optic,Yes,No,Yes,No,Yes,Yes,Two year,No,Credit card (automatic),25.56,1096.99,No
CUST-00056,Female,0,No,No,28,Yes,No,Fiber optic,No,No,No,No,No,Yes,Two year,Yes,Mailed check,43.94,1231.15,Yes
CUST-00057,Male,0,Yes,No,61,Yes,Yes,Fiber optic,Yes,No,Yes,Yes,No,No,Month-to-month,Yes,Electronic check,102.13,6225.23,No
CUST-00058,Male,0,Yes,No,15,Yes,No,No,No internet service,No internet service,No internet service,No internet service,No internet service,No internet service,Month-to-month,No,Bank transfer (automatic),90.82,1360.98,No
CUST-00059,Male,0,No,No,51,Yes,Yes,Fiber optic,No,No,No,Yes,Yes,No,Two year,Yes,Electronic check,114.27,5835.68,No
CUST-00060,Male,0,Yes,No,1,Yes,Yes,DSL,No,Yes,No,Yes,No,Yes,One year,Yes,Mailed check,57.68,52.52,No
CUST-00061,Male,0,Yes,Yes,60,Yes,Yes,Fiber optic,No,Yes,No,No,No,Yes,One year,No,Credit card (automatic),107.45,6445.8,No
CUST-00062,Male,0,No,Yes,3,Yes,No,Fiber optic,Yes,No,Yes,No,Yes,No,One year,Yes,Electronic check,104.18,313.9,No
CUST-00063,Male,0,No,Yes,51,Yes,No,DSL,Yes,No,No,No,Yes,No,Month-to-month,No,Mailed check,114.61,5847.44,No
CUST-00064,Male,0,No,No,40,Yes,Yes,Fiber optic,No,Yes,Yes,No,No,No,Two year,Yes,Electronic check,45.25,1805.68,No
CUST-00065,Female,0,No,No,51,Yes,Yes,DSL,No,No,No,Yes,Yes,Yes,Two year,Yes,Electronic check,67.45,3439.06,No
CUST-00066,Female,0,No,No,30,Yes,No,DSL,Yes,Yes,Yes,Yes,Yes,No,Month-to-month,Yes,Credit card (automatic),26.1,781.55,No
CUST-00067,Male,1,No,Yes,25,Yes,Yes,DSL,Yes,No,No,No,Yes,Yes,One year,No,Bank transfer (automatic),77.09,1928.77,No
CUST-00068,Female,1,No,No,26,Yes,Yes,Fiber optic,No,No,No,Yes,Yes,No,Month-to-month,No,Mailed check,91.23,2366.1,No
CUST-00069,Female,0,No,No,50,Yes,No,Fiber optic,No,Yes,No,No,No,Yes,One year,Yes,Electronic check,41.8,2096.36,Yes
CUST-00070,Female,0,No,No,47,Yes,No,Fiber optic,No,No,Yes,Yes,No,No,Month-to-month,Yes,Credit card (automatic),34.97,1644.88,No
CUST-00071,Female,0,Yes,No,10,Yes,Yes,Fiber optic,Yes,No,No,No,Yes,Yes,Month-to-month,Yes,Electronic check,81.95,824.84,No
CUST-00072,Male,0,No,No,7,Yes,No,DSL,Yes,Yes,Yes,Yes,No,Yes,One year,No,Bank transfer (automatic),57.31,398.31,No
CUST-00073,Female,1,No,Yes,11,Yes,Yes,Fiber optic,No,No,Yes,Yes,Yes,Yes,Two year,Yes,Credit card (automatic),60.66,661.16,No
CUST-00074,Male,0,Yes,Yes,44,Yes,Yes,DSL,No,Yes,Yes,Yes,Yes,No,Month-to-month,Yes,Credit card (automatic),65.11,2860.07,No
CUST-00075,Female,1,No,Yes,33,Yes,No,Fiber optic,No,No,Yes,No,Yes,Yes,Two year,No,Electronic check,69.15,2285.45,No
CUST-00076,Female,1,Yes,No,71,Yes,Yes,DSL,No,Yes,Yes,No,Yes,No,Month-to-month,No,Credit card (automatic),37.55,2663.85,Yes
CUST-00077,Female,0,Yes,Yes,46,Yes,No,Fiber optic,No,No,No,No,Yes,Yes,One year,No,Electronic check,75.77,3477.32,No
CUST-00078,Male,0,No,No,20,Yes,No,Fiber optic,No,Yes,No,Yes,Yes,Yes,Two year,Yes,Credit card (automatic),24.91,499.1,No
CUST-00079,Female,0,Yes,No,40,Yes,No,DSL,Yes,Yes,Yes,Yes,No,Yes,Month-to-month,No,Electronic check,29.35,1172.4,No
CUST-00080,Male,1,No,No,21,Yes,Yes,DSL,Yes,Yes,No,Yes,No,No,Month-to-month,Yes,Credit card (automatic),89.15,1870.67,No
CUST-00081,Female,0,No,No,20,Yes,No,Fiber optic,Yes,No,No,Yes,Yes,Yes,Month-to-month,No,Bank transfer (automatic),91.14,1814.25,No
CUST-00082,Male,1,Yes,Yes,27,Yes,Yes,Fiber optic,Yes,No,Yes,Yes,No,Yes,One year,Yes,Bank transfer (automatic),44.63,1197.47,No
CUST-00083,Female,0,Yes,No,66,Yes,Yes,No,No internet service,No internet service,No internet service,No internet service,No internet service,No internet service,Two year,No,Bank transfer (automatic),36.47,2404.28,Yes
CUST-00084,Male,0,Yes,No,70,Yes,No,DSL,No,No,Yes,Yes,No,No,One year,No,Electronic check,23.4,1633.36,No
CUST-00085,Male,1,No,Yes,13,No,No phone service,No,No internet service,No internet service,No internet service,No internet service,No internet service,No internet service,Two year,Yes,Electronic check,59.89,775.72,No
CUST-00086,Female,0,No,No,51,Yes,No,DSL,No,No,No,No,No,Yes,Month-to-month,Yes,Electronic check,68.9,3518.06,No
CUST-00087,Male,0,Yes,No,42,Yes,No,DSL,Yes,Yes,No,No,Yes,Yes,Month-to-month,No,Bank transfer (automatic),107.95,4528.58,No
CUST-00088,Female,0,No,No,70,Yes,No,DSL,No,No,Yes,No,No,Yes,Month-to-month,Yes,Credit card (automatic),18.25,1272.97,No
CUST-00089,Female,0,No,No,18,Yes,Yes,DSL,No,No,No,Yes,Yes,Yes,One year,Yes,Electronic check,58.59,1051.98,No
CUST-00090,Female,0,Yes,No,26,Yes,No,Fiber optic,No,No,Yes,Yes,Yes,No,Month-to-month,Yes,Electronic check,59.93,1553.36,No
CUST-00091,Female,0,Yes,No,17,Yes,No,DSL,No,No,Yes,No,Yes,Yes,Two year,No,Electronic check,106.66,1812.14,No
CUST-00092,Female,1,Yes,Yes,12,No,No phone service,Fiber optic,Yes,No,No,Yes,No,No,Month-to-month,Yes,Credit card (automatic),37.6,456.34,No
CUST-00093,Female,1,Yes,Yes,0,Yes,Yes,DSL,Yes,No,Yes,Yes,Yes,Yes,Month-to-month,Yes,Electronic check,24.62,0.0,No
CUST-00094,Female,0,Yes,Yes,33,Yes,Yes,Fiber optic,Yes,No,No,Yes,No,No,Month-to-month,No,Mailed check,56.16,1854.57,Yes
CUST-00095,Female,0,Yes,No,12,Yes,No,No,No internet service,No internet service,No internet service,No internet service,No internet service,No internet service,One year,Yes,Credit card (automatic),79.23,939.15,No
CUST-00096,Female,0,Yes,No,50,Yes,No,Fiber optic,No,Yes,No,No,No,No,One year,Yes,Bank transfer (automatic),103.81,5190.91,No
CUST-00097,Female,0,Yes,No,0,No,No phone service,Fiber optic,Yes,Yes,No,Yes,Yes,No,One year,No,Credit card (automatic),44.9,7.38,No
CUST-00098,Female,1,Yes,No,27,Yes,Yes,DSL,No,Yes,No,No,Yes,No,Two year,No,Electronic check,43.13,1165.0,Yes
CUST-00099,Male,0,Yes,No,31,No,No phone service,DSL,Yes,No,No,Yes,No,No,Two year,Yes,Electronic check,50.6,1569.24,No
CUST-00100,Male,0,No,No,71,Yes,Yes,Fiber optic,No,No,Yes,Yes,Yes,No,Month-to-month,No,Bank transfer (automatic),29.82,2118.65,No
CUST-00101,Female,0,No,No,54,Yes,No,No,No internet service,No internet service,No internet service,No internet service,No internet service,No internet service,Month-to-month,Yes,Electronic check,115.72,6256.72,No
CUST-00102,Female,0,Yes,Yes,25,Yes,Yes,DSL,No,Yes,No,No,Yes,Yes,Month-to-month,No,Electronic check,72.06,1808.27,No
CUST-00103,Female,0,No,No,13,Yes,No,Fiber optic,No,Yes,No,Yes,No,Yes,Month-to-month,Yes,Electronic check,45.22,582.75,No
CUST-00104,Female,0,No,No,67,Yes,Yes,No,No internet service,No internet service,No internet service,No internet service,No internet service,No internet service,Two year,No,Mailed check,54.17,3635.4,No
CUST-00105,Female,0,No,Yes,62,Yes,No,No,No internet service,No internet service,No internet service,No internet service,No internet service,No internet service,Month-to-month,Yes,Mailed check,104.6,6492.08,No
CUST-00106,Female,0,No,No,13,Yes,Yes,No,No internet service,No internet service,No internet service,No internet service,No internet service,No internet service,One year,Yes,Bank transfer (automatic),85.37,1101.26,No
CUST-00107,Female,0,No,No,26,No,No phone service,Fiber optic,No,Yes,No,No,Yes,Yes,One year,Yes,Bank transfer (automatic),73.32,1906.45,Yes
CUST-00108,Female,0,No,Yes,40,Yes,Yes,DSL,Yes,Yes,No,No,No,Yes,Month-to-month,No,Credit card (automatic),90.48,3621.83,No
CUST-00109,Male,0,Yes,Yes,2,Yes,Yes,No,No internet service,No internet service,No internet service,No internet service,No internet service,No internet service,One year,No,Electronic check,93.58,173.16,No
CUST-00110,Female,0,Yes,Yes,58,Yes,No,No,No internet service,No internet service,No internet service,No internet service,No internet service,No internet service,Two year,No,Credit card (automatic),37.42,2166.96,No
CUST-00111,Male,0,No,No,22,Yes,No,Fiber optic,No,No,No,Yes,Yes,Yes,Month-to-month,No,Electronic check,33.87,741.56,No
CUST-00112,Female,0,No,No,17,Yes,No,DSL,Yes,No,No,Yes,No,Yes,One year,No,Credit card (automatic),114.67,1946.16,No
CUST-00113,Female,0,Yes,No,40,No,No phone service,Fiber optic,Yes,No,No,No,No,No,One year,Yes,Electronic check,36.57,1468.02,No
CUST-00114,Male,0,No,No,7,Yes,No,DSL,No,Yes,Yes,Yes,Yes,Yes,Two year,No,Credit card (automatic),64.48,451.08,No
CUST-00115,Female,1,No,No,31,Yes,Yes,Fiber optic,Yes,Yes,No,No,No,No,Month-to-month,No,Electronic check,116.28,3606.79,Yes
CUST-00116,Male,1,No,No,40,Yes,Yes,Fiber optic,No,No,No,Yes,No,Yes,Two year,No,Mailed check,59.72,2389.25,No
CUST-00117,Female,0,No,No,44,Yes,Yes,Fiber optic,Yes,No,No,No,Yes,No,Month-to-month,Yes,Electronic check,69.48,3069.46,No
CUST-00118,Female,1,No,No,8,Yes,No,Fiber optic,Yes,Yes,No,No,No,Yes,One year,Yes,Bank transfer (automatic),97.84,787.7,No
CUST-00119,Male,0,Yes,No,47,Yes,Yes,Fiber optic,Yes,No,No,Yes,Yes,Yes,Month-to-month,Yes,Bank transfer (automatic),52.04,2445.79,No
CUST-00120,Female,0,Yes,No,23,Yes,Yes,Fiber optic,No,No,Yes,No,No,Yes,Month-to-month,Yes,Credit card (automatic),61.1,1403.98,Yes
CUST-00121,Male,0,No,No,43,Yes,Yes,No,No internet service,No internet service,No internet service,No internet service,No internet service,No internet service,Month-to-month,Yes,Credit card (automatic),51.22,2198.98,No
CUST-00122,Female,0,Yes,No,57,Yes,Yes,Fiber optic,Yes,No,No,No,No,No,One year,Yes,Mailed check,46.74,2659.31,No
CUST-00123,Male,0,No,Yes,65,Yes,No,Fiber optic,No,No,No,Yes,No,Yes,One year,Yes,Credit card (automatic),65.18,4230.72,No
CUST-00124,Male,0,No,Yes,17,Yes,No,Fiber optic,No,No,Yes,Yes,Yes,Yes,Two year,No,Bank transfer (automatic),92.59,1578.94,No
CUST-00125,Female,0,No,No,28,Yes,No,Fiber optic,No,No,Yes,No,No,Yes,Month-to-month,Yes,Credit card (automatic),104.73,2927.96,No
CUST-00126,Female,0,No,Yes,1,Yes,No,No,No internet service,No internet service,No internet service,No internet service,No internet service,No internet service,One year,Yes,Bank transfer (automatic),65.01,68.22,No
CUST-00127,Male,0,No,No,67,Yes,No,Fiber optic,No,No,Yes,No,No,No,Month-to-month,No,Bank transfer (automatic),50.1,3354.18,No
CUST-00128,Female,1,No,No,38,Yes,Yes,Fiber optic,No,Yes,No,Yes,No,No,Month-to-month,Yes,Mailed check,109.16,4144.32,Yes
CUST-00129,Female,0,No,Yes,40,Yes,No,Fiber optic,No,No,No,No,No,Yes,Month-to-month,Yes,Mailed check,51.59,2061.95,No
CUST-00130,Female,0,No,Yes,70,Yes,No,Fiber optic,Yes,Yes,No,Yes,No,No,Month-to-month,No,Electronic check,95.5,6693.96,No
CUST-00131,Male,0,No,Yes,21,Yes,No,No,No internet service,No internet service,No internet service,No internet service,No internet service,No internet service,Month-to-month,Yes,Bank transfer (automatic),92.86,1965.25,No
CUST-00132,Male,0,Yes,Yes,48,Yes,No,Fiber optic,Yes,Yes,No,Yes,No,Yes,Month-to-month,Yes,Credit card (automatic),22.98,1101.21,No
CUST-00133,Male,0,No,No,27,Yes,No,DSL,No,No,Yes,No,No,No,Month-to-month,Yes,Bank transfer (automatic),35.76,963.23,No
CUST-00134,Male,0,Yes,No,15,Yes,Yes,Fiber optic,Yes,No,Yes,No,No,No,Two year,Yes,Bank transfer (automatic),75.28,1133.98,No
CUST-00135,Male,0,Yes,No,67,Yes,No,No,No internet service,No internet service,No internet service,No internet service,No internet service,No internet service,Month-to-month,No,Electronic check,104.76,7019.68,No
CUST-00136,Male,0,No,No,61,Yes,Yes,DSL,Yes,No,Yes,No,Yes,No,Two year,No,Mailed check,77.4,4718.13,No
CUST-00137,Male,0,Yes,No,35,Yes,No,Fiber optic,Yes,No,Yes,Yes,Yes,Yes,Month-to-month,Yes,Electronic check,92.27,3231.9,No
CUST-00138,Male,0,No,No,21,Yes,Yes,DSL,No,No,Yes,No,Yes,No,Two year,No,Electronic check,91.44,1924.08,No
CUST-00139,Male,0,No,No,10,Yes,Yes,No,No internet service,No internet service,No internet service,No internet service,No internet service,No internet service,Month-to-month,Yes,Bank transfer (automatic),67.44,673.2,No
CUST-00140,Female,0,No,No,41,Yes,No,Fiber optic,No,No,Yes,Yes,No,No,Two year,No,Electronic check,74.08,3036.22,No
CUST-00141,Male,0,No,Yes,54,No,No phone service,Fiber optic,Yes,No,Yes,Yes,No,No,Month-to-month,Yes,Bank transfer (automatic),25.13,1365.59,No
CUST-00142,Female,0,Yes,Yes,34,Yes,No,DSL,No,Yes,Yes,No,No,Yes,Two year,No,Mailed check,110.77,3762.08,No
CUST-00143,Female,1,Yes,Yes,56,Yes,Yes,Fiber optic,No,No,Yes,Yes,Yes,Yes,Month-to-month,Yes,Electronic check,85.43,4781.38,No
CUST-00144,Female,1,No,Yes,33,Yes,Yes,DSL,No,No,Yes,No,Yes,Yes,One year,No,Bank transfer (automatic),33.45,1101.54,No
CUST-00145,Male,1,Yes,No,69,Yes,No,Fiber optic,No,No,No,Yes,No,Yes,Month-to-month,Yes,Credit card (automatic),42.4,2934.1,Yes
CUST-00146,Male,0,Yes,Yes,3,Yes,Yes,Fiber optic,Yes,Yes,Yes,No,No,Yes,One year,No,Electronic check,18.47,45.53,No
CUST-00147,Male,0,Yes,No,45,Yes,No,Fiber optic,No,No,No,Yes,No,No,Month-to-month,Yes,Bank transfer (automatic),44.4,2002.11,No
CUST-00148,Male,0,No,No,10,Yes,Yes,No,No internet service,No internet service,No internet service,No internet service,No internet service,No internet service,Two year,Yes,Credit card (automatic),49.66,496.45,No
CUST-00149,Female,0,Yes,No,60,Yes,No,DSL,Yes,Yes,No,No,Yes,No,Two year,No,Electronic check,86.31,5187.67,No
CUST-00150,Male,0,Yes,No,34,Yes,Yes,DSL,Yes,No,Yes,Yes,Yes,Yes,Month-to-month,No,Bank transfer (automatic),65.67,2234.56,No
CUST-00151,Male,0,Yes,Yes,68,Yes,No,No,No internet service,No internet service,No internet service,No internet service,No internet service,No internet service,Month-to-month,Yes,Bank transfer (automatic),102.28,6944.28,No
CUST-00152,Male,1,No,No,56,Yes,Yes,Fiber optic,No,Yes,No,No,Yes,Yes,One year,Yes,Bank transfer (automatic),26.68,1502.14,No
CUST-00153,Male,0,Yes,Yes,10,Yes,Yes,DSL,No,No,Yes,Yes,No,No,Month-to-month,No,Bank transfer (automatic),88.7,885.82,No
CUST-00154,Male,1,Yes,No,11,Yes,No,DSL,No,No,No,No,No,Yes,Month-to-month,Yes,Mailed check,105.49,1150.19,Yes
CUST-00155,Female,0,No,No,42,Yes,Yes,Fiber optic,Yes,Yes,Yes,No,No,Yes,Month-to-month,Yes,Credit card (automatic),60.13,2523.43,No
CUST-00156,Male,0,Yes,No,18,Yes,Yes,DSL,No,No,Yes,Yes,No,No,Month-to-month,No,Credit card (automatic),46.87,843.84,No
CUST-00157,Female,0,No,No,67,Yes,No,No,No internet service,No internet service,No internet service,No internet service,No internet service,No internet service,One year,No,Mailed check,62.56,4186.27,No
CUST-00158,Male,0,No,No,58,Yes,No,Fiber optic,Yes,No,No,No,No,No,Month-to-month,Yes,Mailed check,96.88,5611.38,No
CUST-00159,Female,0,No,Yes,1,Yes,No,No,No internet service,No internet service,No internet service,No internet service,No internet service,No internet service,Two year,Yes,Credit card (automatic),109.9,111.38,No
CUST-00160,Male,0,No,Yes,7,Yes,Yes,No,No internet service,No internet service,No internet service,No internet service,No internet service,No internet service,Month-to-month,No,Credit card (automatic),24.56,165.7,No
CUST-00161,Male,0,No,No,21,Yes,Yes,Fiber optic,Yes,Yes,Yes,No,No,No,Month-to-month,Yes,Credit card (automatic),70.85,1482.72,Yes
CUST-00162,Female,0,No,No,20,Yes,No,Fiber optic,No,Yes,No,Yes,No,No,Month-to-month,No,Mailed check,81.97,1646.19,No
CUST-00163,Female,1,Yes,No,28,Yes,Yes,Fiber optic,No,Yes,Yes,Yes,Yes,No,Month-to-month,Yes,Bank transfer (automatic),19.75,551.35,No
CUST-00164,Female,0,No,Yes,36,Yes,Yes,No,No internet service,No internet service,No internet service,No internet service,No internet service,No internet service,Month-to-month,Yes,Mailed check,36.12,1294.23,No
CUST-00165,Male,1,Yes,No,28,Yes,Yes,Fiber optic,No,Yes,No,Yes,No,No,Month-to-month,Yes,Credit card (automatic),24.26,674.8,No
CUST-00166,Female,0,Yes,No,36,Yes,No,DSL,Yes,No,No,No,Yes,Yes,Month-to-month,No,Mailed check,47.04,1695.37,No
CUST-00167,Male,0,No,No,20,No,No phone service,Fiber optic,Yes,No,Yes,Yes,No,No,Month-to-month,No,Credit card (automatic),38.54,772.91,Yes
CUST-00168,Male,0,Yes,No,11,Yes,No,Fiber optic,Yes,Yes,Yes,No,No,Yes,One year,Yes,Electronic check,66.68,736.81,Yes
CUST-00169,Female,0,Yes,No,47,Yes,No,DSL,No,Yes,Yes,No,No,No,Month-to-month,Yes,Bank transfer (automatic),83.53,3929.93,No
CUST-00170,Female,0,Yes,Yes,46,Yes,Yes,Fiber optic,No,No,No,Yes,Yes,No,Month-to-month,No,Credit card (automatic),102.22,4703.79,No
CUST-00171,Male,0,No,No,14,Yes,No,DSL,No,Yes,No,Yes,No,Yes,Month-to-month,Yes,Electronic check,48.43,681.06,Yes
CUST-00172,Male,0,Yes,Yes,66,Yes,No,No,No internet service,No internet service,No internet service,No internet service,No internet service,No internet service,Month-to-month,No,Credit card (automatic),23.04,1518.26,Yes
CUST-00173,Female,0,Yes,Yes,12,Yes,Yes,DSL,No,No,No,Yes,No,No,Month-to-month,No,Mailed check,18.38,214.97,No
CUST-00174,Female,0,No,No,58,Yes,No,Fiber optic,No,Yes,No,No,No,Yes,Month-to-month,Yes,Mailed check,102.46,5949.47,No
CUST-00175,Female,0,Yes,No,12,Yes,Yes,Fiber optic,Yes,No,No,Yes,No,Yes,Month-to-month,Yes,Mailed check,105.81,1274.12,No
CUST-00176,Male,0,Yes,No,71,Yes,Yes,No,No internet service,No internet service,No internet service,No internet service,No internet service,No internet service,Month-to-month,No,Credit card (automatic),28.1,1993.69,No
CUST-00177,Male,0,Yes,No,18,Yes,Yes,DSL,Yes,Yes,No,No,Yes,Yes,Two year,Yes,Credit card (automatic),19.02,339.04,No
CUST-00178,Male,0,No,No,56,Yes,Yes,Fiber optic,No,No,No,Yes,Yes,No,Month-to-month,Yes,Mailed check,98.03,5501.11,No
CUST-00179,Male,0,Yes,Yes,31,Yes,Yes,Fiber optic,Yes,Yes,Yes,Yes,Yes,No,Month-to-month,No,Bank transfer (automatic),82.07,2539.65,No
CUST-00180,Male,0,Yes,No,20,Yes,No,DSL,Yes,No,Yes,No,Yes,Yes,Month-to-month,No,Bank transfer (automatic),73.61,1473.34,No
CUST-00181,Male,0,No,Yes,13,Yes,Yes,DSL,Yes,Yes,Yes,No,No,Yes,Two year,Yes,Mailed check,71.32,923.81,No
CUST-00182,Female,0,No,No,23,Yes,No,Fiber optic,No,Yes,No,No,No,Yes,Month-to-month,No,Credit card (automatic),95.38,2191.68,No
CUST-00183,Male,0,No,No,48,No,No phone service,Fiber optic,No,No,Yes,No,Yes,No,Month-to-month,No,Bank transfer (automatic),47.33,2268.09,No
CUST-00184,Male,0,Yes,No,31,Yes,Yes,Fiber optic,Yes,No,No,No,Yes,No,Month-to-month,Yes,Mailed check,56.91,1753.39,No
CUST-00185,Male,0,No,No,10,Yes,Yes,DSL,Yes,No,No,Yes,Yes,Yes,Two year,Yes,Mailed check,25.79,259.85,No
CUST-00186,Female,1,No,Yes,59,Yes,No,DSL,No,No,Yes,No,Yes,No,Two year,Yes,Electronic check,74.61,4405.27,No
CUST-00187,Male,0,No,No,67,Yes,Yes,No,No internet service,No internet service,No internet service,No internet service,No internet service,No internet service,Two year,No,Mailed check,114.08,7640.04,No
CUST-00188,Male,0,Yes,Yes,60,Yes,No,Fiber optic,No,Yes,Yes,No,Yes,No,Month-to-month,No,Credit card (automatic),46.39,2796.43,No
CUST-00189,Female,0,No,Yes,4,Yes,Yes,Fiber optic,Yes,No,No,Yes,No,No,Month-to-month,Yes,Electronic check,110.92,445.1,Yes
CUST-00190,Male,0,No,Yes,35,Yes,Yes,Fiber optic,No,No,Yes,No,No,No,Month-to-month,Yes,Electronic check,90.92,3183.04,No
CUST-00191,Male,0,No,No,63,Yes,Yes,Fiber optic,Yes,No,No,Yes,No,Yes,Month-to-month,Yes,Bank transfer (automatic),41.39,2609.5,No
CUST-00192,Male,0,No,No,31,No,No phone service,DSL,No,No,No,No,Yes,Yes,One year,Yes,Electronic check,84.29,2610.03,No
CUST-00193,Male,0,No,No,70,Yes,Yes,DSL,No,No,Yes,Yes,Yes,Yes,One year,No,Credit card (automatic),54.62,3818.51,No
CUST-00194,Male,0,Yes,No,65,Yes,Yes,DSL,Yes,No,Yes,Yes,Yes,No,Month-to-month,Yes,Bank transfer (automatic),30.23,1961.14,Yes
CUST-00195,Female,0,Yes,No,9,Yes,No,No,No internet service,No internet service,No internet service,No internet service,No internet service,No internet service,Two year,No,Bank transfer (automatic),27.27,242.7,No
CUST-00196,Female,0,No,No,20,Yes,No,No,No internet service,No internet service,No internet service,No internet service,No internet service,No internet service,Month-to-month,No,Mailed check,19.72,397.2,No
CUST-00197,Female,1,No,No,39,Yes,No,Fiber optic,No,No,No,No,No,Yes,Two year,Yes,Credit card (automatic),97.78,3811.53,No
CUST-00198,Male,0,No,No,41,Yes,Yes,DSL,Yes,Yes,Yes,Yes,No,Yes,Month-to-month,No,Credit card (automatic),106.48,4368.77,No
CUST-00199,Male,1,Yes,No,71,Yes,No,DSL,No,Yes,Yes,Yes,No,No,Month-to-month,Yes,Electronic check,66.25,4697.44,No
CUST-00200,Male,0,Yes,Yes,45,Yes,No,Fiber optic,Yes,Yes,Yes,No,No,No,One year,Yes,Credit card (automatic),69.99,3146.33,No
CUST-00201,Female,1,Yes,No,40,Yes,No,Fiber optic,Yes,Yes,Yes,Yes,Yes,No,Two year,No,Bank transfer (automatic),87.16,3482.84,No
CUST-00202,Male,1,Yes,No,3,Yes,Yes,Fiber optic,Yes,No,No,Yes,No,No,Month-to-month,No,Bank transfer (automatic),88.09,245.18,Yes
CUST-00203,Male,0,No,Yes,13,Yes,Yes,No,No internet service,No internet service,No internet service,No internet service,No internet service,No internet service,Month-to-month,No,Credit card (automatic),50.41,653.04,No
CUST-00204,Female,0,No,No,13,Yes,Yes,Fiber optic,Yes,Yes,No,Yes,No,No,Two year,No,Electronic check,33.92,435.77,No
CUST-00205,Male,0,No,Yes,52,No,No phone service,DSL,Yes,No,No,Yes,No,Yes,Month-to-month,Yes,Mailed check,61.04,3176.37,Yes
CUST-00206,Female,0,No,Yes,28,Yes,Yes,Fiber optic,No,Yes,Yes,Yes,Yes,No,Month-to-month,Yes,Credit card (automatic),87.7,2459.26,No
CUST-00207,Female,0,Yes,Yes,22,Yes,Yes,DSL,No,Yes,Yes,Yes,No,Yes,Month-to-month,Yes,Electronic check,98.42,2158.24,No
CUST-00208,Female,0,No,No,30,Yes,No,DSL,Yes,Yes,Yes,No,No,Yes,One year,Yes,Electronic check,26.92,806.37,No
CUST-00209,Male,0,Yes,No,70,Yes,Yes,No,No internet service,No internet service,No internet service,No internet service,No internet service,No internet service,One year,No,Electronic check,76.83,5371.7,No
CUST-00210,Male,0,Yes,No,60,No,No phone service,Fiber optic,No,Yes,No,Yes,Yes,No,Month-to-month,Yes,Mailed check,23.41,1406.22,No
CUST-00211,Male,1,No,Yes,22,Yes,No,DSL,Yes,No,No,Yes,Yes,No,Two year,Yes,Mailed check,100.48,2207.12,No
CUST-00212,Male,0,Yes,No,7,Yes,No,DSL,No,No,Yes,No,Yes,No,Month-to-month,Yes,Mailed check,84.68,590.09,No
CUST-00213,Male,0,Yes,No,15,Yes,No,Fiber optic,No,No,No,No,No,Yes,Month-to-month,Yes,Electronic check,87.66,1313.82,No
CUST-00214,Male,0,No,Yes,25,Yes,No,Fiber optic,Yes,No,No,Yes,Yes,No,Month-to-month,No,Mailed check,94.17,2355.68,No
CUST-00215,Male,1,Yes,No,28,Yes,No,Fiber optic,Yes,No,No,Yes,No,No,One year,Yes,Electronic check,67.56,1891.96,Yes
CUST-00216,Female,0,Yes,Yes,5,Yes,No,DSL,Yes,Yes,Yes,No,Yes,No,Month-to-month,Yes,Credit card (automatic),47.89,241.42,No
CUST-00217,Male,0,No,Yes,36,Yes,No,Fiber optic,Yes,No,No,Yes,Yes,No,Month-to-month,No,Electronic check,96.57,3480.11,No
CUST-00218,Female,0,Yes,No,32,Yes,No,DSL,No,Yes,Yes,No,No,No,Two year,No,Credit card (automatic),95.74,3063.01,No
CUST-00219,Male,0,Yes,No,45,Yes,Yes,Fiber optic,No,No,Yes,Yes,Yes,No,Month-to-month,Yes,Credit card (automatic),31.49,1411.87,No
CUST-00220,Male,0,No,Yes,60,Yes,Yes,DSL,Yes,Yes,No,Yes,Yes,Yes,Month-to-month,No,Mailed check,108.28,6488.79,No
CUST-00221,Male,1,Yes,Yes,40,Yes,Yes,DSL,Yes,Yes,Yes,No,No,Yes,Month-to-month,No,Mailed check,40.12,1600.99,No
CUST-00222,Female,0,No,Yes,17,Yes,Yes,DSL,No,Yes,Yes,No,No,Yes,Month-to-month,Yes,Electronic check,48.65,828.17,Yes
CUST-00223,Female,0,Yes,Yes,15,Yes,Yes,DSL,Yes,Yes,Yes,No,No,No,Month-to-month,Yes,Credit card (automatic),39.59,586.93,No
CUST-00224,Female,1,Yes,Yes,50,Yes,No,DSL,No,Yes,Yes,Yes,Yes,Yes,Two year,Yes,Credit card (automatic),114.56,5733.37,No
CUST-00225,Female,0,No,No,36,Yes,No,No,No internet service,No internet service,No internet service,No internet service,No internet service,No internet service,Two year,Yes,Bank transfer (automatic),47.95,1720.95,Yes
CUST-00226,Male,0,No,No,13,Yes,No,DSL,No,No,Yes,Yes,No,Yes,Two year,Yes,Credit card (automatic),115.14,1496.26,No
CUST-00227,Female,1,Yes,No,67,Yes,Yes,Fiber optic,No,No,Yes,Yes,Yes,Yes,Month-to-month,Yes,Mailed check,81.79,5487.31,No
CUST-00228,Male,0,No,No,29,Yes,Yes,Fiber optic,No,Yes,Yes,Yes,No,No,One year,No,Mailed check,35.66,1033.23,No
CUST-00229,Male,0,Yes,No,59,Yes,No,DSL,No,Yes,Yes,Yes,Yes,Yes,Two year,No,Credit card (automatic),73.38,4323.96,No
CUST-00230,Female,0,No,Yes,52,Yes,No,Fiber optic,Yes,No,Yes,Yes,No,No,One year,No,Credit card (automatic),106.23,5511.41,No
CUST-00231,Female,0,Yes,Yes,35,Yes,Yes,No,No internet service,No internet service,No internet service,No internet service,No internet service,No internet service,Two year,Yes,Electronic check,74.17,2597.98,No
CUST-00232,Female,0,Yes,No,29,Yes,Yes,DSL,No,No,No,Yes,No,Yes,Month-to-month,Yes,Bank transfer (automatic),31.26,908.09,No
CUST-00233,Female,0,Yes,Yes,63,Yes,No,No,No internet service,No internet service,No internet service,No internet service,No internet service,No internet service,One year,No,Bank transfer (automatic),46.69,2944.35,No
CUST-00234,Female,0,Yes,Yes,13,Yes,Yes,No,No internet service,No internet service,No internet service,No internet service,No internet service,No internet service,One year,No,Electronic check,40.48,526.81,No
CUST-00235,Female,1,Yes,Yes,22,Yes,Yes,No,No internet service,No internet service,No internet service,No internet service,No internet service,No internet service,Two year,Yes,Electronic check,30.59,670.3,No
CUST-00236,Female,0,No,No,47,Yes,No,DSL,Yes,No,Yes,No,Yes,Yes,Two year,Yes,Bank transfer (automatic),50.73,2380.38,No
CUST-00237,Female,1,No,No,27,Yes,No,Fiber optic,Yes,No,Yes,Yes,No,No,Month-to-month,No,Bank transfer (automatic),84.11,2271.18,No
CUST-00238,Male,0,Yes,No,6,Yes,Yes,Fiber optic,Yes,No,No,Yes,No,Yes,Month-to-month,No,Electronic check,56.25,342.45,Yes
CUST-00239,Female,0,Yes,No,41,Yes,No,DSL,Yes,Yes,No,Yes,Yes,No,Month-to-month,Yes,Credit card (automatic),62.38,2542.78,No
CUST-00240,Female,0,No,No,9,Yes,No,Fiber optic,No,No,No,Yes,Yes,No,Month-to-month,Yes,Credit card (automatic),50.07,455.32,No
CUST-00241,Male,0,No,No,67,Yes,Yes,No,No internet service,No internet service,No internet service,No internet service,No internet service,No internet service,Two year,Yes,Mailed check,117.45,7867.7,No
CUST-00242,Female,0,No,Yes,43,Yes,Yes,No,No internet service,No internet service,No internet service,No internet service,No internet service,No internet service,Month-to-month,No,Bank transfer (automatic),76.62,3293.82,Yes
CUST-00243,Male,1,No,Yes,12,Yes,No,DSL,Yes,Yes,No,Yes,Yes,Yes,Two year,No,Bank transfer (automatic),101.39,1220.16,No
CUST-00244,Male,0,No,Yes,32,Yes,Yes,DSL,Yes,Yes,No,Yes,Yes,Yes,One year,Yes,Bank transfer (automatic),62.13,1987.31,No
CUST-00245,Female,0,Yes,Yes,31,Yes,No,DSL,No,No,Yes,No,Yes,No,Two year,Yes,Bank transfer (automatic),34.86,1081.79,No
CUST-00246,Male,0,Yes,Yes,47,Yes,No,DSL,No,Yes,No,Yes,No,Yes,Two year,Yes,Electronic check,102.68,4817.79,No
CUST-00247,Male,0,No,Yes,4,Yes,Yes,Fiber optic,No,No,No,No,No,Yes,Two year,Yes,Credit card (automatic),94.34,375.97,Yes
CUST-00248,Male,0,No,No,60,Yes,No,No,No internet service,No internet service,No internet service,No internet service,No internet service,No internet service,One year,Yes,Credit card (automatic),50.98,3061.33,No
CUST-00249,Male,0,No,No,2,No,No phone service,Fiber optic,No,No,Yes,Yes,Yes,No,Two year,No,Mailed check,78.64,155.32,No
CUST-00250,Female,0,No,No,23,Yes,Yes,No,No internet service,No internet service,No internet service,No internet service,No internet service,No internet service,Two year,Yes,Bank transfer (automatic),27.35,627.39,No
CUST-00251,Male,0,No,No,33,Yes,Yes,Fiber optic,Yes,No,Yes,Yes,No,Yes,Month-to-month,Yes,Mailed check,20.63,681.61,No
CUST-00252,Female,0,No,No,41,Yes,Yes,Fiber optic,No,Yes,Yes,No,Yes,Yes,Month-to-month,Yes,Credit card (automatic),99.58,4084.94,No
CUST-00253,Male,0,No,No,19,Yes,No,Fiber optic,Yes,Yes,Yes,No,Yes,Yes,Two year,Yes,Electronic check,112.19,2139.22,No
CUST-00254,Male,0,No,No,40,Yes,No,No,No internet service,No internet service,No internet service,No internet service,No internet service,No internet service,Month-to-month,No,Credit card (automatic),52.41,2098.6,No
CUST-00255,Male,1,No,Yes,19,Yes,No,No,No internet service,No internet service,No internet service,No internet service,No internet service,No internet service,Two year,Yes,Credit card (automatic),77.76,1484.2,No
CUST-00256,Male,0,Yes,Yes,5,Yes,Yes,Fiber optic,No,Yes,No,Yes,No,No,One year,Yes,Electronic check,89.73,448.16,No
CUST-00257,Female,0,No,No,56,Yes,No,No,No internet service,No internet service,No internet service,No internet service,No internet service,No internet service,Month-to-month,No,Electronic check,92.6,5173.76,No
CUST-00258,Female,0,No,No,41,Yes,No,Fiber optic,Yes,Yes,No,No,No,No,One year,No,Credit card (automatic),66.11,2708.37,No
CUST-00259,Male,0,Yes,Yes,24,Yes,Yes,No,No internet service,No internet service,No internet service,No internet service,No internet service,No internet service,One year,Yes,Credit card (automatic),79.33,1899.87,No
CUST-00260,Male,1,Yes,Yes,40,Yes,Yes,Fiber optic,Yes,No,Yes,No,Yes,No,Month-to-month,No,Mailed check,83.71,3348.08,No
CUST-00261,Female,0,Yes,No,40,Yes,No,DSL,No,No,No,Yes,No,No,One year,Yes,Bank transfer (automatic),28.33,1131.59,No
CUST-00262,Male,0,No,Yes,2,No,No phone service,No,No internet service,No internet service,No internet service,No internet service,No internet service,No internet service,Two year,Yes,Electronic check,82.51,166.34,No
CUST-00263,Male,0,No,No,42,Yes,Yes,DSL,No,No,No,Yes,Yes,No,Two year,No,Bank transfer (automatic),69.09,2898.43,No
CUST-00264,Male,0,No,Yes,45,Yes,Yes,No,No internet service,No internet service,No internet service,No internet service,No internet service,No internet service,One year,Yes,Mailed check,55.85,2514.33,No
CUST-00265,Female,0,No,No,56,Yes,Yes,Fiber optic,No,Yes,No,No,Yes,No,Month-to-month,Yes,Electronic check,44.17,2475.37,No
CUST-00266,Female,0,Yes,Yes,50,Yes,No,Fiber optic,Yes,Yes,No,No,No,Yes,One year,No,Electronic check,81.79,4089.68,No
CUST-00267,Female,0,No,No,4,Yes,No,DSL,Yes,No,No,No,No,No,Month-to-month,Yes,Bank transfer (automatic),34.68,131.4,No
CUST-00268,Male,0,No,Yes,14,Yes,Yes,DSL,Yes,Yes,Yes,No,No,No,Two year,No,Electronic check,99.08,1391.59,No
CUST-00269,Male,0,Yes,No,38,Yes,Yes,No,No internet service,No internet service,No internet service,No internet service,No internet service,No internet service,Two year,Yes,Credit card (automatic),35.18,1339.94,No
CUST-00270,Female,1,No,No,69,Yes,No,DSL,Yes,No,No,No,Yes,No,Month-to-month,No,Mailed check,95.16,6565.08,No
CUST-00271,Female,0,No,No,37,Yes,Yes,No,No internet service,No internet service,No internet service,No internet service,No internet service,No internet service,One year,No,Mailed check,99.74,3681.32,No
CUST-00272,Female,0,No,No,38,Yes,Yes,Fiber optic,No,No,Yes,No,No,No,Month-to-month,Yes,Electronic check,111.97,4256.37,Yes
CUST-00273,Female,0,No,No,51,Yes,Yes,Fiber optic,Yes,No,No,No,No,No,Month-to-month,Yes,Electronic check,64.33,3278.19,No
CUST-00274,Male,1,Yes,No,2,Yes,No,Fiber optic,Yes,Yes,Yes,No,Yes,No,Month-to-month,No,Bank transfer (automatic),24.37,45.99,No
CUST-00275,Female,0,Yes,No,28,Yes,No,DSL,Yes,Yes,No,Yes,No,Yes,Month-to-month,Yes,Mailed check,85.77,2401.17,No
CUST-00276,Male,1,Yes,No,30,Yes,Yes,Fiber optic,No,Yes,No,Yes,No,Yes,One year,Yes,Credit card (automatic),46.26,1395.08,Yes
CUST-00277,Female,0,Yes,No,65,Yes,No,Fiber optic,Yes,Yes,Yes,Yes,Yes,No,Two year,Yes,Credit card (automatic),27.27,1773.28,No
CUST-00278,Male,0,No,Yes,44,Yes,Yes,No,No internet service,No internet service,No internet service,No internet service,No internet service,No internet service,Month-to-month,Yes,Bank transfer (automatic),103.58,4556.97,No
CUST-00279,Female,0,No,No,21,Yes,No,Fiber optic,Yes,Yes,No,Yes,Yes,Yes,Two year,Yes,Mailed check,31.97,668.76,Yes
CUST-00280,Female,0,No,No,9,Yes,No,DSL,No,Yes,No,No,No,No,Month-to-month,No,Mailed check,68.64,617.92,No
CUST-00281,Female,0,Yes,No,20,Yes,Yes,No,No internet service,No internet service,No internet service,No internet service,No internet service,No internet service,Month-to-month,Yes,Credit card (automatic),96.85,1936.99,No
CUST-00282,Female,0,Yes,No,16,Yes,Yes,Fiber optic,No,Yes,No,No,No,No,One year,Yes,Mailed check,37.91,609.58,No
CUST-00283,Male,0,Yes,No,66,Yes,No,Fiber optic,Yes,No,No,Yes,Yes,Yes,One year,No,Mailed check,107.66,7102.9,No
CUST-00284,Female,0,No,No,6,Yes,No,No,No internet service,No internet service,No internet service,No internet service,No internet service,No internet service,Month-to-month,No,Mailed check,51.16,302.9,No
CUST-00285,Male,0,No,No,35,Yes,Yes,Fiber optic,Yes,No,Yes,Yes,No,Yes,Month-to-month,Yes,Credit card (automatic),57.64,2015.19,No
CUST-00286,Male,0,Yes,No,66,Yes,Yes,Fiber optic,Yes,Yes,No,Yes,Yes,Yes,One year,Yes,Electronic check,31.15,2055.46,No
CUST-00287,Male,0,Yes,No,29,Yes,Yes,Fiber optic,No,Yes,Yes,No,Yes,No,Two year,Yes,Mailed check,82.45,2390.94,No
CUST-00288,Male,0,No,No,70,Yes,Yes,DSL,No,No,No,No,No,No,Month-to-month,Yes,Electronic check,67.53,4727.05,No
CUST-00289,Female,0,No,No,28,Yes,Yes,Fiber optic,Yes,No,No,No,Yes,Yes,Month-to-month,No,Electronic check,115.42,3226.81,No
CUST-00290,Male,0,No,No,71,Yes,No,DSL,Yes,Yes,No,No,Yes,No,Month-to-month,No,Bank transfer (automatic),87.83,6235.5,No
CUST-00291,Male,1,Yes,No,32,Yes,Yes,Fiber optic,Yes,No,No,Yes,Yes,No,Month-to-month,Yes,Electronic check,93.9,3008.22,No
CUST-00292,Male,0,Yes,No,58,No,No phone service,DSL,Yes,Yes,Yes,Yes,Yes,No,Two year,No,Bank transfer (automatic),37.91,2205.14,No
CUST-00293,Female,0,Yes,Yes,19,Yes,Yes,DSL,Yes,Yes,Yes,No,Yes,Yes,Month-to-month,No,Mailed check,89.28,1701.24,No
CUST-00294,Female,0,Yes,No,28,Yes,No,No,No internet service,No internet service,No internet service,No internet service,No internet service,No internet service,One year,Yes,Credit card (automatic),73.74,2064.42,No
CUST-00295,Female,1,No,No,52,Yes,No,Fiber optic,No,No,No,No,No,No,Two year,Yes,Electronic check,58.38,3034.97,No
CUST-00296,Female,0,No,Yes,0,Yes,No,Fiber optic,No,Yes,No,Yes,Yes,Yes,Two year,No,Electronic check,96.27,6.22,No
CUST-00297,Male,0,No,Yes,33,Yes,Yes,Fiber optic,No,Yes,Yes,Yes,Yes,No,Month-to-month,No,Credit card (automatic),115.85,3822.5,No
CUST-00298,Male,1,Yes,No,43,Yes,Yes,Fiber optic,No,No,No,Yes,Yes,No,Two year,No,Bank transfer (automatic),27.48,1185.98,No
CUST-00299,Female,0,No,No,13,Yes,No,Fiber optic,Yes,No,Yes,Yes,No,Yes,Two year,Yes,Bank transfer (automatic),96.89,1259.42,No
CUST-00300,Male,0,No,No,36,Yes,No,No,No internet service,No internet service,No internet service,No internet service,No internet service,No internet service,One year,Yes,Bank transfer (automatic),109.95,3946.2,No
CUST-00301,Male,0,No,No,34,Yes,Yes,DSL,No,Yes,No,No,Yes,No,One year,Yes,Electronic check,49.52,1687.0,No
CUST-00302,Male,0,No,No,58,Yes,No,Fiber optic,No,No,Yes,Yes,No,Yes,One year,No,Mailed check,54.3,3154.23,No
CUST-00303,Female,0,No,No,23,Yes,No,DSL,No,No,No,No,Yes,No,Two year,Yes,Bank transfer (automatic),97.48,2240.4,No
CUST-00304,Female,0,Yes,Yes,64,Yes,Yes,Fiber optic,Yes,No,Yes,Yes,No,No,One year,Yes,Bank transfer (automatic),113.36,7249.25,No
CUST-00305,Male,0,No,No,5,Yes,No,No,No internet service,No internet service,No internet service,No internet service,No internet service,No internet service,Month-to-month,Yes,Credit card (automatic),111.89,567.06,Yes
CUST-00306,Female,1,No,Yes,67,Yes,Yes,No,No internet service,No internet service,No internet service,No internet service,No internet service,No internet service,Two year,No,Mailed check,23.56,1577.79,No
CUST-00307,Female,0,Yes,No,37,Yes,No,Fiber optic,Yes,Yes,No,No,No,Yes,Month-to-month,Yes,Mailed check,105.14,3888.46,No
CUST-00308,Female,0,Yes,No,0,Yes,No,DSL,Yes,Yes,Yes,Yes,Yes,Yes,One year,Yes,Mailed check,76.65,2.24,No
CUST-00309,Female,0,No,No,40,Yes,Yes,Fiber optic,No,Yes,Yes,No,Yes,Yes,One year,No,Mailed check,60.11,2418.08,No
CUST-00310,Female,0,No,No,30,Yes,No,Fiber optic,No,No,No,No,Yes,Yes,One year,No,Mailed check,102.55,3078.92,No
CUST-00311,Male,0,No,Yes,35,Yes,Yes,DSL,No,Yes,No,Yes,No,Yes,One year,Yes,Bank transfer (automatic),98.04,3432.29,No
CUST-00312,Female,0,No,No,53,Yes,No,Fiber optic,Yes,No,Yes,No,Yes,Yes,Month-to-month,Yes,Credit card (automatic),68.93,3653.64,No
CUST-00313,Male,0,Yes,Yes,30,Yes,No,Fiber optic,No,Yes,Yes,Yes,No,No,Month-to-month,Yes,Bank transfer (automatic),59.07,1780.37,No
CUST-00314,Male,0,No,Yes,28,Yes,Yes,DSL,Yes,Yes,Yes,Yes,Yes,Yes,Month-to-month,Yes,Mailed check,65.25,1829.64,No
CUST-00315,Female,0,Yes,No,2,Yes,Yes,Fiber optic,Yes,Yes,Yes,No,No,Yes,Two year,No,Credit card (automatic),49.84,104.0,No
CUST-00316,Male,0,No,Yes,57,Yes,No,DSL,No,No,Yes,No,Yes,No,One year,Yes,Electronic check,86.05,4906.37,No
CUST-00317,Male,0,No,No,60,Yes,Yes,DSL,No,Yes,No,Yes,Yes,Yes,Month-to-month,Yes,Electronic check,107.2,6434.68,No
CUST-00318,Male,0,No,No,5,Yes,Yes,Fiber optic,Yes,No,Yes,No,Yes,Yes,Month-to-month,Yes,Mailed check,43.05,213.86,No
CUST-00319,Female,0,Yes,Yes,19,Yes,Yes,DSL,Yes,No,Yes,Yes,Yes,Yes,Month-to-month,Yes,Bank transfer (automatic),100.55,1911.3,No
CUST-00320,Female,1,No,Yes,60,Yes,Yes,No,No internet service,No internet service,No internet service,No internet service,No internet service,No internet service,Month-to-month,Yes,Credit card (automatic),54.07,3240.77,No
CUST-00321,Male,0,No,No,45,Yes,No,Fiber optic,Yes,No,Yes,No,No,No,Two year,Yes,Credit card (automatic),31.18,1400.56,No
CUST-00322,Female,0,Yes,No,12,Yes,No,No,No internet service,No internet service,No internet service,No internet service,No internet service,No internet service,Two year,No,Bank transfer (automatic),22.05,267.05,No
CUST-00323,Female,0,No,No,22,Yes,Yes,Fiber optic,Yes,Yes,No,Yes,Yes,Yes,Month-to-month,Yes,Mailed check,65.94,1447.16,Yes
CUST-00324,Female,0,Yes,No,30,Yes,No,DSL,No,No,Yes,Yes,No,Yes,Month-to-month,No,Electronic check,74.83,2245.55,Yes
CUST-00325,Female,0,No,No,3,Yes,No,Fiber optic,No,Yes,Yes,Yes,Yes,Yes,Month-to-month,No,Electronic check,18.6,53.96,Yes
CUST-00326,Male,1,Yes,No,65,Yes,No,No,No internet service,No internet service,No internet service,No internet service,No internet service,No internet service,One year,No,Mailed check,83.26,5406.28,No
CUST-00327,Male,1,Yes,Yes,15,Yes,No,Fiber optic,No,No,Yes,Yes,Yes,Yes,One year,Yes,Credit card (automatic),69.85,1048.89,No
CUST-00328,Female,0,Yes,No,30,Yes,No,Fiber optic,Yes,No,No,No,Yes,No,Two year,Yes,Bank transfer (automatic),117.74,3536.08,No
CUST-00329,Female,0,No,No,47,Yes,No,Fiber optic,Yes,No,No,No,Yes,Yes,One year,No,Mailed check,28.45,1330.57,No
CUST-00330,Male,0,Yes,No,42,Yes,Yes,DSL,No,No,No,No,Yes,No,Month-to-month,Yes,Credit card (automatic),88.5,3720.04,No
CUST-00331,Male,0,Yes,No,3,Yes,No,DSL,No,Yes,Yes,Yes,No,Yes,Two year,No,Bank transfer (automatic),39.7,113.52,No
CUST-00332,Female,0,No,No,61,Yes,No,DSL,No,Yes,Yes,Yes,No,Yes,Month-to-month,Yes,Credit card (automatic),38.63,2363.21,No
CUST-00333,Male,0,Yes,Yes,47,Yes,Yes,Fiber optic,No,No,Yes,No,No,No,One year,Yes,Credit card (automatic),19.87,936.73,No
CUST-00334,Female,0,No,No,27,Yes,Yes,DSL,No,Yes,Yes,Yes,No,Yes,Month-to-month,Yes,Electronic check,18.65,496.97,No
CUST-00335,Female,0,No,No,15,Yes,No,Fiber optic,Yes,No,No,Yes,Yes,Yes,Month-to-month,No,Mailed check,36.66,554.16,No
CUST-00336,Male,0,Yes,No,68,Yes,No,Fiber optic,Yes,Yes,Yes,No,No,No,Month-to-month,Yes,Credit card (automatic),35.55,2414.33,Yes
CUST-00337,Male,1,Yes,Yes,29,Yes,No,Fiber optic,No,No,Yes,Yes,No,Yes,Month-to-month,Yes,Electronic check,18.04,518.33,Yes
CUST-00338,Female,0,No,No,64,Yes,No,DSL,No,No,No,No,Yes,Yes,One year,Yes,Mailed check,89.71,5745.05,No
CUST-00339,Female,0,Yes,No,68,Yes,Yes,Fiber optic,No,No,Yes,Yes,No,Yes,Month-to-month,No,Mailed check,68.37,4655.19,Yes
CUST-00340,Male,0,Yes,No,13,Yes,Yes,Fiber optic,No,No,Yes,No,Yes,No,Month-to-month,No,Bank transfer (automatic),57.61,751.31,No
CUST-00341,Female,1,Yes,Yes,33,Yes,Yes,No,No internet service,No internet service,No internet service,No internet service,No internet service,No internet service,Two year,Yes,Mailed check,28.38,934.68,No
CUST-00342,Male,1,Yes,No,55,No,No phone service,Fiber optic,No,Yes,Yes,Yes,No,Yes,Two year,No,Electronic check,51.39,2827.3,No
CUST-00343,Female,0,No,Yes,28,Yes,Yes,DSL,No,No,No,Yes,Yes,No,One year,Yes,Electronic check,65.06,1818.77,No
CUST-00344,Male,0,No,No,24,Yes,Yes,DSL,No,No,No,No,Yes,No,Month-to-month,Yes,Mailed check,117.8,2826.33,Yes
CUST-00345,Male,0,Yes,No,65,Yes,No,Fiber optic,Yes,Yes,Yes,Yes,No,No,Two year,Yes,Electronic check,69.06,4490.94,No
CUST-00346,Male,0,No,Yes,39,Yes,No,Fiber optic,No,No,No,No,Yes,No,One year,No,Credit card (automatic),19.95,770.92,No
CUST-00347,Female,0,Yes,No,14,Yes,No,DSL,No,Yes,Yes,No,Yes,Yes,One year,Yes,Credit card (automatic),38.77,545.01,No
CUST-00348,Female,0,Yes,No,31,Yes,Yes,Fiber optic,No,No,No,Yes,No,Yes,Two year,No,Bank transfer (automatic),53.45,1649.89,No
CUST-00349,Male,0,Yes,No,19,Yes,No,DSL,Yes,No,No,No,No,No,Month-to-month,No,Credit card (automatic),63.59,1201.84,Yes
CUST-00350,Female,0,Yes,No,52,No,No phone service,Fiber optic,No,Yes,No,No,No,No,Month-to-month,Yes,Mailed check,85.43,4445.63,No
CUST-00351,Male,0,No,No,66,Yes,Yes,DSL,Yes,Yes,Yes,Yes,No,Yes,Two year,No,Credit card (automatic),77.06,5081.74,No
CUST-00352,Male,1,Yes,No,48,Yes,No,No,No internet service,No internet service,No internet service,No internet service,No internet service,No internet service,Two year,No,Bank transfer (automatic),68.93,3303.68,No
CUST-00353,Female,0,No,No,66,Yes,No,DSL,Yes,Yes,Yes,No,No,Yes,Two year,No,Electronic check,101.79,6716.66,No
CUST-00354,Female,0,Yes,No,0,Yes,No,Fiber optic,Yes,No,Yes,No,No,Yes,Two year,Yes,Mailed check,37.62,0.0,No
CUST-00355,Male,0,No,No,38,Yes,No,Fiber optic,No,No,No,Yes,Yes,Yes,Month-to-month,No,Bank transfer (automatic),25.79,981.18,Yes
CUST-00356,Female,0,No,Yes,60,Yes,Yes,DSL,No,Yes,No,No,No,Yes,Two year,Yes,Credit card (automatic),101.82,6110.07,No
CUST-00357,Female,0,No,No,54,Yes,No,No,No internet service,No internet service,No internet service,No internet service,No internet service,No internet service,Two year,No,Mailed check,64.22,3462.95,No
CUST-00358,Male,0,No,No,68,Yes,Yes,Fiber optic,Yes,No,No,No,No,Yes,Month-to-month,Yes,Mailed check,73.34,4978.57,No
CUST-00359,Male,1,Yes,No,1,Yes,Yes,DSL,Yes,No,No,No,No,Yes,One year,Yes,Electronic check,101.74,100.73,No
CUST-00360,Female,0,No,No,16,Yes,No,Fiber optic,No,No,No,Yes,Yes,Yes,One year,Yes,Credit card (automatic),112.58,1806.78,No
CUST-00361,Male,0,Yes,No,28,Yes,Yes,No,No internet service,No internet service,No internet service,No internet service,No internet service,No internet service,Month-to-month,Yes,Credit card (automatic),73.2,2049.27,No
CUST-00362,Male,0,No,No,3,Yes,No,No,No internet service,No internet service,No internet service,No internet service,No internet service,No internet service,Month-to-month,Yes,Credit card (automatic),99.23,295.95,No
CUST-00363,Female,0,No,No,63,No,No phone service,Fiber optic,Yes,No,No,Yes,No,No,Month-to-month,No,Credit card (automatic),72.48,4574.89,No
CUST-00364,Male,0,No,No,42,Yes,Yes,Fiber optic,No,Yes,Yes,No,No,No,Month-to-month,Yes,Bank transfer (automatic),21.33,899.62,No
CUST-00365,Male,0,Yes,Yes,11,Yes,Yes,DSL,No,No,Yes,No,Yes,No,Month-to-month,Yes,Electronic check,113.59,1240.85,No
CUST-00366,Female,0,No,No,49,Yes,No,No,No internet service,No internet service,No internet service,No internet service,No internet service,No internet service,Month-to-month,Yes,Mailed check,99.78,4887.83,No
CUST-00367,Female,0,Yes,No,67,Yes,No,DSL,Yes,Yes,Yes,No,Yes,No,Month-to-month,Yes,Credit card (automatic),93.34,6254.9,No
CUST-00368,Male,0,Yes,No,60,Yes,No,DSL,Yes,No,No,Yes,Yes,Yes,Two year,Yes,Electronic check,62.18,3725.46,No
CUST-00369,Male,0,Yes,No,50,Yes,No,No,No internet service,No internet service,No internet service,No internet service,No internet service,No internet service,Month-to-month,No,Mailed check,112.25,5611.04,No
CUST-00370,Female,0,No,Yes,4,Yes,Yes,DSL,Yes,No,Yes,No,No,Yes,Month-to-month,Yes,Credit card (automatic),66.98,268.03,Yes
CUST-00371,Female,0,No,Yes,27,Yes,No,Fiber optic,No,No,No,No,Yes,No,Two year,Yes,Mailed check,90.08,2431.04,Yes
CUST-00372,Female,0,No,No,9,Yes,Yes,Fiber optic,No,Yes,Yes,Yes,No,Yes,Month-to-month,Yes,Credit card (automatic),28.06,246.49,Yes
CUST-00373,Female,0,No,No,51,Yes,No,No,No internet service,No internet service,No internet service,No internet service,No internet service,No internet service,Month-to-month,Yes,Credit card (automatic),39.89,2041.73,Yes
CUST-00374,Male,1,No,No,16,Yes,Yes,Fiber optic,Yes,No,No,No,No,Yes,Month-to-month,No,Mailed check,60.42,968.05,Yes
CUST-00375,Female,0,No,No,64,Yes,Yes,Fiber optic,Yes,No,Yes,No,Yes,No,Month-to-month,No,Credit card (automatic),76.13,4868.02,No
CUST-00376,Female,0,No,Yes,20,Yes,Yes,DSL,No,No,Yes,No,No,No,Month-to-month,Yes,Bank transfer (automatic),98.56,1975.58,No
CUST-00377,Male,1,Yes,Yes,53,Yes,Yes,DSL,No,No,No,No,No,No,Two year,Yes,Bank transfer (automatic),42.09,2230.36,No
CUST-00378,Female,0,No,No,48,No,No phone service,No,No internet service,No internet service,No internet service,No internet service,No internet service,No internet service,One year,No,Mailed check,95.44,4586.08,No
CUST-00379,Male,0,Yes,No,21,Yes,Yes,Fiber optic,No,No,No,Yes,No,No,Month-to-month,No,Credit card (automatic),107.0,2246.48,No
CUST-00380,Female,0,Yes,No,68,Yes,No,DSL,No,Yes,No,Yes,Yes,Yes,Month-to-month,Yes,Mailed check,99.85,6782.42,No
CUST-00381,Female,0,No,No,63,Yes,Yes,Fiber optic,No,No,No,No,No,Yes,Month-to-month,Yes,Electronic check,80.24,5049.78,Yes
CUST-00382,Female,0,No,No,35,No,No phone service,DSL,No,Yes,No,Yes,Yes,No,Month-to-month,Yes,Electronic check,99.0,3470.71,No
CUST-00383,Male,0,Yes,Yes,20,Yes,No,Fiber optic,Yes,No,No,Yes,No,No,Month-to-month,No,Electronic check,105.75,2120.16,No
CUST-00384,Male,0,Yes,No,55,Yes,No,DSL,No,Yes,No,No,Yes,Yes,Two year,Yes,Credit card (automatic),73.51,4036.4,No
CUST-00385,Female,0,No,No,47,No,No phone service,DSL,No,No,Yes,No,Yes,No,Month-to-month,Yes,Mailed check,99.02,4660.91,No
CUST-00386,Male,1,Yes,Yes,17,Yes,Yes,Fiber optic,No,Yes,Yes,No,No,Yes,Two year,Yes,Electronic check,60.11,1027.0,No
CUST-00387,Male,0,Yes,No,14,Yes,Yes,No,No internet service,No internet service,No internet service,No internet service,No internet service,No internet service,Month-to-month,Yes,Credit card (automatic),70.25,980.33,No
CUST-00388,Male,1,Yes,No,43,Yes,Yes,Fiber optic,Yes,Yes,Yes,No,Yes,Yes,Month-to-month,No,Credit card (automatic),23.26,999.79,No
CUST-00389,Male,0,Yes,No,44,Yes,Yes,Fiber optic,Yes,No,No,Yes,No,Yes,Two year,Yes,Electronic check,106.35,4668.39,No
CUST-00390,Male,0,No,No,35,Yes,No,DSL,Yes,No,No,No,No,No,One year,No,Bank transfer (automatic),32.04,1117.9,No
CUST-00391,Male,0,No,No,39,No,No phone service,Fiber optic,Yes,No,Yes,No,No,No,One year,No,Bank transfer (automatic),45.62,1778.12,No
CUST-00392,Female,0,Yes,Yes,50,Yes,No,No,No internet service,No internet service,No internet service,No internet service,No internet service,No internet service,One year,Yes,Bank transfer (automatic),49.75,2489.05,No
CUST-00393,Female,0,Yes,Yes,29,Yes,Yes,Fiber optic,Yes,No,Yes,No,No,No,Month-to-month,Yes,Bank transfer (automatic),29.59,857.53,Yes
CUST-00394,Male,0,Yes,Yes,25,Yes,Yes,DSL,No,No,No,No,Yes,No,Two year,Yes,Mailed check,110.18,2755.19,No
CUST-00395,Female,0,No,No,30,Yes,No,No,No internet service,No internet service,No internet service,No internet service,No internet service,No internet service,Two year,No,Mailed check,115.0,3445.16,No
CUST-00396,Female,1,No,Yes,55,Yes,No,Fiber optic,Yes,Yes,Yes,No,No,Yes,One year,Yes,Electronic check,104.52,5750.22,No
CUST-00397,Female,0,Yes,No,60,Yes,Yes,DSL,Yes,Yes,No,Yes,Yes,Yes,One year,Yes,Credit card (automatic),52.64,3166.82,No
CUST-00398,Female,0,Yes,Yes,16,Yes,Yes,Fiber optic,No,No,No,No,No,Yes,Month-to-month,No,Bank transfer (automatic),23.52,378.52,No
CUST-00399,Male,0,Yes,No,23,Yes,No,DSL,Yes,Yes,Yes,Yes,Yes,Yes,Month-to-month,No,Credit card (automatic),36.29,834.84,No
CUST-00400,Female,0,No,Yes,3,Yes,Yes,DSL,Yes,Yes,No,No,Yes,No,Month-to-month,No,Credit card (automatic),95.21,281.93,No
CUST-00401,Female,0,Yes,No,8,Yes,Yes,No,No internet service,No internet service,No internet service,No internet service,No internet service,No internet service,Month-to-month,No,Mailed check,46.6,371.02,No
CUST-00402,Male,0,Yes,Yes,1,Yes,Yes,Fiber optic,No,Yes,Yes,Yes,Yes,Yes,One year,No,Credit card (automatic),107.26,100.7,No
CUST-00403,Male,0,Yes,No,34,Yes,Yes,Fiber optic,No,No,No,No,No,No,Month-to-month,Yes,Credit card (automatic),101.51,3444.11,No
CUST-00404,Female,1,Yes,No,37,Yes,Yes,No,No internet service,No internet service,No internet service,No internet service,No internet service,No internet service,Month-to-month,Yes,Bank transfer (automatic),41.69,1542.18,No
CUST-00405,Female,0,Yes,No,44,Yes,Yes,Fiber optic,No,No,Yes,No,No,Yes,Two year,No,Electronic check,87.35,3846.17,No
CUST-00406,Female,0,No,Yes,14,Yes,No,Fiber optic,No,Yes,No,No,No,Yes,Month-to-month,Yes,Mailed check,62.23,866.94,No
CUST-00407,Female,0,No,Yes,41,Yes,Yes,No,No internet service,No internet service,No internet service,No internet service,No internet service,No internet service,One year,No,Bank transfer (automatic),39.49,1625.07,No
CUST-00408,Female,0,No,No,2,Yes,No,Fiber optic,No,Yes,No,Yes,Yes,Yes,Month-to-month,No,Electronic check,77.01,151.22,No
CUST-00409,Female,0,Yes,No,30,Yes,Yes,DSL,Yes,No,No,Yes,No,No,Month-to-month,Yes,Bank transfer (automatic),101.74,3051.75,No
CUST-00410,Male,0,No,No,51,Yes,No,No,No internet service,No internet service,No internet service,No internet service,No internet service,No internet service,One year,Yes,Electronic check,110.68,5649.41,No
CUST-00411,Female,1,Yes,No,40,Yes,Yes,DSL,Yes,Yes,Yes,Yes,Yes,Yes,Month-to-month,Yes,Bank transfer (automatic),23.87,953.23,No
CUST-00412,Female,0,No,No,56,Yes,No,DSL,No,No,Yes,No,Yes,No,Month-to-month,Yes,Bank transfer (automatic),59.87,3355.86,No
CUST-00413,Male,0,No,No,41,Yes,No,Fiber optic,Yes,No,No,Yes,No,No,Month-to-month,Yes,Electronic check,78.44,3218.9,No
CUST-00414,Male,1,Yes,No,52,Yes,Yes,No,No internet service,No internet service,No internet service,No internet service,No internet service,No internet service,One year,Yes,Bank transfer (automatic),51.8,2690.23,No
CUST-00415,Male,0,Yes,No,55,Yes,No,No,No internet service,No internet service,No internet service,No internet service,No internet service,No internet service,One year,No,Electronic check,49.77,2734.11,No
CUST-00416,Male,0,Yes,Yes,71,Yes,No,Fiber optic,No,No,No,No,No,No,Month-to-month,Yes,Credit card (automatic),95.19,6764.6,No
CUST-00417,Female,0,No,No,52,Yes,Yes,DSL,Yes,Yes,Yes,Yes,Yes,No,Two year,No,Credit card (automatic),96.25,5011.6,No
CUST-00418,Female,0,Yes,Yes,31,No,No phone service,Fiber optic,No,No,No,No,No,No,Month-to-month,No,Electronic check,90.89,2820.72,No
CUST-00419,Female,0,No,No,53,Yes,No,Fiber optic,Yes,Yes,Yes,Yes,Yes,No,One year,Yes,Bank transfer (automatic),107.85,5711.71,No
CUST-00420,Female,0,No,No,36,Yes,Yes,DSL,Yes,Yes,No,Yes,No,Yes,One year,Yes,Credit card (automatic),67.47,2433.26,No
CUST-00421,Female,0,No,No,7,Yes,No,Fiber optic,No,No,No,No,No,Yes,Two year,Yes,Electronic check,96.78,,No
CUST-00422,Female,0,Yes,No,10,Yes,Yes,Fiber optic,Yes,Yes,No,No,Yes,No,Month-to-month,No,Mailed check,19.12,184.86,No
CUST-00423,Male,0,Yes,No,53,Yes,No,Fiber optic,No,No,No,Yes,Yes,No,Two year,No,Credit card (automatic),116.74,6184.04,No
CUST-00424,Female,0,Yes,No,59,Yes,No,Fiber optic,Yes,No,No,No,Yes,Yes,Month-to-month,No,Electronic check,109.92,6484.16,Yes
CUST-00425,Male,0,No,No,9,Yes,No,DSL,No,No,No,Yes,No,Yes,Month-to-month,No,Electronic check,102.13,924.6,No
CUST-00426,Male,0,No,Yes,69,Yes,No,Fiber optic,Yes,Yes,Yes,No,No,No,Month-to-month,Yes,Credit card (automatic),76.78,5293.81,No
CUST-00427,Female,0,Yes,Yes,41,Yes,Yes,DSL,Yes,Yes,Yes,No,Yes,No,Month-to-month,Yes,Bank transfer (automatic),72.42,2964.39,No
CUST-00428,Male,0,No,No,36,Yes,No,Fiber optic,No,Yes,Yes,No,Yes,No,Month-to-month,No,Mailed check,33.01,1185.95,No
CUST-00429,Female,0,No,Yes,57,Yes,Yes,Fiber optic,No,No,No,No,No,No,One year,No,Electronic check,23.4,1333.19,No
CUST-00430,Male,1,No,No,58,Yes,Yes,DSL,Yes,No,No,No,No,No,Month-to-month,No,Bank transfer (automatic),43.59,2531.59,Yes
CUST-00431,Female,0,Yes,No,23,Yes,No,DSL,Yes,No,Yes,No,Yes,Yes,Month-to-month,No,Bank transfer (automatic),33.1,764.15,No
CUST-00432,Male,0,No,No,27,Yes,No,DSL,No,No,Yes,No,No,Yes,Month-to-month,Yes,Electronic check,74.08,1988.91,No
CUST-00433,Female,0,No,No,36,No,No phone service,Fiber optic,Yes,Yes,Yes,Yes,Yes,No,Two year,Yes,Mailed check,51.25,1843.22,No
CUST-00434,Female,0,Yes,No,20,Yes,No,DSL,Yes,Yes,No,No,Yes,No,Month-to-month,Yes,Credit card (automatic),56.79,1136.42,No
CUST-00435,Female,0,Yes,No,32,Yes,Yes,DSL,Yes,Yes,No,No,Yes,Yes,Month-to-month,Yes,Mailed check,20.64,656.13,No
CUST-00436,Female,1,Yes,No,1,Yes,No,DSL,Yes,Yes,No,Yes,Yes,No,Month-to-month,Yes,Bank transfer (automatic),72.86,68.96,No
CUST-00437,Female,0,Yes,Yes,27,No,No phone service,Fiber optic,Yes,Yes,Yes,Yes,Yes,Yes,Two year,Yes,Electronic check,83.62,,No
CUST-00438,Male,0,Yes,No,14,Yes,Yes,Fiber optic,No,Yes,No,No,No,No,One year,Yes,Electronic check,51.44,723.58,No
CUST-00439,Male,0,Yes,No,0,Yes,Yes,Fiber optic,Yes,Yes,No,Yes,No,No,Two year,Yes,Mailed check,31.13,0.0,No
CUST-00440,Male,1,No,No,27,Yes,No,Fiber optic,No,Yes,Yes,Yes,No,Yes,Two year,Yes,Mailed check,88.37,2388.0,No
CUST-00441,Female,0,No,No,49,Yes,No,Fiber optic,Yes,No,Yes,Yes,No,Yes,Two year,Yes,Mailed check,30.9,1516.42,No
CUST-00442,Male,1,No,No,34,Yes,No,No,No internet service,No internet service,No internet service,No internet service,No internet service,No internet service,One year,Yes,Electronic check,99.69,3383.98,No
CUST-00443,Female,0,No,No,27,Yes,No,DSL,No,Yes,No,No,Yes,Yes,Two year,No,Electronic check,72.6,1954.78,No
CUST-00444,Female,0,Yes,No,8,Yes,No,Fiber optic,No,Yes,Yes,No,No,Yes,Month-to-month,No,Bank transfer (automatic),41.74,331.95,No
CUST-00445,Male,0,No,No,23,No,No phone service,Fiber optic,Yes,Yes,No,No,No,Yes,One year,No,Mailed check,107.87,2477.55,No
CUST-00446,Male,0,Yes,Yes,62,Yes,No,Fiber optic,Yes,No,No,No,Yes,No,Month-to-month,Yes,Bank transfer (automatic),32.18,1992.18,Yes
CUST-00447,Female,0,Yes,No,3,Yes,No,Fiber optic,No,Yes,No,Yes,No,No,Month-to-month,No,Bank transfer (automatic),78.12,233.88,No
CUST-00448,Male,0,No,No,55,Yes,No,No,No internet service,No internet service,No internet service,No internet service,No internet service,No internet service,Month-to-month,No,Mailed check,79.75,4385.79,No
CUST-00449,Female,0,No,Yes,40,Yes,No,No,No internet service,No internet service,No internet service,No internet service,No internet service,No internet service,Month-to-month,Yes,Credit card (automatic),21.73,856.4,No
CUST-00450,Female,0,Yes,No,66,Yes,Yes,Fiber optic,No,Yes,Yes,Yes,No,Yes,Month-to-month,No,Electronic check,78.97,5212.5,No
CUST-00451,Female,0,Yes,Yes,47,Yes,Yes,Fiber optic,Yes,Yes,Yes,No,Yes,Yes,Month-to-month,Yes,Credit card (automatic),87.42,4107.48,No
CUST-00452,Female,0,Yes,No,57,Yes,No,Fiber optic,Yes,Yes,Yes,No,No,Yes,One year,Yes,Electronic check,109.01,6214.7,No
CUST-00453,Female,0,Yes,No,38,Yes,No,Fiber optic,Yes,No,Yes,No,No,Yes,Month-to-month,Yes,Electronic check,88.89,3374.62,Yes
CUST-00454,Male,0,No,No,24,No,No phone service,No,No internet service,No internet service,No internet service,No internet service,No internet service,No internet service,One year,No,Electronic check,66.44,1591.38,No
CUST-00455,Male,0,Yes,No,59,Yes,No,Fiber optic,No,No,Yes,No,Yes,No,Month-to-month,Yes,Mailed check,103.33,6094.52,No
CUST-00456,Female,0,No,Yes,46,Yes,No,DSL,No,No,No,Yes,No,No,Two year,No,Mailed check,53.38,2460.82,No
CUST-00457,Female,0,Yes,Yes,60,Yes,Yes,Fiber optic,Yes,No,Yes,No,Yes,No,Month-to-month,Yes,Mailed check,103.55,6210.92,No
CUST-00458,Male,0,Yes,No,26,Yes,No,Fiber optic,No,No,No,Yes,Yes,No,Month-to-month,Yes,Electronic check,102.4,2667.95,No
CUST-00459,Male,0,Yes,No,41,Yes,Yes,No,No internet service,No internet service,No internet service,No internet service,No internet service,No internet service,Month-to-month,Yes,Mailed check,78.37,3218.06,No
CUST-00460,Female,0,No,No,51,Yes,No,No,No internet service,No internet service,No internet service,No internet service,No internet service,No internet service,One year,Yes,Bank transfer (automatic),52.46,2673.77,No
CUST-00461,Male,0,Yes,No,47,Yes,No,No,No internet service,No internet service,No internet service,No internet service,No internet service,No internet service,Month-to-month,Yes,Credit card (automatic),77.12,3622.08,No
CUST-00462,Female,0,No,No,31,Yes,No,Fiber optic,Yes,No,No,No,Yes,Yes,Month-to-month,Yes,Bank transfer (automatic),108.59,3363.91,No
CUST-00463,Male,0,No,No,23,Yes,No,DSL,No,Yes,Yes,Yes,No,Yes,Two year,Yes,Electronic check,81.65,1877.23,No
CUST-00464,Female,0,No,No,2,Yes,No,Fiber optic,Yes,No,No,Yes,No,No,Month-to-month,Yes,Mailed check,102.0,201.21,No
CUST-00465,Male,0,Yes,Yes,26,Yes,No,DSL,No,Yes,No,Yes,Yes,No,Month-to-month,Yes,Bank transfer (automatic),52.46,1367.64,Yes
CUST-00466,Female,0,No,No,39,Yes,No,No,No internet service,No internet service,No internet service,No internet service,No internet service,No internet service,One year,Yes,Credit card (automatic),47.23,1838.74,No
CUST-00467,Male,0,No,No,22,Yes,No,Fiber optic,No,No,Yes,Yes,No,No,Two year,No,Electronic check,43.58,963.08,No
CUST-00468,Male,0,Yes,Yes,6,Yes,Yes,No,No internet service,No internet service,No internet service,No internet service,No internet service,No internet service,Month-to-month,Yes,Electronic check,67.13,398.12,No
CUST-00469,Female,0,Yes,No,36,Yes,No,Fiber optic,No,No,Yes,No,No,Yes,Month-to-month,Yes,Bank transfer (automatic),61.2,2194.86,No
CUST-00470,Male,0,No,No,6,Yes,No,DSL,No,No,Yes,No,No,No,Two year,Yes,Electronic check,103.42,611.53,No
CUST-00471,Female,0,No,No,21,Yes,No,Fiber optic,Yes,No,Yes,Yes,Yes,No,Month-to-month,Yes,Bank transfer (automatic),29.26,611.76,No
CUST-00472,Male,1,Yes,No,16,Yes,No,DSL,Yes,Yes,No,No,Yes,No,Month-to-month,Yes,Mailed check,73.4,1170.36,No
CUST-00473,Female,0,No,Yes,18,Yes,No,Fiber optic,Yes,Yes,No,No,No,Yes,One year,Yes,Electronic check,58.34,1045.86,No
CUST-00474,Male,0,No,No,38,Yes,Yes,Fiber optic,No,Yes,Yes,No,Yes,Yes,Month-to-month,Yes,Bank transfer (automatic),111.76,4251.8,Yes
CUST-00475,Female,0,No,Yes,35,Yes,No,Fiber optic,No,Yes,Yes,No,No,No,Two year,Yes,Mailed check,96.84,3385.74,No
CUST-00476,Male,0,Yes,No,14,Yes,Yes,DSL,No,No,No,No,Yes,No,One year,Yes,Credit card (automatic),61.34,848.93,No
CUST-00477,Female,0,No,No,62,Yes,Yes,No,No internet service,No internet service,No internet service,No internet service,No internet service,No internet service,Month-to-month,Yes,Bank transfer (automatic),82.06,5090.54,No
CUST-00478,Male,0,Yes,No,28,No,No phone service,Fiber optic,Yes,No,No,No,Yes,No,One year,No,Credit card (automatic),92.56,2598.36,No
CUST-00479,Female,0,Yes,Yes,59,Yes,Yes,No,No internet service,No internet service,No internet service,No internet service,No internet service,No internet service,Month-to-month,No,Credit card (automatic),25.11,1483.74,No
CUST-00480,Female,0,Yes,No,55,Yes,No,DSL,Yes,No,No,No,Yes,No,Two year,No,Electronic check,85.37,4692.0,No
CUST-00481,Female,1,No,No,39,Yes,Yes,DSL,No,No,Yes,Yes,No,Yes,Month-to-month,Yes,Bank transfer (automatic),31.95,1246.91,No
CUST-00482,Male,0,Yes,No,15,No,No phone service,No,No internet service,No internet service,No internet service,No internet service,No internet service,No internet service,One year,Yes,Mailed check,36.89,549.33,No
CUST-00483,Female,0,No,No,32,Yes,Yes,DSL,Yes,No,Yes,No,No,Yes,Month-to-month,No,Bank transfer (automatic),64.12,2046.98,No
CUST-00484,Male,0,Yes,Yes,15,Yes,No,Fiber optic,Yes,No,No,Yes,Yes,No,Month-to-month,No,Bank transfer (automatic),115.95,1738.26,No
CUST-00485,Female,0,No,No,29,No,No phone service,No,No internet service,No internet service,No internet service,No internet service,No internet service,No internet service,Two year,No,Electronic check,113.22,3283.1,No
CUST-00486,Male,0,No,No,65,Yes,Yes,Fiber optic,No,Yes,No,No,Yes,Yes,Month-to-month,Yes,Electronic check,108.23,7033.94,Yes
CUST-00487,Female,0,No,No,43,Yes,No,DSL,No,No,Yes,No,Yes,Yes,Month-to-month,Yes,Mailed check,21.43,929.85,No
CUST-00488,Male,0,Yes,No,37,No,No phone service,DSL,No,No,Yes,Yes,Yes,No,Two year,No,Electronic check,103.28,3821.57,No
CUST-00489,Male,0,No,No,50,Yes,Yes,Fiber optic,No,No,Yes,No,Yes,Yes,Month-to-month,Yes,Mailed check,95.62,4785.8,Yes
CUST-00490,Female,0,No,No,59,Yes,Yes,Fiber optic,No,No,Yes,No,No,Yes,One year,Yes,Mailed check,67.88,4016.08,No
CUST-00491,Male,0,Yes,No,17,Yes,Yes,DSL,Yes,No,No,No,No,Yes,Two year,Yes,Mailed check,50.54,856.81,No
CUST-00492,Male,0,Yes,Yes,4,Yes,No,Fiber optic,Yes,Yes,No,Yes,No,Yes,Two year,No,Bank transfer (automatic),93.56,374.98,Yes
CUST-00493,Female,1,No,Yes,39,Yes,Yes,Fiber optic,Yes,Yes,No,No,Yes,No,Month-to-month,Yes,Credit card (automatic),28.7,1123.38,No
CUST-00494,Male,0,Yes,No,5,Yes,No,No,No internet service,No internet service,No internet service,No internet service,No internet service,No internet service,Month-to-month,No,Credit card (automatic),83.04,415.81,No
CUST-00495,Male,0,Yes,Yes,11,Yes,No,DSL,No,No,No,Yes,No,Yes,One year,No,Electronic check,85.19,935.7,No
CUST-00496,Male,0,Yes,No,11,Yes,Yes,Fiber optic,No,No,Yes,No,No,Yes,Month-to-month,Yes,Bank transfer (automatic),73.37,818.79,No
CUST-00497,Female,0,No,No,21,Yes,Yes,No,No internet service,No internet service,No internet service,No internet service,No internet service,No internet service,Two year,Yes,Bank transfer (automatic),105.78,2227.37,No
CUST-00498,Male,0,Yes,No,48,Yes,No,Fiber optic,No,No,Yes,No,No,Yes,Month-to-month,Yes,Credit card (automatic),50.99,2437.01,No
CUST-00499,Female,0,No,No,49,Yes,No,Fiber optic,No,No,Yes,No,Yes,No,Month-to-month,Yes,Credit card (automatic),65.82,3231.97,No
CUST-00500,Male,1,Yes,No,3,Yes,No,DSL,No,No,Yes,No,Yes,Yes,Two year,Yes,Bank transfer (automatic),93.87,289.61,No
CUST-00501,Male,0,Yes,Yes,49,Yes,Yes,DSL,Yes,No,Yes,Yes,No,No,Month-to-month,No,Bank transfer (automatic),89.67,4399.81,No
CUST-00502,Male,0,No,No,2,Yes,Yes,Fiber optic,No,No,Yes,Yes,Yes,No,Month-to-month,No,Bank transfer (automatic),74.25,152.25,No
CUST-00503,Female,0,Yes,Yes,15,Yes,Yes,DSL,Yes,No,Yes,Yes,Yes,Yes,Month-to-month,No,Electronic check,45.21,685.9,No
CUST-00504,Male,0,Yes,No,13,Yes,No,No,No internet service,No internet service,No internet service,No internet service,No internet service,No internet service,One year,Yes,Credit card (automatic),47.43,621.0,No
CUST-00505,Male,0,Yes,No,63,Yes,Yes,No,No internet service,No internet service,No internet service,No internet service,No internet service,No internet service,Month-to-month,Yes,Electronic check,92.12,5806.45,No
CUST-00506,Female,0,Yes,No,40,Yes,No,DSL,Yes,No,No,No,No,Yes,Two year,Yes,Mailed check,18.57,743.47,No
CUST-00507,Male,0,No,No,67,Yes,No,Fiber optic,Yes,No,No,No,No,Yes,Month-to-month,No,Credit card (automatic),83.27,5573.73,No
CUST-00508,Female,0,No,No,58,Yes,No,No,No internet service,No internet service,No internet service,No internet service,No internet service,No internet service,Month-to-month,Yes,Electronic check,42.83,2477.28,Yes
CUST-00509,Female,0,No,No,1,Yes,No,Fiber optic,Yes,No,No,No,No,No,Month-to-month,Yes,Bank transfer (automatic),85.3,89.16,No
CUST-00510,Male,1,No,No,9,Yes,No,Fiber optic,No,Yes,Yes,Yes,Yes,Yes,Month-to-month,Yes,Credit card (automatic),36.69,333.99,Yes
CUST-00511,Female,0,No,No,25,Yes,Yes,Fiber optic,Yes,Yes,Yes,No,Yes,No,Month-to-month,Yes,Bank transfer (automatic),55.64,1390.79,No
CUST-00512,Male,0,No,No,3,Yes,No,DSL,No,Yes,No,No,Yes,Yes,Month-to-month,Yes,Credit card (automatic),93.38,275.86,No
CUST-00513,Female,0,No,No,27,Yes,Yes,No,No internet service,No internet service,No internet service,No internet service,No internet service,No internet service,Two year,No,Mailed check,93.52,2519.39,No
CUST-00514,Female,0,Yes,Yes,1,Yes,No,No,No internet service,No internet service,No internet service,No internet service,No internet service,No internet service,Two year,No,Electronic check,38.97,37.16,No
CUST-00515,Male,0,No,Yes,65,Yes,Yes,DSL,No,Yes,No,No,Yes,Yes,Two year,Yes,Electronic check,55.63,3619.46,Yes
CUST-00516,Female,0,No,Yes,15,No,No phone service,DSL,No,No,No,Yes,No,No,Two year,No,Mailed check,68.25,1034.94,No
CUST-00517,Female,0,No,Yes,56,Yes,No,No,No internet service,No internet service,No internet service,No internet service,No internet service,No internet service,Month-to-month,No,Bank transfer (automatic),76.74,4297.32,No
CUST-00518,Female,0,Yes,No,22,Yes,Yes,Fiber optic,Yes,No,No,No,Yes,Yes,Month-to-month,No,Bank transfer (automatic),92.24,2030.72,No
CUST-00519,Female,0,No,No,22,Yes,Yes,DSL,No,Yes,No,No,No,No,One year,Yes,Credit card (automatic),20.36,453.55,No
CUST-00520,Female,1,No,No,20,Yes,No,DSL,No,Yes,No,Yes,Yes,Yes,One year,Yes,Credit card (automatic),29.53,590.28,No
CUST-00521,Male,0,No,No,24,Yes,No,DSL,Yes,No,No,Yes,Yes,Yes,Month-to-month,No,Credit card (automatic),33.77,812.32,No
CUST-00522,Female,0,Yes,No,57,No,No phone service,No,No internet service,No internet service,No internet service,No internet service,No internet service,No internet service,Two year,No,Credit card (automatic),37.07,2117.1,No
CUST-00523,Male,0,No,No,36,Yes,Yes,Fiber optic,No,No,No,No,Yes,No,Month-to-month,No,Bank transfer (automatic),21.03,762.59,No
CUST-00524,Female,0,Yes,No,48,Yes,Yes,Fiber optic,No,Yes,Yes,Yes,Yes,No,Two year,Yes,Bank transfer (automatic),110.05,5282.67,No
CUST-00525,Male,0,Yes,No,14,Yes,Yes,No,No internet service,No internet service,No internet service,No internet service,No internet service,No internet service,Month-to-month,No,Bank transfer (automatic),34.22,476.68,No
CUST-00526,Male,0,Yes,No,27,Yes,No,Fiber optic,No,Yes,No,No,No,Yes,Month-to-month,No,Electronic check,25.36,685.74,No
CUST-00527,Female,0,Yes,No,66,No,No phone service,Fiber optic,No,Yes,No,No,Yes,Yes,Month-to-month,Yes,Mailed check,65.17,4292.73,No
CUST-00528,Female,0,No,No,3,Yes,No,No,No internet service,No internet service,No internet service,No internet service,No internet service,No internet service,Month-to-month,Yes,Mailed check,112.12,337.83,No
CUST-00529,Female,0,Yes,No,46,Yes,No,DSL,Yes,No,No,Yes,No,No,Two year,No,Electronic check,114.44,5268.57,No
CUST-00530,Male,0,Yes,Yes,49,Yes,Yes,No,No internet service,No internet service,No internet service,No internet service,No internet service,No internet service,Two year,No,Electronic check,85.64,4204.85,No
CUST-00531,Female,0,No,No,59,Yes,Yes,DSL,No,Yes,Yes,Yes,Yes,Yes,Month-to-month,Yes,Electronic check,35.83,2118.59,No
CUST-00532,Male,0,Yes,No,61,Yes,No,Fiber optic,No,No,No,No,Yes,Yes,Two year,Yes,Bank transfer (automatic),18.38,1108.35,No
CUST-00533,Male,0,Yes,No,66,No,No phone service,DSL,No,No,No,No,No,No,Month-to-month,No,Credit card (automatic),51.5,3405.96,No
CUST-00534,Male,0,Yes,No,71,Yes,Yes,No,No internet service,No internet service,No internet service,No internet service,No internet service,No internet service,One year,No,Credit card (automatic),30.55,2176.38,No
CUST-00535,Female,0,Yes,No,42,Yes,No,Fiber optic,Yes,Yes,Yes,Yes,Yes,No,Month-to-month,Yes,Credit card (automatic),93.51,3922.82,No
CUST-00536,Female,0,Yes,No,57,Yes,No,DSL,No,No,Yes,No,Yes,No,Month-to-month,No,Mailed check,114.91,6547.87,No
CUST-00537,Male,0,Yes,No,51,Yes,Yes,DSL,No,No,Yes,No,Yes,Yes,Month-to-month,Yes,Credit card (automatic),26.37,1352.07,No
CUST-00538,Male,0,No,No,68,No,No phone service,Fiber optic,Yes,Yes,Yes,Yes,Yes,No,Month-to-month,Yes,Electronic check,57.69,3923.2,No
CUST-00539,Female,0,No,No,45,No,No phone service,Fiber optic,Yes,Yes,No,Yes,No,No,Month-to-month,No,Electronic check,108.25,4868.31,No
CUST-00540,Male,0,No,No,24,Yes,Yes,Fiber optic,Yes,Yes,No,Yes,No,Yes,Month-to-month,No,Mailed check,90.83,2176.16,Yes
CUST-00541,Female,0,No,Yes,24,Yes,Yes,No,No internet service,No internet service,No internet service,No internet service,No internet service,No internet service,Month-to-month,Yes,Electronic check,104.98,2532.69,No
CUST-00542,Male,0,Yes,No,34,Yes,No,No,No internet service,No internet service,No internet service,No internet service,No internet service,No internet service,One year,No,Bank transfer (automatic),110.3,3754.14,No
CUST-00543,Female,0,Yes,Yes,60,Yes,Yes,Fiber optic,No,No,No,No,No,Yes,Month-to-month,No,Electronic check,59.26,3554.21,No
CUST-00544,Male,0,Yes,No,14,Yes,Yes,Fiber optic,Yes,Yes,Yes,Yes,Yes,No,Month-to-month,No,Electronic check,87.37,1230.32,No
CUST-00545,Female,0,No,No,34,Yes,Yes,DSL,No,No,Yes,No,No,Yes,One year,Yes,Electronic check,88.93,3023.17,No
CUST-00546,Male,0,No,Yes,28,Yes,Yes,No,No internet service,No internet service,No internet service,No internet service,No internet service,No internet service,Month-to-month,No,Mailed check,81.08,2276.3,Yes
CUST-00547,Female,1,Yes,No,37,Yes,Yes,DSL,Yes,No,Yes,Yes,No,No,Month-to-month,Yes,Bank transfer (automatic),50.58,1874.37,No
CUST-00548,Female,0,Yes,No,68,No,No phone service,Fiber optic,No,No,No,No,No,No,Two year,No,Electronic check,101.22,6881.27,No
CUST-00549,Male,0,No,Yes,23,Yes,No,Fiber optic,Yes,No,Yes,Yes,Yes,Yes,Two year,No,Bank transfer (automatic),94.89,2184.96,Yes
CUST-00550,Male,1,No,Yes,18,Yes,No,No,No internet service,No internet service,No internet service,No internet service,No internet service,No internet service,Month-to-month,No,Bank transfer (automatic),62.52,1128.05,No
CUST-00551,Female,1,No,No,45,Yes,No,Fiber optic,No,No,Yes,No,Yes,No,One year,Yes,Credit card (automatic),60.1,2708.5,No
CUST-00552,Male,0,No,No,48,Yes,No,No,No internet service,No internet service,No internet service,No internet service,No internet service,No internet service,Two year,No,Bank transfer (automatic),19.08,923.98,No
CUST-00553,Female,0,Yes,No,43,Yes,Yes,DSL,Yes,No,Yes,Yes,Yes,Yes,Two year,Yes,Bank transfer (automatic),102.34,4411.68,No
CUST-00554,Male,0,No,No,25,Yes,No,Fiber optic,No,No,No,No,No,Yes,Two year,Yes,Bank transfer (automatic),46.4,1162.06,No
CUST-00555,Female,0,No,No,24,Yes,No,DSL,Yes,Yes,No,No,No,No,Two year,No,Mailed check,65.08,1552.38,No
CUST-00556,Female,0,Yes,No,34,Yes,No,No,No internet service,No internet service,No internet service,No internet service,No internet service,No internet service,Two year,Yes,Credit card (automatic),59.13,2014.8,No
CUST-00557,Female,0,Yes,No,35,Yes,Yes,Fiber optic,No,Yes,No,No,Yes,Yes,Month-to-month,Yes,Mailed check,85.81,3002.05,No
CUST-00558,Female,0,Yes,No,13,Yes,Yes,Fiber optic,Yes,No,No,No,No,No,One year,No,Bank transfer (automatic),57.01,732.67,No
CUST-00559,Female,1,No,No,55,Yes,Yes,DSL,Yes,Yes,Yes,Yes,No,Yes,Two year,No,Mailed check,35.97,1981.8,No
CUST-00560,Female,0,No,No,5,Yes,No,Fiber optic,Yes,Yes,Yes,Yes,Yes,No,Month-to-month,Yes,Electronic check,104.86,526.5,No
CUST-00561,Male,0,No,No,31,Yes,Yes,DSL,Yes,Yes,No,No,Yes,Yes,Month-to-month,Yes,Mailed check,36.35,1122.82,No
CUST-00562,Male,0,No,No,25,Yes,Yes,DSL,No,No,No,No,Yes,No,One year,Yes,Mailed check,20.84,515.07,No
CUST-00563,Male,0,Yes,No,14,Yes,Yes,DSL,Yes,Yes,Yes,No,No,No,One year,Yes,Mailed check,37.62,533.66,No
CUST-00564,Female,0,Yes,Yes,48,Yes,No,DSL,No,No,No,No,Yes,Yes,Two year,No,Mailed check,63.51,3051.01,No
CUST-00565,Female,0,No,No,55,Yes,Yes,DSL,Yes,No,No,No,No,Yes,Month-to-month,No,Electronic check,60.32,3313.65,No
CUST-00566,Female,0,No,No,36,Yes,No,DSL,No,Yes,No,Yes,No,Yes,Two year,No,Electronic check,97.63,3517.99,No
CUST-00567,Female,0,No,No,52,Yes,No,DSL,No,Yes,No,No,Yes,No,Month-to-month,Yes,Credit card (automatic),37.49,1947.38,Yes
CUST-00568,Male,0,Yes,No,57,Yes,Yes,Fiber optic,Yes,No,Yes,Yes,Yes,Yes,Month-to-month,Yes,Mailed check,95.56,5449.64,No
CUST-00569,Male,1,No,No,35,Yes,Yes,Fiber optic,Yes,Yes,No,Yes,Yes,No,Month-to-month,No,Mailed check,27.64,968.97,No
CUST-00570,Female,0,Yes,No,10,Yes,Yes,No,No internet service,No internet service,No internet service,No internet service,No internet service,No internet service,Two year,Yes,Credit card (automatic),65.37,640.88,No
CUST-00571,Male,0,No,No,26,Yes,Yes,Fiber optic,Yes,No,No,No,No,Yes,Month-to-month,No,Credit card (automatic),104.53,2718.32,Yes
CUST-00572,Male,0,Yes,Yes,1,Yes,No,DSL,Yes,Yes,No,Yes,No,No,Month-to-month,Yes,Credit card (automatic),59.29,58.46,No
CUST-00573,Female,0,Yes,No,21,Yes,No,Fiber optic,No,Yes,Yes,No,No,No,Two year,No,Electronic check,114.33,2397.23,No
CUST-00574,Male,0,No,No,65,Yes,No,DSL,Yes,Yes,Yes,Yes,No,No,Month-to-month,Yes,Bank transfer (automatic),81.1,5265.18,No
CUST-00575,Female,0,Yes,No,16,Yes,No,Fiber optic,No,Yes,Yes,No,Yes,Yes,Month-to-month,No,Bank transfer (automatic),93.67,1497.63,No
CUST-00576,Male,0,Yes,No,3,Yes,Yes,Fiber optic,No,No,Yes,Yes,Yes,Yes,Month-to-month,Yes,Electronic check,68.99,205.21,No
CUST-00577,Female,1,No,No,13,Yes,No,Fiber optic,Yes,Yes,No,Yes,Yes,Yes,Two year,Yes,Credit card (automatic),60.98,796.0,No
CUST-00578,Female,0,Yes,Yes,6,Yes,No,Fiber optic,Yes,No,Yes,No,Yes,Yes,Two year,Yes,Mailed check,26.47,158.09,No
CUST-00579,Female,0,No,No,15,Yes,Yes,No,No internet service,No internet service,No internet service,No internet service,No internet service,No internet service,Month-to-month,No,Mailed check,29.99,450.29,No
CUST-00580,Female,0,Yes,Yes,65,Yes,No,DSL,No,No,Yes,Yes,No,Yes,Month-to-month,No,Electronic check,75.17,4887.69,No
CUST-00581,Male,0,Yes,No,18,No,No phone service,No,No internet service,No internet service,No internet service,No internet service,No internet service,No internet service,Two year,No,Mailed check,79.36,1426.16,No
CUST-00582,Female,0,Yes,No,0,Yes,Yes,Fiber optic,No,No,No,Yes,No,Yes,Month-to-month,No,Electronic check,116.48,0.0,No
CUST-00583,Female,0,Yes,No,30,Yes,Yes,No,No internet service,No internet service,No internet service,No internet service,No internet service,No internet service,Month-to-month,Yes,Credit card (automatic),103.77,3124.17,Yes
CUST-00584,Female,0,No,No,3,Yes,No,Fiber optic,No,Yes,Yes,No,No,No,Month-to-month,Yes,Bank transfer (automatic),102.45,306.96,Yes
CUST-00585,Male,0,No,No,57,Yes,Yes,Fiber optic,Yes,No,Yes,No,No,Yes,Two year,Yes,Credit card (automatic),46.66,2658.57,No
CUST-00586,Female,0,No,Yes,55,Yes,Yes,Fiber optic,Yes,Yes,No,No,No,No,One year,No,Mailed check,59.18,3261.97,No
CUST-00587,Male,0,Yes,No,52,Yes,Yes,No,No internet service,No internet service,No internet service,No internet service,No internet service,No internet service,Month-to-month,Yes,Bank transfer (automatic),28.21,1476.36,No
CUST-00588,Female,0,Yes,Yes,42,No,No phone service,Fiber optic,Yes,No,No,Yes,No,Yes,One year,No,Mailed check,76.15,3205.53,No
CUST-00589,Male,0,No,Yes,48,Yes,No,Fiber optic,No,Yes,No,Yes,Yes,Yes,Two year,No,Electronic check,24.95,1195.65,No
CUST-00590,Male,0,No,Yes,59,Yes,Yes,Fiber optic,Yes,No,No,Yes,Yes,Yes,Two year,Yes,Mailed check,62.68,3699.86,No
CUST-00591,Female,0,No,No,15,Yes,No,Fiber optic,Yes,Yes,No,No,Yes,Yes,One year,Yes,Mailed check,74.62,1122.22,No
CUST-00592,Male,0,No,No,59,Yes,No,No,No internet service,No internet service,No internet service,No internet service,No internet service,No internet service,Two year,Yes,Bank transfer (automatic),40.82,2419.56,No
CUST-00593,Female,0,Yes,No,46,Yes,No,DSL,No,No,No,No,No,Yes,Month-to-month,Yes,Bank transfer (automatic),95.54,4396.94,No
CUST-00594,Female,0,No,No,14,Yes,No,DSL,Yes,Yes,Yes,Yes,Yes,Yes,One year,No,Mailed check,85.48,1199.04,No
CUST-00595,Female,1,Yes,Yes,62,Yes,No,Fiber optic,Yes,No,No,No,Yes,No,Month-to-month,No,Bank transfer (automatic),32.79,2027.91,No
CUST-00596,Male,0,No,No,27,Yes,Yes,Fiber optic,Yes,No,No,Yes,Yes,Yes,One year,Yes,Credit card (automatic),116.37,3135.71,No
CUST-00597,Male,1,Yes,Yes,19,Yes,No,DSL,Yes,Yes,Yes,No,No,No,Month-to-month,Yes,Credit card (automatic),72.2,1378.57,No
CUST-00598,Female,1,No,No,62,Yes,No,Fiber optic,No,Yes,No,No,No,No,Month-to-month,Yes,Electronic check,20.64,1281.41,Yes
CUST-00599,Female,0,No,Yes,32,Yes,No,Fiber optic,Yes,Yes,No,Yes,Yes,Yes,Month-to-month,Yes,Mailed check,53.01,1698.56,No
CUST-00600,Male,0,Yes,No,35,Yes,No,DSL,No,No,No,No,Yes,Yes,Month-to-month,Yes,Bank transfer (automatic),115.93,4062.92,No
CUST-00601,Female,1,Yes,No,12,Yes,Yes,Fiber optic,Yes,Yes,Yes,No,No,No,Two year,Yes,Credit card (automatic),108.23,1303.02,No
CUST-00602,Female,0,No,No,61,Yes,Yes,No,No internet service,No internet service,No internet service,No internet service,No internet service,No internet service,Month-to-month,No,Credit card (automatic),33.12,2023.93,No
CUST-00603,Female,0,Yes,No,67,Yes,No,Fiber optic,No,Yes,Yes,Yes,No,No,Month-to-month,No,Bank transfer (automatic),103.5,6937.68,No
CUST-00604,Male,0,No,No,22,Yes,Yes,Fiber optic,Yes,No,No,No,No,No,Month-to-month,No,Mailed check,79.84,1757.17,No
CUST-00605,Male,0,Yes,Yes,71,Yes,No,DSL,No,Yes,Yes,Yes,No,No,One year,Yes,Bank transfer (automatic),20.17,1433.12,No
CUST-00606,Male,0,No,No,12,Yes,No,No,No internet service,No internet service,No internet service,No internet service,No internet service,No internet service,One year,Yes,Electronic check,93.74,1129.46,No
CUST-00607,Female,0,No,No,39,Yes,Yes,No,No internet service,No internet service,No internet service,No internet service,No internet service,No internet service,Month-to-month,Yes,Electronic check,59.28,2307.23,No
CUST-00608,Female,0,No,Yes,29,Yes,Yes,Fiber optic,No,Yes,Yes,Yes,No,Yes,Month-to-month,Yes,Credit card (automatic),57.61,1665.44,Yes
CUST-00609,Female,0,No,No,24,Yes,No,DSL,No,Yes,Yes,Yes,Yes,No,Month-to-month,No,Electronic check,56.28,1351.13,No
CUST-00610,Male,1,No,Yes,25,Yes,No,Fiber optic,No,Yes,Yes,Yes,Yes,No,One year,Yes,Mailed check,77.66,1942.25,No
CUST-00611,Female,0,No,No,23,Yes,Yes,Fiber optic,Yes,Yes,Yes,Yes,Yes,Yes,Month-to-month,Yes,Credit card (automatic),89.42,2060.28,No
CUST-00612,Female,0,No,Yes,38,Yes,No,No,No internet service,No internet service,No internet service,No internet service,No internet service,No internet service,Month-to-month,No,Bank transfer (automatic),82.76,3143.77,No
CUST-00613,Female,0,No,No,60,Yes,No,DSL,No,No,No,Yes,No,Yes,One year,No,Electronic check,42.18,2526.91,No
CUST-00614,Female,0,Yes,No,48,Yes,Yes,DSL,Yes,Yes,No,No,Yes,Yes,Month-to-month,Yes,Mailed check,88.68,4259.65,No
CUST-00615,Male,0,Yes,Yes,40,Yes,Yes,DSL,Yes,Yes,No,Yes,No,No,One year,Yes,Mailed check,31.55,1268.73,No
CUST-00616,Male,1,Yes,No,69,Yes,Yes,Fiber optic,No,Yes,Yes,Yes,No,Yes,Two year,Yes,Credit card (automatic),115.13,7945.8,No
CUST-00617,Female,0,No,No,19,Yes,No,DSL,Yes,Yes,No,No,Yes,No,Month-to-month,Yes,Bank transfer (automatic),65.36,1234.57,No
CUST-00618,Male,0,No,No,43,Yes,No,No,No internet service,No internet service,No internet service,No internet service,No internet service,No internet service,One year,Yes,Bank transfer (automatic),27.13,1167.97,No
CUST-00619,Male,0,No,No,15,Yes,Yes,DSL,Yes,Yes,Yes,Yes,Yes,No,One year,Yes,Credit card (automatic),75.66,1125.24,No
CUST-00620,Female,0,Yes,No,20,Yes,Yes,Fiber optic,No,No,Yes,No,No,No,Month-to-month,Yes,Credit card (automatic),75.7,1513.79,Yes
CUST-00621,Female,1,Yes,No,14,Yes,No,Fiber optic,No,No,Yes,Yes,No,No,One year,Yes,Credit card (automatic),21.88,296.27,No
CUST-00622,Male,0,Yes,Yes,38,No,No phone service,Fiber optic,No,Yes,Yes,Yes,No,Yes,Two year,Yes,Bank transfer (automatic),19.09,723.27,Yes
CUST-00623,Female,0,Yes,Yes,41,Yes,No,No,No internet service,No internet service,No internet service,No internet service,No internet service,No internet service,Two year,Yes,Mailed check,117.61,4824.57,No
CUST-00624,Male,0,Yes,No,60,Yes,Yes,Fiber optic,No,No,No,Yes,No,No,Month-to-month,Yes,Bank transfer (automatic),57.01,3419.17,No
CUST-00625,Female,1,No,Yes,3,Yes,Yes,DSL,Yes,Yes,Yes,Yes,No,No,Two year,No,Electronic check,42.55,133.39,No
CUST-00626,Male,0,Yes,No,23,No,No phone service,DSL,No,Yes,No,Yes,No,No,Two year,No,Bank transfer (automatic),72.77,1674.81,No
CUST-00627,Female,0,No,No,2,Yes,No,No,No internet service,No internet service,No internet service,No internet service,No internet service,No internet service,Two year,Yes,Bank transfer (automatic),18.83,32.04,No
CUST-00628,Male,0,No,No,0,Yes,No,No,No internet service,No internet service,No internet service,No internet service,No internet service,No internet service,Month-to-month,Yes,Electronic check,19.29,4.5,No
CUST-00629,Male,1,No,Yes,12,Yes,No,DSL,No,No,Yes,No,No,No,Month-to-month,No,Credit card (automatic),29.28,354.81,No
CUST-00630,Male,0,Yes,No,53,Yes,Yes,Fiber optic,Yes,No,Yes,No,Yes,No,Month-to-month,Yes,Electronic check,98.25,5213.62,Yes
CUST-00631,Female,0,Yes,No,39,Yes,Yes,Fiber optic,No,No,No,No,Yes,Yes,Month-to-month,No,Credit card (automatic),42.82,1673.53,No
CUST-00632,Male,0,No,Yes,10,Yes,Yes,Fiber optic,No,Yes,Yes,No,No,Yes,Month-to-month,No,Electronic check,68.35,685.85,Yes
CUST-00633,Male,0,Yes,No,41,Yes,Yes,No,No internet service,No internet service,No internet service,No internet service,No internet service,No internet service,Two year,Yes,Electronic check,40.36,1649.8,No
CUST-00634,Female,0,Yes,No,3,Yes,Yes,DSL,Yes,Yes,No,Yes,Yes,Yes,One year,No,Credit card (automatic),72.48,221.51,No
CUST-00635,Female,0,No,Yes,24,Yes,No,Fiber optic,No,No,No,No,Yes,Yes,Month-to-month,Yes,Electronic check,68.88,1652.39,No
CUST-00636,Male,1,No,No,35,Yes,Yes,Fiber optic,No,No,Yes,No,No,No,Month-to-month,Yes,Mailed check,58.07,2036.48,No
CUST-00637,Male,0,No,Yes,63,Yes,Yes,Fiber optic,Yes,No,Yes,Yes,Yes,No,Month-to-month,No,Electronic check,61.32,3874.31,No
CUST-00638,Female,1,No,No,43,Yes,Yes,Fiber optic,No,No,No,Yes,Yes,No,Month-to-month,Yes,Bank transfer (automatic),83.34,3589.65,No
CUST-00639,Female,0,No,No,39,Yes,No,Fiber optic,No,Yes,Yes,No,No,No,Month-to-month,Yes,Credit card (automatic),102.22,3988.01,No
CUST-00640,Female,0,Yes,No,44,Yes,No,DSL,No,Yes,No,No,Yes,Yes,Month-to-month,No,Credit card (automatic),49.94,2197.73,No
CUST-00641,Female,0,No,No,7,Yes,Yes,Fiber optic,Yes,No,Yes,No,Yes,Yes,Month-to-month,Yes,Credit card (automatic),71.21,496.38,No
CUST-00642,Female,0,Yes,No,34,No,No phone service,Fiber optic,Yes,Yes,No,Yes,Yes,Yes,Two year,No,Mailed check,103.42,3504.67,No
CUST-00643,Male,1,Yes,No,43,Yes,Yes,DSL,No,Yes,Yes,Yes,Yes,Yes,Two year,No,Bank transfer (automatic),34.79,1496.2,No
CUST-00644,Female,0,No,No,17,Yes,Yes,DSL,Yes,No,No,No,No,Yes,Two year,Yes,Electronic check,115.96,1968.75,No
CUST-00645,Male,0,No,Yes,46,Yes,No,Fiber optic,Yes,No,Yes,No,Yes,No,Month-to-month,Yes,Bank transfer (automatic),93.06,4282.37,No
CUST-00646,Male,0,Yes,Yes,24,Yes,Yes,DSL,Yes,No,No,Yes,Yes,No,One year,Yes,Credit card (automatic),54.61,1308.06,No
CUST-00647,Male,0,No,No,40,Yes,Yes,Fiber optic,No,Yes,No,No,No,No,Two year,No,Bank transfer (automatic),55.52,2221.91,No
CUST-00648,Female,0,Yes,No,4,Yes,Yes,No,No internet service,No internet service,No internet service,No internet service,No internet service,No internet service,Month-to-month,No,Credit card (automatic),38.53,160.35,No
CUST-00649,Male,0,No,Yes,63,Yes,Yes,DSL,Yes,No,No,No,No,No,One year,Yes,Credit card (automatic),44.79,2822.55,No
CUST-00650,Male,1,No,Yes,61,Yes,No,Fiber optic,Yes,Yes,Yes,No,Yes,No,Month-to-month,Yes,Mailed check,76.7,4673.27,Yes
CUST-00651,Female,0,Yes,No,71,Yes,Yes,Fiber optic,No,No,No,No,No,No,Month-to-month,No,Credit card (automatic),18.37,1300.12,Yes
CUST-00652,Male,0,Yes,No,2,Yes,Yes,Fiber optic,Yes,Yes,No,Yes,Yes,Yes,Two year,No,Bank transfer (automatic),20.32,44.09,No
CUST-00653,Male,0,No,No,36,Yes,Yes,DSL,No,Yes,Yes,Yes,No,Yes,One year,Yes,Mailed check,116.65,4203.17,No
CUST-00654,Female,1,No,No,40,Yes,Yes,No,No internet service,No internet service,No internet service,No internet service,No internet service,No internet service,One year,No,Bank transfer (automatic),41.55,1657.64,No
CUST-00655,Male,0,No,No,19,No,No phone service,Fiber optic,No,No,Yes,No,Yes,No,Month-to-month,Yes,Bank transfer (automatic),100.96,1918.1,Yes
CUST-00656,Male,0,Yes,No,66,Yes,No,DSL,Yes,No,Yes,Yes,Yes,No,Month-to-month,Yes,Electronic check,79.24,5234.36,No
CUST-00657,Male,0,No,No,39,Yes,No,Fiber optic,Yes,No,Yes,No,No,Yes,Two year,Yes,Bank transfer (automatic),62.6,2450.0,No
CUST-00658,Female,0,No,Yes,7,No,No phone service,Fiber optic,No,Yes,Yes,No,Yes,No,Month-to-month,Yes,Mailed check,91.22,639.42,No
CUST-00659,Female,0,No,No,4,Yes,No,No,No internet service,No internet service,No internet service,No internet service,No internet service,No internet service,Two year,Yes,Electronic check,23.0,91.0,No
CUST-00660,Female,1,No,No,24,Yes,Yes,No,No internet service,No internet service,No internet service,No internet service,No internet service,No internet service,Two year,Yes,Credit card (automatic),93.61,2244.79,No
CUST-00661,Male,0,Yes,No,38,Yes,Yes,DSL,No,Yes,No,No,Yes,No,Month-to-month,No,Electronic check,103.7,3941.32,No
CUST-00662,Male,0,Yes,Yes,36,Yes,Yes,Fiber optic,Yes,No,No,Yes,No,Yes,Month-to-month,No,Electronic check,46.02,1663.67,No
CUST-00663,Female,0,Yes,No,4,Yes,Yes,No,No internet service,No internet service,No internet service,No internet service,No internet service,No internet service,Month-to-month,Yes,Electronic check,48.16,193.36,No
CUST-00664,Male,0,No,Yes,7,Yes,Yes,Fiber optic,Yes,Yes,No,No,Yes,Yes,Month-to-month,Yes,Electronic check,28.3,200.6,Yes
CUST-00665,Male,0,No,Yes,3,Yes,Yes,Fiber optic,No,Yes,Yes,Yes,Yes,Yes,Month-to-month,Yes,Bank transfer (automatic),103.59,303.66,Yes
CUST-00666,Female,0,No,No,40,Yes,No,Fiber optic,Yes,Yes,Yes,Yes,No,No,Month-to-month,Yes,Electronic check,98.79,3959.57,No
CUST-00667,Female,0,Yes,No,59,Yes,Yes,Fiber optic,Yes,Yes,Yes,Yes,No,Yes,One year,No,Bank transfer (automatic),60.52,3577.36,No
CUST-00668,Male,0,Yes,No,53,Yes,No,Fiber optic,No,No,Yes,Yes,No,Yes,Two year,Yes,Bank transfer (automatic),55.77,2954.33,No
CUST-00669,Male,0,Yes,No,21,Yes,No,No,No internet service,No internet service,No internet service,No internet service,No internet service,No internet service,Month-to-month,Yes,Credit card (automatic),60.75,1275.23,No
CUST-00670,Male,0,Yes,No,18,Yes,No,DSL,Yes,No,No,No,No,Yes,Month-to-month,Yes,Bank transfer (automatic),60.03,1086.44,No
CUST-00671,Female,1,No,No,67,Yes,Yes,Fiber optic,Yes,Yes,Yes,No,No,No,Two year,Yes,Mailed check,60.96,4099.05,No
CUST-00672,Female,0,Yes,No,32,Yes,Yes,No,No internet service,No internet service,No internet service,No internet service,No internet service,No internet service,Month-to-month,No,Credit card (automatic),32.57,1033.82,No
CUST-00673,Female,0,Yes,Yes,21,Yes,Yes,DSL,No,Yes,Yes,Yes,No,No,Month-to-month,No,Credit card (automatic),19.35,403.8,Yes
CUST-00674,Female,0,No,No,64,Yes,Yes,Fiber optic,Yes,Yes,No,No,Yes,No,Month-to-month,Yes,Bank transfer (automatic),94.24,6029.39,No
CUST-00675,Male,0,Yes,No,10,Yes,Yes,Fiber optic,No,Yes,Yes,No,Yes,No,Month-to-month,No,Bank transfer (automatic),52.37,528.9,No
CUST-00676,Female,0,No,Yes,15,No,No phone service,Fiber optic,No,Yes,No,No,No,Yes,One year,Yes,Electronic check,67.09,1008.12,No
CUST-00677,Female,0,No,No,67,Yes,No,DSL,No,No,Yes,Yes,Yes,Yes,Month-to-month,Yes,Bank transfer (automatic),48.74,3263.02,Yes
CUST-00678,Female,0,No,No,43,Yes,Yes,DSL,No,Yes,Yes,No,Yes,Yes,Month-to-month,Yes,Electronic check,56.16,2407.8,No
CUST-00679,Female,0,No,No,8,Yes,No,Fiber optic,No,No,No,No,No,Yes,Month-to-month,Yes,Mailed check,25.49,208.98,Yes
CUST-00680,Female,0,No,No,71,Yes,No,Fiber optic,No,No,No,Yes,Yes,No,Two year,No,Credit card (automatic),55.03,3906.13,No
CUST-00681,Male,0,Yes,No,61,No,No phone service,Fiber optic,No,No,No,Yes,Yes,Yes,Month-to-month,Yes,Credit card (automatic),64.31,3917.12,Yes
CUST-00682,Male,0,Yes,Yes,14,No,No phone service,DSL,No,No,No,No,Yes,Yes,Month-to-month,Yes,Bank transfer (automatic),101.28,1414.51,No
CUST-00683,Female,0,No,Yes,5,Yes,Yes,Fiber optic,Yes,Yes,No,Yes,Yes,No,Month-to-month,No,Credit card (automatic),50.22,248.97,No
CUST-00684,Male,0,Yes,No,0,Yes,No,No,No internet service,No internet service,No internet service,No internet service,No internet service,No internet service,Two year,Yes,Credit card (automatic),26.85,0.0,No
CUST-00685,Female,0,No,No,19,Yes,No,Fiber optic,No,Yes,No,Yes,No,Yes,Month-to-month,Yes,Mailed check,93.92,1779.26,Yes
CUST-00686,Female,0,Yes,No,35,Yes,No,Fiber optic,Yes,Yes,Yes,No,No,No,Month-to-month,Yes,Credit card (automatic),55.56,1939.44,No
CUST-00687,Male,0,Yes,No,1,Yes,No,DSL,No,No,No,No,Yes,No,Two year,No,Electronic check,109.54,121.39,No
CUST-00688,Male,0,Yes,No,69,Yes,No,Fiber optic,No,Yes,Yes,No,No,Yes,Two year,Yes,Credit card (automatic),113.9,7860.75,No
CUST-00689,Female,1,Yes,No,1,Yes,No,Fiber optic,No,Yes,No,No,Yes,Yes,Month-to-month,Yes,Electronic check,105.19,103.13,Yes
CUST-00690,Female,0,Yes,Yes,2,Yes,No,Fiber optic,No,Yes,No,No,Yes,Yes,One year,Yes,Electronic check,40.66,83.21,No
CUST-00691,Female,0,Yes,Yes,6,No,No phone service,Fiber optic,No,Yes,Yes,No,No,No,Month-to-month,Yes,Electronic check,43.38,261.08,No
CUST-00692,Male,0,Yes,No,63,Yes,No,Fiber optic,No,No,No,Yes,Yes,Yes,Month-to-month,Yes,Electronic check,97.41,6132.3,Yes
CUST-00693,Female,0,No,No,40,Yes,Yes,DSL,No,Yes,No,No,Yes,Yes,Two year,Yes,Mailed check,62.61,2494.82,No
CUST-00694,Female,1,No,No,53,Yes,Yes,DSL,No,Yes,Yes,No,Yes,Yes,Two year,Yes,Mailed check,47.78,2529.69,No
CUST-00695,Female,0,No,No,40,Yes,No,Fiber optic,No,No,Yes,No,No,Yes,Month-to-month,No,Credit card (automatic),47.39,1894.69,No
CUST-00696,Male,0,Yes,No,4,Yes,No,Fiber optic,Yes,Yes,Yes,Yes,No,Yes,Month-to-month,No,Mailed check,75.75,302.45,Yes
CUST-00697,Female,0,Yes,No,62,Yes,Yes,Fiber optic,Yes,Yes,Yes,Yes,No,Yes,Month-to-month,Yes,Electronic check,107.5,6655.84,No
CUST-00698,Female,0,No,No,0,Yes,No,Fiber optic,Yes,Yes,Yes,No,No,Yes,One year,No,Mailed check,79.89,12.4,No
CUST-00699,Male,0,No,No,24,Yes,Yes,DSL,Yes,Yes,Yes,Yes,Yes,Yes,Month-to-month,No,Bank transfer (automatic),80.03,1932.73,No
CUST-00700,Female,0,Yes,No,45,Yes,No,No,No internet service,No internet service,No internet service,No internet service,No internet service,No internet service,Two year,Yes,Bank transfer (automatic),92.69,4173.27,No
CUST-00701,Female,1,No,No,14,No,No phone service,Fiber optic,No,No,Yes,No,No,No,One year,No,Mailed check,94.03,1316.55,Yes
CUST-00702,Male,0,No,Yes,68,Yes,Yes,Fiber optic,No,Yes,No,Yes,Yes,No,Month-to-month,No,Bank transfer (automatic),108.95,7405.78,No
CUST-00703,Female,0,No,No,16,Yes,Yes,Fiber optic,Yes,Yes,Yes,Yes,No,No,One year,No,Credit card (automatic),34.21,550.25,No
CUST-00704,Male,1,No,No,20,Yes,Yes,No,No internet service,No internet service,No internet service,No internet service,No internet service,No internet service,Month-to-month,Yes,Bank transfer (automatic),116.46,2328.61,Yes
CUST-00705,Male,0,Yes,No,52,Yes,Yes,No,No internet service,No internet service,No internet service,No internet service,No internet service,No internet service,Month-to-month,Yes,Credit card (automatic),50.88,2652.02,No
CUST-00706,Female,1,No,No,54,Yes,No,Fiber optic,Yes,Yes,Yes,Yes,Yes,Yes,Month-to-month,Yes,Mailed check,46.16,2497.21,No
CUST-00707,Female,1,No,No,9,Yes,Yes,Fiber optic,Yes,Yes,No,No,No,Yes,Month-to-month,Yes,Electronic check,68.98,616.57,No
CUST-00708,Female,0,No,Yes,56,Yes,Yes,No,No internet service,No internet service,No internet service,No internet service,No internet service,No internet service,Month-to-month,Yes,Mailed check,44.44,2485.2,No
CUST-00709,Female,0,No,No,64,Yes,Yes,Fiber optic,No,No,No,Yes,No,No,Month-to-month,Yes,Credit card (automatic),41.29,2647.41,No
CUST-00710,Male,0,Yes,Yes,36,Yes,No,No,No internet service,No internet service,No internet service,No internet service,No internet service,No internet service,Month-to-month,Yes,Bank transfer (automatic),114.68,4131.95,No
CUST-00711,Female,1,No,Yes,6,Yes,No,Fiber optic,Yes,No,No,No,No,No,Month-to-month,Yes,Mailed check,28.4,164.83,No
CUST-00712,Male,0,No,No,39,Yes,Yes,DSL,No,No,No,Yes,Yes,Yes,Month-to-month,Yes,Mailed check,116.99,4560.32,No
CUST-00713,Female,0,No,No,49,Yes,No,No,No internet service,No internet service,No internet service,No internet service,No internet service,No internet service,One year,No,Mailed check,80.25,3931.48,No
CUST-00714,Female,1,No,No,0,Yes,Yes,Fiber optic,No,Yes,No,Yes,No,No,Month-to-month,Yes,Credit card (automatic),113.86,0.0,No
CUST-00715,Female,1,No,No,19,Yes,No,Fiber optic,Yes,Yes,No,Yes,No,Yes,One year,Yes,Bank transfer (automatic),107.74,2046.7,No
CUST-00716,Male,0,Yes,No,30,Yes,Yes,No,No internet service,No internet service,No internet service,No internet service,No internet service,No internet service,Two year,Yes,Mailed check,82.84,2489.7,No
CUST-00717,Female,0,No,Yes,67,Yes,Yes,No,No internet service,No internet service,No internet service,No internet service,No internet service,No internet service,Month-to-month,No,Electronic check,76.98,5158.39,No
CUST-00718,Female,1,No,Yes,11,No,No phone service,DSL,No,Yes,No,No,Yes,Yes,Month-to-month,No,Credit card (automatic),117.26,1290.26,No
CUST-00719,Female,0,Yes,No,21,Yes,Yes,Fiber optic,Yes,No,Yes,Yes,Yes,No,One year,No,Credit card (automatic),69.52,1456.14,No
CUST-00720,Female,1,No,Yes,0,Yes,Yes,Fiber optic,No,No,Yes,Yes,Yes,No,Month-to-month,Yes,Bank transfer (automatic),35.88,0.84,No
CUST-00721,Male,0,Yes,No,0,Yes,Yes,Fiber optic,No,No,No,No,No,No,Month-to-month,No,Electronic check,117.29,0.0,No
CUST-00722,Female,0,No,No,2,Yes,No,DSL,No,Yes,No,Yes,No,No,One year,No,Mailed check,50.35,98.3,No
CUST-00723,Male,0,Yes,No,20,Yes,No,DSL,Yes,No,Yes,No,No,Yes,Month-to-month,Yes,Bank transfer (automatic),26.74,529.05,No
CUST-00724,Male,0,Yes,Yes,12,Yes,Yes,DSL,Yes,Yes,Yes,No,Yes,Yes,Two year,No,Credit card (automatic),89.69,1082.66,No
CUST-00725,Male,0,No,No,60,Yes,Yes,DSL,No,Yes,No,Yes,Yes,Yes,Month-to-month,Yes,Electronic check,62.6,3764.9,No
CUST-00726,Male,0,Yes,No,12,Yes,Yes,DSL,No,Yes,Yes,Yes,No,No,Month-to-month,Yes,Mailed check,56.8,682.82,No
CUST-00727,Male,0,No,Yes,32,Yes,No,Fiber optic,No,Yes,Yes,No,No,Yes,One year,No,Credit card (automatic),81.16,2604.29,No
CUST-00728,Male,0,Yes,No,5,Yes,Yes,Fiber optic,Yes,Yes,Yes,Yes,Yes,No,One year,No,Mailed check,23.29,117.6,No
CUST-00729,Female,0,Yes,No,24,Yes,Yes,DSL,Yes,Yes,No,No,Yes,Yes,Month-to-month,Yes,Bank transfer (automatic),87.82,2100.75,No
CUST-00730,Male,0,No,No,22,Yes,Yes,Fiber optic,No,No,No,Yes,No,No,Month-to-month,No,Electronic check,68.34,1504.98,Yes
CUST-00731,Male,0,Yes,No,25,Yes,No,Fiber optic,No,No,No,No,No,Yes,Month-to-month,No,Bank transfer (automatic),67.02,1673.8,Yes
CUST-00732,Male,0,No,Yes,3,Yes,Yes,Fiber optic,Yes,Yes,No,Yes,No,Yes,One year,Yes,Mailed check,108.0,326.38,No
CUST-00733,Female,0,Yes,No,34,Yes,No,DSL,Yes,No,No,Yes,Yes,Yes,One year,Yes,Mailed check,101.12,3445.93,No
CUST-00734,Female,0,Yes,No,24,Yes,Yes,DSL,Yes,No,Yes,Yes,Yes,No,Month-to-month,No,Credit card (automatic),71.16,1705.31,No
CUST-00735,Male,0,No,Yes,19,Yes,Yes,Fiber optic,No,No,No,No,No,No,Two year,No,Electronic check,75.83,1442.71,No
CUST-00736,Female,0,No,No,0,Yes,Yes,Fiber optic,Yes,No,Yes,No,Yes,Yes,Month-to-month,Yes,Electronic check,98.7,4.31,No
CUST-00737,Male,1,Yes,Yes,67,Yes,No,DSL,Yes,No,No,Yes,No,Yes,Month-to-month,No,Mailed check,59.13,3968.48,Yes
CUST-00738,Male,1,No,No,22,Yes,Yes,DSL,No,No,Yes,Yes,No,Yes,Month-to-month,Yes,Mailed check,85.12,1877.57,Yes
CUST-00739,Female,0,No,Yes,21,Yes,Yes,No,No internet service,No internet service,No internet service,No internet service,No internet service,No internet service,Month-to-month,Yes,Mailed check,72.08,1508.11,No
CUST-00740,Male,1,Yes,No,61,Yes,Yes,Fiber optic,Yes,Yes,No,Yes,No,Yes,One year,No,Credit card (automatic),67.96,4139.98,No
CUST-00741,Female,0,Yes,No,0,Yes,No,No,No internet service,No internet service,No internet service,No internet service,No internet service,No internet service,Month-to-month,Yes,Mailed check,116.47,3.82,No
CUST-00742,Female,0,No,No,58,Yes,Yes,No,No internet service,No internet service,No internet service,No internet service,No internet service,No internet service,Two year,Yes,Electronic check,19.75,1143.58,No
CUST-00743,Male,0,Yes,No,67,Yes,Yes,Fiber optic,No,Yes,No,Yes,No,Yes,Month-to-month,Yes,Electronic check,59.46,3978.9,No
CUST-00744,Male,0,No,No,18,Yes,Yes,Fiber optic,No,Yes,Yes,No,Yes,No,Month-to-month,No,Credit card (automatic),111.02,2004.3,No
CUST-00745,Female,0,No,No,29,No,No phone service,DSL,No,Yes,Yes,Yes,Yes,No,Month-to-month,Yes,Electronic check,110.81,3211.64,No
CUST-00746,Male,0,No,No,0,Yes,No,DSL,No,No,Yes,Yes,No,Yes,Month-to-month,Yes,Credit card (automatic),92.77,8.15,No
CUST-00747,Male,0,No,No,47,Yes,No,No,No internet service,No internet service,No internet service,No internet service,No internet service,No internet service,Month-to-month,No,Bank transfer (automatic),77.19,3625.73,No
CUST-00748,Male,0,No,No,18,Yes,No,Fiber optic,No,Yes,Yes,No,Yes,No,Month-to-month,No,Mailed check,87.08,1563.71,No
CUST-00749,Female,0,No,No,51,Yes,No,DSL,Yes,Yes,Yes,Yes,Yes,Yes,Month-to-month,Yes,Mailed check,43.29,2207.47,No
CUST-00750,Female,0,Yes,No,21,Yes,Yes,No,No internet service,No internet service,No internet service,No internet service,No internet service,No internet service,One year,Yes,Electronic check,66.84,1407.43,No
CUST-00751,Male,0,No,No,49,Yes,No,DSL,Yes,No,Yes,No,No,No,Month-to-month,Yes,Mailed check,71.61,3510.35,No
CUST-00752,Female,0,Yes,Yes,65,Yes,No,Fiber optic,Yes,No,Yes,No,No,Yes,One year,No,Electronic check,24.37,1593.51,No
CUST-00753,Female,0,No,No,5,No,No phone service,DSL,No,No,Yes,Yes,Yes,Yes,One year,Yes,Mailed check,104.62,523.96,No
CUST-00754,Female,0,Yes,Yes,63,No,No phone service,Fiber optic,Yes,Yes,No,No,Yes,Yes,Month-to-month,Yes,Credit card (automatic),63.67,4010.33,No
CUST-00755,Female,1,Yes,No,20,Yes,No,Fiber optic,Yes,No,No,No,Yes,No,Month-to-month,No,Mailed check,107.89,2165.35,No
CUST-00756,Female,0,Yes,Yes,18,Yes,No,Fiber optic,Yes,No,No,No,Yes,Yes,Month-to-month,No,Credit card (automatic),57.0,1028.98,No
CUST-00757,Male,0,No,No,36,Yes,Yes,No,No internet service,No internet service,No internet service,No internet service,No internet service,No internet service,Month-to-month,Yes,Mailed check,58.89,2117.97,No
CUST-00758,Male,0,Yes,No,62,Yes,Yes,Fiber optic,Yes,No,No,Yes,Yes,No,One year,No,Credit card (automatic),42.42,2631.23,No
CUST-00759,Male,0,Yes,No,28,Yes,No,DSL,Yes,No,No,No,Yes,No,Month-to-month,Yes,Credit card (automatic),82.43,2309.13,No
CUST-00760,Female,0,No,No,59,No,No phone service,No,No internet service,No internet service,No internet service,No internet service,No internet service,No internet service,Month-to-month,No,Bank transfer (automatic),72.85,4297.12,No
CUST-00761,Female,0,Yes,No,33,Yes,No,Fiber optic,Yes,No,No,Yes,Yes,Yes,Month-to-month,Yes,Electronic check,109.3,3607.81,No
CUST-00762,Male,0,Yes,No,0,Yes,No,Fiber optic,No,Yes,Yes,Yes,Yes,No,Month-to-month,No,Mailed check,60.92,0.0,No
CUST-00763,Female,0,No,No,47,Yes,Yes,DSL,No,Yes,No,Yes,No,No,One year,Yes,Mailed check,82.81,3890.29,No
CUST-00764,Male,0,Yes,No,20,Yes,No,DSL,No,No,Yes,Yes,Yes,No,One year,Yes,Electronic check,88.76,1777.36,No
CUST-00765,Male,0,Yes,No,33,Yes,Yes,Fiber optic,No,No,Yes,No,Yes,Yes,Month-to-month,No,Credit card (automatic),49.99,1647.03,No
CUST-00766,Male,0,No,No,25,Yes,Yes,Fiber optic,No,Yes,No,No,No,No,One year,No,Bank transfer (automatic),106.08,2647.54,No
CUST-00767,Female,0,Yes,Yes,35,Yes,Yes,DSL,Yes,No,No,Yes,No,Yes,Two year,Yes,Electronic check,56.09,1962.95,No
CUST-00768,Female,0,Yes,No,22,Yes,Yes,DSL,No,No,No,Yes,No,Yes,One year,Yes,Mailed check,81.74,1795.92,No
CUST-00769,Male,0,Yes,No,46,Yes,No,DSL,No,No,Yes,No,Yes,No,Two year,No,Electronic check,79.58,3654.07,No
CUST-00770,Male,0,Yes,No,43,Yes,Yes,DSL,Yes,Yes,Yes,Yes,Yes,No,Month-to-month,Yes,Bank transfer (automatic),60.14,2579.53,No
CUST-00771,Male,0,No,No,19,Yes,No,DSL,No,Yes,Yes,No,Yes,Yes,Two year,Yes,Bank transfer (automatic),36.33,692.31,No
CUST-00772,Male,0,No,No,26,Yes,No,Fiber optic,Yes,Yes,No,Yes,No,No,Month-to-month,No,Credit card (automatic),77.25,2008.95,Yes
CUST-00773,Female,0,No,No,60,Yes,Yes,No,No internet service,No internet service,No internet service,No internet service,No internet service,No internet service,Two year,No,Mailed check,55.55,3334.57,No
CUST-00774,Female,1,No,Yes,36,Yes,Yes,Fiber optic,Yes,Yes,Yes,Yes,Yes,Yes,One year,No,Mailed check,55.91,2011.27,No
CUST-00775,Male,0,Yes,No,51,Yes,Yes,Fiber optic,Yes,No,Yes,No,No,Yes,Month-to-month,Yes,Credit card (automatic),67.29,3424.22,No
CUST-00776,Male,1,No,Yes,61,Yes,No,DSL,No,Yes,No,No,Yes,Yes,Two year,Yes,Credit card (automatic),85.72,5224.55,No
CUST-00777,Female,0,No,No,65,Yes,Yes,DSL,Yes,Yes,No,No,No,Yes,Month-to-month,Yes,Electronic check,90.96,5910.79,No
CUST-00778,Female,0,Yes,No,23,Yes,No,Fiber optic,No,Yes,Yes,No,No,No,Month-to-month,No,Electronic check,60.71,1398.51,No
CUST-00779,Male,0,Yes,Yes,11,Yes,No,Fiber optic,No,Yes,Yes,Yes,Yes,Yes,Month-to-month,No,Electronic check,29.99,321.15,Yes
CUST-00780,Male,0,Yes,No,15,Yes,No,No,No internet service,No internet service,No internet service,No internet service,No internet service,No internet service,One year,Yes,Electronic check,97.17,1445.99,No
CUST-00781,Male,0,No,No,35,Yes,No,DSL,No,No,No,No,Yes,No,Month-to-month,No,Credit card (automatic),84.94,2980.14,No
CUST-00782,Female,0,Yes,Yes,1,Yes,Yes,Fiber optic,Yes,No,No,No,No,Yes,Two year,No,Bank transfer (automatic),98.07,101.06,No
CUST-00783,Female,0,Yes,No,61,Yes,Yes,Fiber optic,Yes,No,Yes,No,Yes,No,Month-to-month,Yes,Bank transfer (automatic),49.59,3020.61,No
CUST-00784,Female,0,Yes,Yes,63,Yes,Yes,No,No internet service,No internet service,No internet service,No internet service,No internet service,No internet service,Month-to-month,No,Electronic check,108.91,6860.16,No
CUST-00785,Male,0,No,No,28,Yes,Yes,Fiber optic,Yes,No,Yes,Yes,No,Yes,Month-to-month,No,Electronic check,44.27,1237.45,Yes
CUST-00786,Male,1,No,No,30,Yes,Yes,No,No internet service,No internet service,No internet service,No internet service,No internet service,No internet service,Two year,Yes,Credit card (automatic),46.98,1410.85,No
CUST-00787,Female,0,No,No,14,Yes,Yes,Fiber optic,No,Yes,Yes,No,Yes,No,Month-to-month,Yes,Electronic check,71.64,1000.42,No
CUST-00788,Female,0,No,No,54,Yes,No,Fiber optic,Yes,No,Yes,No,No,Yes,Month-to-month,Yes,Mailed check,117.73,6351.68,No
CUST-00789,Male,0,No,No,32,Yes,Yes,No,No internet service,No internet service,No internet service,No internet service,No internet service,No internet service,Two year,No,Bank transfer (automatic),38.22,1225.49,No
CUST-00790,Female,0,No,Yes,51,Yes,No,Fiber optic,Yes,No,Yes,Yes,Yes,Yes,Month-to-month,No,Electronic check,101.85,5203.42,Yes
CUST-00791,Female,0,No,No,19,Yes,No,No,No internet service,No internet service,No internet service,No internet service,No internet service,No internet service,Month-to-month,Yes,Electronic check,18.24,349.21,No
CUST-00792,Male,1,Yes,No,37,Yes,No,DSL,Yes,Yes,No,No,No,Yes,One year,No,Bank transfer (automatic),41.75,1545.13,No
CUST-00793,Female,0,Yes,Yes,2,Yes,No,DSL,No,Yes,Yes,Yes,Yes,No,Month-to-month,No,Bank transfer (automatic),52.61,104.15,No
CUST-00794,Male,0,Yes,No,53,No,No phone service,Fiber optic,Yes,No,No,Yes,No,Yes,Month-to-month,No,Mailed check,82.86,4387.64,No
CUST-00795,Male,0,No,Yes,65,Yes,Yes,Fiber optic,No,No,Yes,Yes,Yes,No,Month-to-month,Yes,Mailed check,29.38,1907.66,No
CUST-00796,Male,0,No,No,17,Yes,No,Fiber optic,No,Yes,Yes,Yes,No,Yes,One year,No,Credit card (automatic),30.87,526.75,No
CUST-00797,Male,0,Yes,No,6,Yes,No,DSL,Yes,Yes,Yes,No,No,No,One year,Yes,Mailed check,32.64,201.78,No
CUST-00798,Male,0,Yes,No,34,Yes,Yes,Fiber optic,No,No,Yes,Yes,Yes,Yes,One year,Yes,Mailed check,84.26,2871.0,No
CUST-00799,Male,1,No,No,59,Yes,No,DSL,Yes,Yes,Yes,Yes,Yes,No,Month-to-month,Yes,Electronic check,29.46,1738.99,No
CUST-00800,Male,0,No,No,23,Yes,Yes,No,No internet service,No internet service,No internet service,No internet service,No internet service,No internet service,Month-to-month,Yes,Electronic check,57.82,1330.79,No
CUST-00801,Female,1,No,Yes,38,Yes,No,DSL,Yes,Yes,No,Yes,No,Yes,Month-to-month,Yes,Mailed check,33.67,1279.72,Yes
CUST-00802,Male,0,No,No,11,Yes,No,DSL,Yes,No,Yes,No,No,No,One year,Yes,Credit card (automatic),56.21,621.17,No
CUST-00803,Male,0,No,No,52,Yes,Yes,DSL,Yes,Yes,Yes,No,Yes,No,Month-to-month,No,Credit card (automatic),89.4,4649.04,No
CUST-00804,Female,0,No,No,63,Yes,Yes,No,No internet service,No internet service,No internet service,No internet service,No internet service,No internet service,Month-to-month,No,Bank transfer (automatic),45.77,2883.83,No
CUST-00805,Female,0,No,No,3,Yes,Yes,Fiber optic,No,Yes,No,Yes,Yes,No,Month-to-month,No,Mailed check,79.76,234.98,Yes
CUST-00806,Female,1,No,Yes,4,Yes,Yes,Fiber optic,Yes,No,No,Yes,Yes,No,Month-to-month,Yes,Bank transfer (automatic),42.85,166.98,No
CUST-00807,Male,0,Yes,No,15,Yes,Yes,Fiber optic,No,Yes,Yes,No,Yes,Yes,Month-to-month,Yes,Mailed check,91.76,1372.94,No
CUST-00808,Female,0,No,Yes,26,Yes,Yes,No,No internet service,No internet service,No internet service,No internet service,No internet service,No internet service,Month-to-month,Yes,Mailed check,95.71,2489.66,No
CUST-00809,Male,0,No,Yes,3,Yes,Yes,DSL,Yes,No,No,No,Yes,No,Two year,No,Electronic check,49.04,145.59,No
CUST-00810,Male,0,No,No,71,Yes,No,DSL,No,No,No,No,No,Yes,Two year,Yes,Mailed check,20.38,1459.89,No
CUST-00811,Male,0,Yes,Yes,47,Yes,Yes,Fiber optic,No,No,Yes,Yes,Yes,No,One year,No,Electronic check,30.91,1454.71,No
CUST-00812,Male,0,Yes,Yes,7,Yes,No,Fiber optic,No,Yes,No,Yes,Yes,Yes,One year,Yes,Credit card (automatic),67.1,477.55,No
CUST-00813,Female,0,No,No,45,Yes,Yes,DSL,No,Yes,Yes,No,Yes,Yes,Two year,No,Credit card (automatic),56.21,2536.87,No
CUST-00814,Female,0,Yes,Yes,43,Yes,Yes,Fiber optic,Yes,No,No,Yes,No,No,Month-to-month,Yes,Mailed check,52.56,2262.2,No
CUST-00815,Male,0,Yes,Yes,66,Yes,No,Fiber optic,Yes,No,Yes,No,No,No,Month-to-month,Yes,Credit card (automatic),75.93,5011.18,No
CUST-00816,Male,0,Yes,Yes,51,Yes,No,Fiber optic,No,No,Yes,Yes,No,No,Two year,Yes,Mailed check,34.15,1737.16,No
CUST-00817,Male,0,No,Yes,33,Yes,No,No,No internet service,No internet service,No internet service,No internet service,No internet service,No internet service,One year,Yes,Bank transfer (automatic),63.67,2098.1,No
CUST-00818,Female,1,No,No,61,Yes,No,Fiber optic,Yes,No,Yes,No,No,No,Month-to-month,Yes,Credit card (automatic),38.34,2342.94,Yes
CUST-00819,Male,0,No,No,20,Yes,Yes,Fiber optic,No,No,No,No,No,Yes,Month-to-month,No,Mailed check,116.11,2323.55,No
CUST-00820,Male,0,No,No,23,Yes,Yes,DSL,No,Yes,Yes,Yes,No,No,Month-to-month,Yes,Bank transfer (automatic),22.86,522.57,No
CUST-00821,Female,0,No,No,43,Yes,Yes,No,No internet service,No internet service,No internet service,No internet service,No internet service,No internet service,Month-to-month,Yes,Bank transfer (automatic),19.58,840.9,No
CUST-00822,Female,0,No,Yes,40,Yes,Yes,DSL,Yes,Yes,No,No,Yes,Yes,One year,Yes,Mailed check,74.42,2978.45,No
CUST-00823,Male,0,No,Yes,28,Yes,Yes,No,No internet service,No internet service,No internet service,No internet service,No internet service,No internet service,Month-to-month,Yes,Credit card (automatic),24.26,679.4,No
CUST-00824,Female,0,Yes,Yes,5,Yes,No,Fiber optic,Yes,Yes,No,No,Yes,No,One year,Yes,Credit card (automatic),99.1,494.31,No
CUST-00825,Female,0,No,No,55,Yes,Yes,DSL,No,No,No,Yes,No,Yes,Two year,Yes,Mailed check,99.96,5497.53,No
CUST-00826,Male,0,No,No,13,Yes,Yes,DSL,Yes,Yes,Yes,No,No,No,Month-to-month,No,Electronic check,61.23,783.91,No
CUST-00827,Female,1,No,No,49,Yes,No,No,No internet service,No internet service,No internet service,No internet service,No internet service,No internet service,Month-to-month,Yes,Credit card (automatic),101.84,4990.25,No
CUST-00828,Male,0,No,No,51,Yes,No,No,No internet service,No internet service,No internet service,No internet service,No internet service,No internet service,One year,Yes,Credit card (automatic),92.05,4689.26,No
CUST-00829,Female,0,No,Yes,0,Yes,No,No,No internet service,No internet service,No internet service,No internet service,No internet service,No internet service,Month-to-month,Yes,Credit card (automatic),31.54,1.82,No
CUST-00830,Male,0,No,No,11,No,No phone service,Fiber optic,Yes,Yes,No,Yes,No,No,Month-to-month,Yes,Mailed check,103.96,1144.23,No
CUST-00831,Male,0,No,No,23,Yes,No,DSL,Yes,No,Yes,No,Yes,Yes,Month-to-month,Yes,Mailed check,105.43,2428.63,No
CUST-00832,Male,1,No,No,36,Yes,No,Fiber optic,No,Yes,Yes,No,No,Yes,Month-to-month,Yes,Mailed check,50.27,1813.51,Yes
CUST-00833,Female,0,Yes,No,69,No,No phone service,DSL,No,No,Yes,Yes,Yes,Yes,Two year,No,Bank transfer (automatic),95.5,6598.1,No
CUST-00834,Male,0,Yes,No,2,Yes,No,Fiber optic,Yes,Yes,No,Yes,No,No,Two year,No,Credit card (automatic),107.74,205.56,No
CUST-00835,Female,0,No,No,26,No,No phone service,Fiber optic,Yes,Yes,Yes,Yes,Yes,Yes,Month-to-month,No,Electronic check,92.56,2405.93,No
CUST-00836,Male,0,No,No,52,Yes,Yes,Fiber optic,No,No,Yes,Yes,Yes,Yes,One year,Yes,Credit card (automatic),27.4,1414.6,Yes
CUST-00837,Male,0,Yes,No,16,Yes,Yes,DSL,Yes,Yes,Yes,Yes,Yes,No,Month-to-month,Yes,Bank transfer (automatic),27.46,441.81,No
CUST-00838,Female,0,No,No,14,Yes,No,No,No internet service,No internet service,No internet service,No internet service,No internet service,No internet service,Month-to-month,Yes,Credit card (automatic),116.24,1626.52,No
CUST-00839,Male,0,No,Yes,38,Yes,No,No,No internet service,No internet service,No internet service,No internet service,No internet service,No internet service,Two year,Yes,Mailed check,72.14,2738.97,No
CUST-00840,Male,0,Yes,No,3,Yes,No,Fiber optic,No,Yes,No,No,No,No,Month-to-month,Yes,Credit card (automatic),82.44,248.66,No
CUST-00841,Female,0,No,No,16,Yes,No,No,No internet service,No internet service,No internet service,No internet service,No internet service,No internet service,One year,No,Electronic check,109.23,1742.42,No
CUST-00842,Male,0,No,Yes,10,Yes,No,Fiber optic,Yes,Yes,No,No,No,Yes,Month-to-month,Yes,Credit card (automatic),18.74,196.64,No
CUST-00843,Male,0,No,No,11,Yes,No,DSL,No,Yes,No,Yes,No,No,Month-to-month,No,Mailed check,60.67,666.15,No
CUST-00844,Male,0,Yes,Yes,31,Yes,Yes,No,No internet service,No internet service,No internet service,No internet service,No internet service,No internet service,Month-to-month,No,Credit card (automatic),74.64,2314.22,No
CUST-00845,Male,0,Yes,No,26,Yes,No,DSL,Yes,Yes,No,No,Yes,No,Month-to-month,Yes,Mailed check,18.21,472.82,No
CUST-00846,Female,0,No,No,43,Yes,No,DSL,No,Yes,No,No,Yes,Yes,Month-to-month,No,Bank transfer (automatic),80.44,3463.53,No
CUST-00847,Female,0,Yes,No,42,Yes,No,DSL,Yes,Yes,No,No,No,No,Month-to-month,No,Bank transfer (automatic),103.09,4323.77,No
CUST-00848,Male,0,Yes,Yes,48,Yes,No,Fiber optic,No,Yes,Yes,No,Yes,No,Month-to-month,No,Bank transfer (automatic),23.49,1131.66,No
CUST-00849,Female,0,Yes,No,42,Yes,Yes,Fiber optic,No,Yes,No,Yes,Yes,Yes,Two year,Yes,Credit card (automatic),98.42,4131.05,No
CUST-00850,Male,0,No,No,2,Yes,No,DSL,No,Yes,Yes,Yes,No,No,Month-to-month,Yes,Credit card (automatic),115.75,228.95,No
CUST-00851,Female,0,Yes,No,28,Yes,Yes,No,No internet service,No internet service,No internet service,No internet service,No internet service,No internet service,Two year,Yes,Bank transfer (automatic),110.03,3085.24,No
CUST-00852,Male,1,Yes,No,34,No,No phone service,No,No internet service,No internet service,No internet service,No internet service,No internet service,No internet service,Month-to-month,Yes,Bank transfer (automatic),71.7,2436.46,No
CUST-00853,Male,1,Yes,No,47,Yes,No,DSL,Yes,Yes,Yes,Yes,Yes,Yes,One year,Yes,Mailed check,104.05,4893.42,No
CUST-00854,Male,1,No,No,38,Yes,No,Fiber optic,No,No,Yes,No,No,No,Two year,Yes,Mailed check,95.06,3615.44,No
CUST-00855,Male,0,Yes,Yes,23,Yes,No,No,No internet service,No internet service,No internet service,No internet service,No internet service,No internet service,One year,No,Electronic check,99.77,2292.96,No
CUST-00856,Male,0,Yes,Yes,19,No,No phone service,Fiber optic,Yes,No,No,Yes,No,No,Month-to-month,No,Mailed check,57.81,1099.55,No
CUST-00857,Male,0,No,No,14,Yes,No,DSL,No,Yes,Yes,No,Yes,No,Month-to-month,No,Credit card (automatic),65.56,915.42,Yes
CUST-00858,Female,0,Yes,Yes,17,Yes,Yes,DSL,No,No,Yes,Yes,No,Yes,Two year,No,Bank transfer (automatic),41.91,712.37,No
CUST-00859,Male,0,Yes,No,59,No,No phone service,No,No internet service,No internet service,No internet service,No internet service,No internet service,No internet service,Month-to-month,Yes,Electronic check,23.16,1368.81,No
CUST-00860,Female,0,Yes,Yes,40,Yes,No,Fiber optic,Yes,No,Yes,Yes,Yes,Yes,One year,Yes,Bank transfer (automatic),77.72,3104.02,No
CUST-00861,Male,0,No,No,68,Yes,Yes,Fiber optic,No,No,Yes,No,No,Yes,Month-to-month,No,Bank transfer (automatic),48.96,3331.48,No
CUST-00862,Female,1,No,No,10,Yes,Yes,Fiber optic,No,Yes,No,No,No,Yes,Month-to-month,No,Bank transfer (automatic),68.27,684.29,No
CUST-00863,Female,0,Yes,No,55,Yes,No,DSL,No,No,Yes,No,Yes,No,Month-to-month,Yes,Credit card (automatic),114.27,6277.41,Yes
CUST-00864,Female,0,Yes,No,17,Yes,No,DSL,Yes,No,No,No,No,No,One year,Yes,Mailed check,24.31,409.54,No
CUST-00865,Male,0,Yes,Yes,11,Yes,No,DSL,Yes,Yes,No,Yes,Yes,No,Month-to-month,No,Mailed check,105.35,1155.39,No
CUST-00866,Male,1,Yes,No,15,Yes,No,DSL,No,Yes,Yes,Yes,Yes,Yes,One year,No,Mailed check,26.68,397.98,No
CUST-00867,Female,0,Yes,No,26,Yes,No,DSL,Yes,Yes,Yes,Yes,No,Yes,One year,Yes,Credit card (automatic),83.36,2162.58,No
CUST-00868,Male,0,Yes,No,16,No,No phone service,DSL,Yes,Yes,Yes,Yes,No,No,Month-to-month,Yes,Mailed check,52.33,841.98,No
CUST-00869,Female,1,No,No,30,Yes,Yes,Fiber optic,Yes,No,Yes,No,Yes,Yes,Month-to-month,Yes,Bank transfer (automatic),28.01,845.6,Yes
CUST-00870,Male,0,Yes,No,34,Yes,No,DSL,Yes,Yes,No,Yes,Yes,Yes,Month-to-month,No,Credit card (automatic),93.69,3181.52,No
CUST-00871,Female,0,Yes,No,26,No,No phone service,Fiber optic,No,Yes,No,No,Yes,Yes,Month-to-month,No,Electronic check,87.86,2278.59,No
CUST-00872,Female,0,Yes,No,31,Yes,No,DSL,Yes,No,No,Yes,Yes,Yes,One year,No,Mailed check,82.03,2542.86,No
CUST-00873,Male,0,No,No,16,Yes,Yes,Fiber optic,Yes,No,Yes,No,No,Yes,Month-to-month,Yes,Credit card (automatic),114.49,1838.49,Yes
CUST-00874,Female,0,Yes,No,10,Yes,Yes,Fiber optic,No,No,Yes,Yes,Yes,No,Month-to-month,Yes,Electronic check,20.37,214.47,No
CUST-00875,Male,0,No,No,0,Yes,Yes,DSL,No,Yes,Yes,No,No,No,Two year,Yes,Bank transfer (automatic),61.47,0.0,No
CUST-00876,Female,1,Yes,No,48,Yes,No,Fiber optic,No,Yes,Yes,Yes,No,Yes,Month-to-month,Yes,Bank transfer (automatic),74.27,3553.59,Yes
CUST-00877,Female,1,Yes,Yes,40,Yes,Yes,Fiber optic,No,No,Yes,No,Yes,Yes,One year,Yes,Electronic check,53.77,2143.36,No
CUST-00878,Male,0,Yes,No,19,Yes,No,Fiber optic,No,No,No,No,Yes,No,Two year,Yes,Bank transfer (automatic),84.95,1605.14,No
CUST-00879,Male,0,Yes,No,70,Yes,Yes,DSL,Yes,Yes,No,Yes,No,No,One year,No,Credit card (automatic),107.92,7556.48,No
CUST-00880,Male,0,Yes,No,36,Yes,No,Fiber optic,Yes,Yes,No,Yes,No,No,Month-to-month,No,Mailed check,87.7,3157.69,No
CUST-00881,Female,0,Yes,No,15,Yes,No,DSL,Yes,Yes,No,No,Yes,Yes,Month-to-month,Yes,Bank transfer (automatic),74.94,1125.19,No
CUST-00882,Male,0,No,No,38,Yes,Yes,Fiber optic,No,No,No,Yes,Yes,Yes,Two year,No,Credit card (automatic),91.78,3493.27,No
CUST-00883,Female,0,Yes,No,44,Yes,No,DSL,No,No,Yes,Yes,Yes,No,Month-to-month,Yes,Mailed check,28.96,1282.38,No
CUST-00884,Female,0,Yes,No,63,Yes,No,Fiber optic,Yes,No,No,No,No,No,One year,Yes,Credit card (automatic),81.0,5107.21,No
CUST-00885,Male,0,Yes,No,46,No,No phone service,Fiber optic,No,Yes,No,No,No,Yes,One year,Yes,Bank transfer (automatic),58.72,2704.8,No
CUST-00886,Male,1,No,Yes,22,No,No phone service,No,No internet service,No internet service,No internet service,No internet service,No internet service,No internet service,Month-to-month,No,Credit card (automatic),49.88,1089.99,Yes
CUST-00887,Female,0,Yes,Yes,31,Yes,No,No,No internet service,No internet service,No internet service,No internet service,No internet service,No internet service,Two year,Yes,Mailed check,68.71,2127.47,No
CUST-00888,Female,0,No,Yes,48,No,No phone service,Fiber optic,Yes,No,Yes,Yes,No,No,Two year,No,Electronic check,98.47,4733.48,No
CUST-00889,Male,0,Yes,No,18,No,No phone service,No,No internet service,No internet service,No internet service,No internet service,No internet service,No internet service,Month-to-month,Yes,Bank transfer (automatic),59.26,1063.93,Yes
CUST-00890,Male,0,Yes,No,66,Yes,Yes,Fiber optic,No,No,Yes,Yes,No,No,Month-to-month,Yes,Bank transfer (automatic),88.24,5829.37,No
CUST-00891,Male,0,No,Yes,38,Yes,No,Fiber optic,Yes,Yes,Yes,Yes,No,No,One year,Yes,Mailed check,76.89,2922.44,No
CUST-00892,Male,0,No,No,59,No,No phone service,No,No internet service,No internet service,No internet service,No internet service,No internet service,No internet service,Two year,No,Credit card (automatic),109.62,6471.5,No
CUST-00893,Male,0,Yes,No,10,Yes,No,Fiber optic,Yes,Yes,Yes,No,Yes,Yes,Month-to-month,No,Mailed check,62.48,620.44,No
CUST-00894,Female,0,No,Yes,48,Yes,Yes,Fiber optic,Yes,Yes,Yes,Yes,Yes,Yes,Two year,Yes,Electronic check,99.99,4803.34,No
CUST-00895,Female,0,No,No,14,Yes,Yes,DSL,Yes,No,Yes,Yes,No,Yes,One year,Yes,Mailed check,102.2,1427.6,No
CUST-00896,Female,0,Yes,No,60,Yes,Yes,Fiber optic,Yes,Yes,No,No,No,Yes,One year,Yes,Electronic check,64.42,3866.35,No
CUST-00897,Female,0,Yes,No,42,Yes,Yes,DSL,Yes,No,No,Yes,No,No,Month-to-month,Yes,Bank transfer (automatic),66.86,2807.97,No
CUST-00898,Male,1,Yes,No,14,Yes,No,DSL,Yes,No,No,No,Yes,No,One year,No,Mailed check,51.34,724.72,No
CUST-00899,Male,0,No,No,4,Yes,Yes,No,No internet service,No internet service,No internet service,No internet service,No internet service,No internet service,Month-to-month,Yes,Mailed check,67.56,274.4,Yes
CUST-00900,Male,1,Yes,No,28,Yes,No,DSL,No,No,No,Yes,No,Yes,One year,No,Bank transfer (automatic),42.93,1193.21,No
CUST-00901,Female,0,Yes,No,61,Yes,No,DSL,No,No,Yes,No,No,No,Two year,No,Electronic check,103.83,6329.58,No
CUST-00902,Female,1,No,No,59,Yes,No,No,No internet service,No internet service,No internet service,No internet service,No internet service,No internet service,Two year,No,Electronic check,42.99,2533.23,No
CUST-00903,Male,0,No,No,68,Yes,Yes,DSL,No,No,No,No,No,Yes,Month-to-month,Yes,Credit card (automatic),43.76,2979.14,No
CUST-00904,Male,0,Yes,No,21,Yes,Yes,DSL,No,No,No,Yes,Yes,Yes,Month-to-month,Yes,Mailed check,107.57,2256.49,No
CUST-00905,Female,0,No,No,12,Yes,Yes,Fiber optic,No,Yes,Yes,Yes,Yes,No,Month-to-month,Yes,Credit card (automatic),71.22,849.19,Yes
CUST-00906,Female,0,No,Yes,49,No,No phone service,DSL,Yes,No,Yes,No,Yes,Yes,Month-to-month,Yes,Bank transfer (automatic),28.51,1390.17,No
CUST-00907,Male,0,No,No,46,Yes,No,No,No internet service,No internet service,No internet service,No internet service,No internet service,No internet service,Month-to-month,Yes,Mailed check,52.57,2421.86,No
CUST-00908,Male,0,Yes,No,28,Yes,Yes,DSL,No,No,No,Yes,Yes,Yes,Month-to-month,Yes,Electronic check,88.54,2468.75,No
CUST-00909,Female,0,Yes,No,16,Yes,No,No,No internet service,No internet service,No internet service,No internet service,No internet service,No internet service,Month-to-month,Yes,Electronic check,58.58,942.56,No
CUST-00910,Male,0,Yes,Yes,19,Yes,Yes,DSL,Yes,No,Yes,No,No,No,Month-to-month,No,Electronic check,60.32,1139.65,No
CUST-00911,Male,0,No,Yes,5,Yes,Yes,DSL,No,No,No,Yes,No,No,Month-to-month,No,Bank transfer (automatic),67.87,337.11,No
CUST-00912,Male,0,Yes,No,21,Yes,No,DSL,No,No,Yes,No,No,Yes,Month-to-month,No,Bank transfer (automatic),40.25,839.41,No
CUST-00913,Female,0,Yes,Yes,8,Yes,Yes,DSL,Yes,Yes,Yes,Yes,Yes,Yes,One year,Yes,Credit card (automatic),60.41,478.68,No
CUST-00914,Female,0,No,No,31,Yes,Yes,Fiber optic,Yes,Yes,Yes,Yes,Yes,Yes,One year,Yes,Bank transfer (automatic),39.53,1224.31,No
CUST-00915,Female,0,No,No,32,No,No phone service,Fiber optic,No,No,Yes,Yes,Yes,No,Month-to-month,Yes,Bank transfer (automatic),53.07,1697.56,No
CUST-00916,Female,1,Yes,No,69,Yes,Yes,No,No internet service,No internet service,No internet service,No internet service,No internet service,No internet service,One year,No,Credit card (automatic),71.24,4907.83,No
CUST-00917,Female,0,No,Yes,48,Yes,No,DSL,Yes,Yes,No,Yes,No,Yes,Two year,No,Mailed check,87.37,4191.73,No
CUST-00918,Female,0,Yes,Yes,29,Yes,No,Fiber optic,Yes,No,No,No,No,Yes,Month-to-month,No,Credit card (automatic),81.39,2360.83,No
CUST-00919,Female,1,Yes,Yes,15,Yes,Yes,DSL,No,Yes,Yes,No,Yes,Yes,One year,Yes,Electronic check,75.55,1135.59,No
CUST-00920,Male,0,Yes,Yes,64,Yes,No,Fiber optic,Yes,No,Yes,No,Yes,Yes,One year,Yes,Electronic check,77.55,4952.99,No
CUST-00921,Male,0,No,No,13,No,No phone service,Fiber optic,No,Yes,No,No,No,No,One year,Yes,Mailed check,69.09,895.78,No
CUST-00922,Male,0,No,No,55,Yes,Yes,Fiber optic,No,Yes,Yes,No,Yes,No,One year,Yes,Mailed check,79.46,4360.03,No
CUST-00923,Male,0,Yes,Yes,36,Yes,Yes,DSL,Yes,Yes,Yes,No,Yes,Yes,One year,No,Mailed check,55.55,1997.26,No
CUST-00924,Male,0,Yes,Yes,48,Yes,Yes,Fiber optic,Yes,Yes,Yes,Yes,No,Yes,Two year,No,Mailed check,107.94,5178.97,No
CUST-00925,Male,0,Yes,Yes,49,Yes,No,Fiber optic,No,No,No,No,Yes,No,Month-to-month,Yes,Mailed check,77.06,3779.09,No
CUST-00926,Male,0,Yes,No,35,Yes,No,Fiber optic,Yes,Yes,Yes,Yes,Yes,Yes,One year,No,Bank transfer (automatic),111.66,3912.97,No
CUST-00927,Female,0,No,No,51,Yes,Yes,DSL,No,Yes,Yes,No,No,Yes,Month-to-month,No,Mailed check,58.46,2976.35,Yes
CUST-00928,Female,0,Yes,No,22,Yes,No,Fiber optic,Yes,No,No,No,Yes,No,One year,Yes,Bank transfer (automatic),57.45,1265.37,No
CUST-00929,Male,0,Yes,No,65,Yes,No,No,No internet service,No internet service,No internet service,No internet service,No internet service,No internet service,Two year,Yes,Credit card (automatic),114.5,7445.78,No
CUST-00930,Male,0,No,No,70,Yes,Yes,DSL,No,No,No,Yes,Yes,No,Two year,No,Credit card (automatic),90.91,6359.96,No
CUST-00931,Female,0,Yes,No,44,Yes,Yes,Fiber optic,No,No,Yes,Yes,No,No,Month-to-month,No,Mailed check,69.87,3078.15,Yes
CUST-00932,Male,0,Yes,Yes,27,Yes,Yes,Fiber optic,No,Yes,No,Yes,Yes,Yes,Month-to-month,No,Mailed check,89.85,2426.63,No
CUST-00933,Male,0,Yes,No,19,Yes,No,Fiber optic,No,Yes,Yes,No,Yes,No,Two year,No,Credit card (automatic),57.67,1094.36,No
CUST-00934,Female,1,Yes,Yes,48,Yes,No,No,No internet service,No internet service,No internet service,No internet service,No internet service,No internet service,Two year,Yes,Bank transfer (automatic),93.88,4506.95,No
CUST-00935,Male,1,Yes,No,56,Yes,Yes,No,No internet service,No internet service,No internet service,No internet service,No internet service,No internet service,One year,No,Mailed check,38.96,2173.86,No
CUST-00936,Female,0,No,Yes,58,Yes,No,DSL,Yes,No,No,No,Yes,Yes,Two year,Yes,Mailed check,113.09,6559.92,No
CUST-00937,Male,0,No,No,25,Yes,Yes,No,No internet service,No internet service,No internet service,No internet service,No internet service,No internet service,Month-to-month,Yes,Mailed check,64.09,1598.02,No
CUST-00938,Female,0,No,Yes,18,Yes,Yes,Fiber optic,Yes,No,Yes,No,Yes,No,Two year,No,Credit card (automatic),27.29,491.36,Yes
CUST-00939,Female,0,No,No,12,Yes,Yes,Fiber optic,Yes,No,Yes,No,No,No,Two year,Yes,Mailed check,102.5,1227.97,No
CUST-00940,Female,0,Yes,No,61,Yes,No,Fiber optic,Yes,Yes,Yes,No,Yes,No,Month-to-month,Yes,Credit card (automatic),107.44,6555.28,Yes
CUST-00941,Male,0,No,No,13,Yes,No,No,No internet service,No internet service,No internet service,No internet service,No internet service,No internet service,Month-to-month,Yes,Mailed check,91.0,1188.96,No
CUST-00942,Female,0,No,No,10,Yes,No,Fiber optic,Yes,No,Yes,Yes,No,No,Month-to-month,No,Credit card (automatic),80.97,810.34,No
CUST-00943,Male,0,No,No,66,Yes,No,No,No internet service,No internet service,No internet service,No internet service,No internet service,No internet service,Month-to-month,Yes,Bank transfer (automatic),110.84,7320.44,No
CUST-00944,Male,1,No,No,11,No,No phone service,Fiber optic,No,Yes,No,No,Yes,No,Month-to-month,Yes,Mailed check,80.21,877.2,No
CUST-00945,Male,0,No,No,34,Yes,No,Fiber optic,Yes,Yes,Yes,Yes,No,No,Month-to-month,Yes,Bank transfer (automatic),97.14,3309.93,No
CUST-00946,Male,0,No,Yes,38,Yes,Yes,Fiber optic,No,No,No,No,Yes,Yes,Two year,Yes,Credit card (automatic),65.12,2469.5,No
CUST-00947,Female,0,No,No,31,Yes,Yes,Fiber optic,Yes,Yes,No,No,Yes,No,Month-to-month,Yes,Credit card (automatic),90.72,2806.05,No
CUST-00948,Female,0,No,No,13,Yes,Yes,Fiber optic,Yes,Yes,No,No,No,Yes,Month-to-month,Yes,Mailed check,117.9,1531.33,No
CUST-00949,Male,0,Yes,No,64,Yes,Yes,Fiber optic,No,No,No,No,No,Yes,Two year,Yes,Bank transfer (automatic),56.25,3597.78,No
CUST-00950,Male,0,No,No,26,Yes,No,Fiber optic,No,No,No,No,Yes,No,Month-to-month,Yes,Credit card (automatic),90.01,2332.35,No
CUST-00951,Female,0,Yes,No,59,Yes,Yes,No,No internet service,No internet service,No internet service,No internet service,No internet service,No internet service,Month-to-month,No,Bank transfer (automatic),32.89,1934.87,No
CUST-00952,Male,0,No,No,42,Yes,Yes,DSL,Yes,Yes,Yes,Yes,No,No,Month-to-month,No,Credit card (automatic),81.51,3405.45,No
CUST-00953,Female,0,No,No,64,No,No phone service,DSL,Yes,No,No,Yes,No,No,Month-to-month,No,Bank transfer (automatic),50.29,3211.8,No
CUST-00954,Male,0,No,No,54,Yes,No,Fiber optic,No,No,No,No,No,Yes,Month-to-month,No,Credit card (automatic),104.66,5648.34,No
CUST-00955,Male,0,Yes,Yes,34,Yes,Yes,Fiber optic,No,No,Yes,Yes,No,No,Month-to-month,No,Credit card (automatic),53.96,1842.09,No
CUST-00956,Female,1,Yes,Yes,31,No,No phone service,DSL,Yes,No,No,No,No,No,Month-to-month,Yes,Bank transfer (automatic),62.51,1941.38,No
CUST-00957,Male,0,No,No,18,Yes,Yes,Fiber optic,No,No,Yes,Yes,No,No,Two year,No,Electronic check,116.03,2090.16,No
CUST-00958,Female,0,Yes,No,38,Yes,Yes,No,No internet service,No internet service,No internet service,No internet service,No internet service,No internet service,Month-to-month,Yes,Electronic check,39.54,1513.35,No
CUST-00959,Male,0,No,No,19,Yes,No,Fiber optic,Yes,No,No,Yes,Yes,No,Month-to-month,Yes,Mailed check,74.48,1406.16,Yes
CUST-00960,Male,0,Yes,Yes,27,Yes,No,No,No internet service,No internet service,No internet service,No internet service,No internet service,No internet service,One year,No,Mailed check,104.38,2817.92,No
CUST-00961,Male,0,Yes,No,2,Yes,Yes,No,No internet service,No internet service,No internet service,No internet service,No internet service,No internet service,Two year,No,Electronic check,49.48,109.14,No
CUST-00962,Female,0,Yes,No,31,Yes,Yes,DSL,Yes,No,Yes,No,Yes,Yes,Month-to-month,Yes,Credit card (automatic),19.53,602.89,No
CUST-00963,Male,0,No,No,57,Yes,No,No,No internet service,No internet service,No internet service,No internet service,No internet service,No internet service,Month-to-month,No,Credit card (automatic),107.63,6130.77,No
CUST-00964,Male,0,Yes,No,53,Yes,No,Fiber optic,Yes,Yes,No,No,Yes,Yes,Month-to-month,Yes,Electronic check,79.96,4241.97,No
CUST-00965,Male,0,Yes,No,41,Yes,No,No,No internet service,No internet service,No internet service,No internet service,No internet service,No internet service,One year,No,Bank transfer (automatic),41.04,1679.86,No
CUST-00966,Male,0,No,Yes,14,Yes,No,DSL,Yes,No,Yes,No,No,No,Month-to-month,No,Bank transfer (automatic),45.63,645.12,No
CUST-00967,Female,0,Yes,No,61,Yes,Yes,DSL,Yes,Yes,Yes,No,No,Yes,Month-to-month,No,Credit card (automatic),97.96,5979.72,No
CUST-00968,Female,0,No,No,30,Yes,No,DSL,No,No,Yes,No,No,No,Two year,Yes,Bank transfer (automatic),82.21,2465.35,No
CUST-00969,Male,0,No,No,60,Yes,Yes,DSL,Yes,No,Yes,Yes,No,No,Two year,No,Bank transfer (automatic),91.26,5480.5,No
CUST-00970,Female,0,Yes,Yes,25,Yes,No,DSL,No,No,No,No,No,No,Month-to-month,Yes,Mailed check,75.72,1891.82,No
CUST-00971,Male,0,No,No,68,Yes,Yes,DSL,Yes,No,Yes,Yes,Yes,No,Month-to-month,Yes,Bank transfer (automatic),97.0,6596.66,No
CUST-00972,Male,0,Yes,Yes,56,Yes,No,Fiber optic,No,No,No,Yes,No,No,One year,Yes,Mailed check,100.11,5609.09,No
CUST-00973,Male,0,Yes,No,19,Yes,Yes,Fiber optic,No,Yes,Yes,No,Yes,No,Month-to-month,Yes,Electronic check,56.69,1075.16,Yes
CUST-00974,Female,0,No,Yes,65,Yes,No,DSL,Yes,Yes,Yes,No,No,Yes,Month-to-month,Yes,Electronic check,108.1,7034.05,No
CUST-00975,Female,0,Yes,Yes,20,Yes,No,Fiber optic,Yes,Yes,Yes,No,No,No,Month-to-month,Yes,Credit card (automatic),68.52,1370.75,No
CUST-00976,Female,0,Yes,Yes,59,No,No phone service,DSL,No,Yes,Yes,No,Yes,No,Month-to-month,Yes,Bank transfer (automatic),34.02,2008.63,No
CUST-00977,Female,1,No,Yes,62,Yes,Yes,DSL,Yes,Yes,No,Yes,No,No,Month-to-month,Yes,Credit card (automatic),39.85,2464.12,No
CUST-00978,Female,0,No,Yes,50,Yes,No,Fiber optic,No,Yes,No,Yes,Yes,Yes,One year,Yes,Bank transfer (automatic),91.38,4565.78,No
CUST-00979,Female,0,Yes,No,38,Yes,Yes,DSL,No,No,No,No,Yes,No,Month-to-month,Yes,Credit card (automatic),55.73,2118.55,Yes
CUST-00980,Female,0,No,Yes,10,Yes,Yes,Fiber optic,Yes,No,Yes,No,Yes,Yes,Two year,No,Credit card (automatic),44.24,446.74,No
CUST-00981,Female,0,No,No,56,Yes,No,DSL,No,Yes,No,Yes,Yes,No,One year,No,Mailed check,78.48,4401.94,No
CUST-00982,Female,0,No,Yes,2,Yes,No,No,No internet service,No internet service,No internet service,No internet service,No internet service,No internet service,Month-to-month,Yes,Mailed check,96.23,187.16,Yes
CUST-00983,Male,1,No,No,36,Yes,No,No,No internet service,No internet service,No internet service,No internet service,No internet service,No internet service,Month-to-month,No,Bank transfer (automatic),28.92,1036.99,No
CUST-00984,Female,0,Yes,No,24,Yes,Yes,DSL,No,No,No,Yes,No,Yes,Two year,No,Electronic check,62.91,1503.69,No
CUST-00985,Female,0,Yes,Yes,20,Yes,No,Fiber optic,No,No,Yes,Yes,No,Yes,Month-to-month,Yes,Credit card (automatic),95.15,1905.47,No
CUST-00986,Female,0,No,No,41,Yes,No,DSL,No,Yes,Yes,Yes,Yes,Yes,One year,No,Credit card (automatic),108.36,4449.83,No
CUST-00987,Female,0,Yes,Yes,0,Yes,Yes,DSL,Yes,Yes,Yes,Yes,No,Yes,Month-to-month,No,Bank transfer (automatic),19.36,0.0,No
CUST-00988,Female,0,No,No,22,Yes,Yes,DSL,Yes,No,Yes,Yes,No,No,Month-to-month,Yes,Electronic check,83.61,1839.71,No
CUST-00989,Female,0,No,No,23,Yes,No,No,No internet service,No internet service,No internet service,No internet service,No internet service,No internet service,Two year,No,Electronic check,77.74,1788.68,No
CUST-00990,Female,0,Yes,Yes,46,No,No phone service,DSL,Yes,Yes,Yes,No,Yes,No,Month-to-month,Yes,Credit card (automatic),69.77,3207.07,Yes
CUST-00991,Female,0,Yes,No,6,Yes,Yes,Fiber optic,No,No,Yes,No,Yes,No,Month-to-month,Yes,Bank transfer (automatic),34.02,198.01,Yes
CUST-00992,Female,0,Yes,Yes,37,Yes,No,No,No internet service,No internet service,No internet service,No internet service,No internet service,No internet service,Month-to-month,Yes,Bank transfer (automatic),92.18,3415.96,No
CUST-00993,Female,0,Yes,No,46,Yes,Yes,Fiber optic,No,No,No,No,Yes,No,Month-to-month,No,Credit card (automatic),57.28,2635.65,No
CUST-00994,Female,0,No,No,34,Yes,Yes,No,No internet service,No internet service,No internet service,No internet service,No internet service,No internet service,One year,No,Electronic check,41.46,1406.9,No
CUST-00995,Male,0,No,No,61,Yes,Yes,No,No internet service,No internet service,No internet service,No internet service,No internet service,No internet service,Month-to-month,Yes,Mailed check,103.0,6298.03,No
CUST-00996,Male,0,Yes,No,2,Yes,No,Fiber optic,No,Yes,Yes,Yes,Yes,No,Month-to-month,No,Mailed check,48.7,97.39,No
CUST-00997,Female,0,No,Yes,19,Yes,Yes,Fiber optic,No,No,Yes,No,Yes,No,Month-to-month,Yes,Mailed check,37.84,710.4,No
CUST-00998,Female,0,Yes,Yes,43,Yes,No,Fiber optic,Yes,No,No,Yes,Yes,No,Month-to-month,Yes,Credit card (automatic),49.2,2118.87,No
CUST-00999,Male,0,Yes,Yes,31,No,No phone service,No,No internet service,No internet service,No internet service,No internet service,No internet service,No internet service,Two year,No,Electronic check,36.11,1110.2,No
CUST-01000,Female,0,Yes,No,25,Yes,Yes,Fiber optic,No,No,No,No,Yes,No,Month-to-month,Yes,Electronic check,95.73,2395.58,No
CUST-01001,Male,0,No,Yes,47,Yes,No,DSL,No,Yes,Yes,Yes,No,Yes,Month-to-month,No,Mailed check,36.21,1704.07,No
CUST-01002,Male,0,No,No,4,Yes,No,No,No internet service,No internet service,No internet service,No internet service,No internet service,No internet service,Two year,No,Bank transfer (automatic),89.67,365.58,No
CUST-01003,Male,0,Yes,No,58,Yes,No,No,No internet service,No internet service,No internet service,No internet service,No internet service,No internet service,One year,Yes,Bank transfer (automatic),34.25,1981.49,No
CUST-01004,Male,0,Yes,Yes,60,Yes,Yes,Fiber optic,Yes,No,Yes,No,No,No,Month-to-month,No,Credit card (automatic),40.63,2436.33,No
CUST-01005,Male,0,Yes,No,48,Yes,No,Fiber optic,Yes,Yes,No,Yes,No,No,Month-to-month,Yes,Bank transfer (automatic),52.25,2507.65,No
CUST-01006,Female,0,Yes,No,29,Yes,No,Fiber optic,No,No,No,No,Yes,No,Month-to-month,No,Electronic check,113.01,3281.62,No
CUST-01007,Male,0,No,No,16,Yes,No,DSL,Yes,Yes,Yes,No,Yes,No,Month-to-month,Yes,Electronic check,109.38,1752.25,Yes
CUST-01008,Female,0,No,No,69,Yes,No,Fiber optic,No,No,No,Yes,Yes,No,One year,Yes,Credit card (automatic),26.51,1831.78,No
CUST-01009,Female,0,Yes,No,57,Yes,No,DSL,No,Yes,No,No,No,Yes,Two year,Yes,Bank transfer (automatic),51.58,2946.15,No
CUST-01010,Male,0,Yes,No,62,Yes,No,Fiber optic,No,Yes,Yes,No,Yes,Yes,Month-to-month,No,Electronic check,52.63,3261.95,Yes
CUST-01011,Male,0,No,No,60,Yes,No,Fiber optic,No,Yes,Yes,Yes,Yes,No,Two year,Yes,Credit card (automatic),39.16,2356.91,No
CUST-01012,Female,0,Yes,No,62,No,No phone service,DSL,Yes,Yes,Yes,Yes,No,Yes,Month-to-month,No,Bank transfer (automatic),61.56,3816.28,No
CUST-01013,Male,0,No,Yes,14,Yes,Yes,DSL,No,Yes,No,Yes,No,Yes,Month-to-month,No,Mailed check,92.8,1303.68,No
CUST-01014,Male,0,No,No,0,Yes,Yes,DSL,Yes,Yes,Yes,Yes,Yes,Yes,Month-to-month,Yes,Credit card (automatic),27.93,0.0,No
CUST-01015,Female,0,Yes,Yes,12,Yes,No,Fiber optic,No,No,Yes,Yes,Yes,No,Month-to-month,Yes,Mailed check,85.17,1025.02,No
CUST-01016,Female,0,No,Yes,47,Yes,No,DSL,Yes,Yes,Yes,Yes,No,No,Two year,No,Credit card (automatic),44.08,2077.55,No
CUST-01017,Male,0,No,No,33,Yes,Yes,DSL,No,Yes,Yes,No,Yes,Yes,One year,Yes,Bank transfer (automatic),82.24,2708.51,No
CUST-01018,Female,0,No,No,29,Yes,No,No,No internet service,No internet service,No internet service,No internet service,No internet service,No internet service,Month-to-month,Yes,Credit card (automatic),86.19,2504.23,Yes
CUST-01019,Male,0,No,No,18,Yes,No,Fiber optic,No,Yes,Yes,Yes,No,Yes,Month-to-month,No,Electronic check,90.81,1635.47,No
CUST-01020,Male,0,Yes,Yes,63,Yes,Yes,Fiber optic,No,Yes,Yes,Yes,No,Yes,One year,No,Mailed check,104.17,6572.9,No
CUST-01021,Male,0,No,No,65,No,No phone service,Fiber optic,No,No,Yes,No,Yes,No,One year,No,Bank transfer (automatic),107.96,7016.08,No
CUST-01022,Female,0,No,No,56,Yes,Yes,DSL,Yes,No,Yes,Yes,Yes,No,Month-to-month,Yes,Mailed check,93.91,5260.43,No
CUST-01023,Female,0,No,Yes,43,Yes,Yes,DSL,Yes,No,Yes,No,No,Yes,Two year,Yes,Credit card (automatic),66.11,2841.95,Yes
CUST-01024,Female,0,Yes,No,11,Yes,No,Fiber optic,Yes,No,No,Yes,No,Yes,Month-to-month,Yes,Credit card (automatic),22.42,249.93,No
CUST-01025,Female,0,Yes,No,39,Yes,Yes,Fiber optic,No,Yes,No,No,Yes,No,One year,Yes,Credit card (automatic),111.71,4345.77,No
CUST-01026,Female,1,Yes,No,23,Yes,No,Fiber optic,No,Yes,No,Yes,Yes,No,Month-to-month,Yes,Credit card (automatic),78.13,1789.94,Yes
CUST-01027,Male,0,No,Yes,10,Yes,No,Fiber optic,Yes,Yes,No,Yes,No,No,Two year,No,Credit card (automatic),71.46,717.94,No
CUST-01028,Male,0,Yes,Yes,65,Yes,Yes,Fiber optic,No,No,Yes,No,Yes,Yes,Month-to-month,Yes,Credit card (automatic),41.95,2726.88,Yes
CUST-01029,Male,0,Yes,No,0,Yes,No,DSL,No,No,Yes,Yes,No,Yes,Month-to-month,No,Electronic check,86.42,0.0,No
CUST-01030,Male,0,Yes,No,57,Yes,No,No,No internet service,No internet service,No internet service,No internet service,No internet service,No internet service,One year,No,Mailed check,117.47,6692.62,No
CUST-01031,Female,0,No,No,27,Yes,Yes,DSL,Yes,No,Yes,No,No,No,Two year,Yes,Credit card (automatic),51.0,1375.04,No
CUST-01032,Male,0,Yes,Yes,67,Yes,No,No,No internet service,No internet service,No internet service,No internet service,No internet service,No internet service,Two year,Yes,Mailed check,97.96,6560.89,No
CUST-01033,Female,0,Yes,No,58,Yes,No,No,No internet service,No internet service,No internet service,No internet service,No internet service,No internet service,Month-to-month,Yes,Bank transfer (automatic),47.11,2737.04,No
CUST-01034,Male,0,Yes,No,70,Yes,Yes,DSL,No,No,Yes,Yes,No,Yes,Two year,Yes,Mailed check,66.77,4680.18,No
CUST-01035,Female,1,No,Yes,21,Yes,No,No,No internet service,No internet service,No internet service,No internet service,No internet service,No internet service,One year,Yes,Mailed check,39.33,814.74,No
CUST-01036,Female,0,No,No,28,Yes,No,No,No internet service,No internet service,No internet service,No internet service,No internet service,No internet service,Month-to-month,Yes,Electronic check,69.28,1939.24,No
CUST-01037,Male,0,Yes,No,68,Yes,No,No,No internet service,No internet service,No internet service,No internet service,No internet service,No internet service,Month-to-month,Yes,Electronic check,63.93,4347.81,No
CUST-01038,Male,0,Yes,Yes,44,Yes,Yes,Fiber optic,No,Yes,No,No,No,Yes,Two year,Yes,Mailed check,21.89,955.75,No
CUST-01039,Male,0,Yes,Yes,69,Yes,Yes,No,No internet service,No internet service,No internet service,No internet service,No internet service,No internet service,One year,No,Mailed check,56.18,3882.69,No
CUST-01040,Male,0,No,No,16,Yes,Yes,Fiber optic,Yes,No,No,No,Yes,Yes,Month-to-month,No,Bank transfer (automatic),24.27,390.17,No
CUST-01041,Female,0,No,No,38,No,No phone service,No,No internet service,No internet service,No internet service,No internet service,No internet service,No internet service,Month-to-month,Yes,Mailed check,63.06,2400.53,No
CUST-01042,Male,0,Yes,No,39,Yes,Yes,Fiber optic,No,No,No,No,No,No,Month-to-month,No,Bank transfer (automatic),116.02,4522.55,No
CUST-01043,Male,0,No,No,27,Yes,Yes,No,No internet service,No internet service,No internet service,No internet service,No internet service,No internet service,Month-to-month,Yes,Electronic check,47.3,1273.21,No
CUST-01044,Female,0,Yes,Yes,1,Yes,Yes,Fiber optic,No,Yes,No,Yes,No,No,Two year,Yes,Electronic check,69.56,66.71,No
CUST-01045,Male,0,No,No,26,Yes,Yes,Fiber optic,No,Yes,Yes,No,No,Yes,Month-to-month,Yes,Mailed check,31.02,805.97,No
CUST-01046,Male,1,Yes,No,20,Yes,No,No,No internet service,No internet service,No internet service,No internet service,No internet service,No internet service,One year,No,Bank transfer (automatic),33.4,665.87,No
CUST-01047,Male,0,No,Yes,6,Yes,Yes,Fiber optic,Yes,Yes,Yes,Yes,No,No,Month-to-month,Yes,Bank transfer (automatic),53.55,325.83,No
CUST-01048,Male,0,Yes,No,60,Yes,No,DSL,Yes,Yes,No,No,No,No,Month-to-month,No,Mailed check,66.97,4031.53,No
CUST-01049,Male,0,No,Yes,51,Yes,Yes,DSL,No,No,No,No,No,Yes,Month-to-month,Yes,Bank transfer (automatic),88.14,4498.05,No
CUST-01050,Female,0,Yes,Yes,47,Yes,No,No,No internet service,No internet service,No internet service,No internet service,No internet service,No internet service,Month-to-month,Yes,Mailed check,63.67,2982.75,No
CUST-01051,Male,1,Yes,Yes,18,No,No phone service,No,No internet service,No internet service,No internet service,No internet service,No internet service,No internet service,Two year,Yes,Electronic check,20.44,368.7,Yes
CUST-01052,Male,0,Yes,Yes,11,Yes,No,Fiber optic,No,No,No,Yes,Yes,No,Two year,No,Credit card (automatic),45.1,490.16,No
CUST-01053,Male,0,Yes,No,70,Yes,Yes,No,No internet service,No internet service,No internet service,No internet service,No internet service,No internet service,Month-to-month,Yes,Credit card (automatic),20.48,1431.56,No
CUST-01054,Male,0,No,No,1,Yes,No,DSL,No,Yes,No,Yes,Yes,Yes,One year,Yes,Mailed check,109.79,109.61,No
CUST-01055,Male,1,Yes,No,16,Yes,Yes,DSL,No,No,Yes,No,No,Yes,Month-to-month,No,Credit card (automatic),20.9,333.1,No
CUST-01056,Female,0,No,No,2,Yes,No,Fiber optic,Yes,Yes,Yes,Yes,Yes,No,Month-to-month,Yes,Electronic check,22.96,40.74,Yes
CUST-01057,Male,0,No,No,20,Yes,Yes,Fiber optic,Yes,No,No,No,No,No,Month-to-month,Yes,Electronic check,47.83,959.21,No
CUST-01058,Female,0,Yes,No,50,Yes,No,DSL,No,No,No,Yes,No,No,One year,Yes,Electronic check,81.23,4051.53,No
CUST-01059,Female,0,Yes,No,9,Yes,Yes,Fiber optic,No,Yes,Yes,Yes,No,No,Month-to-month,No,Bank transfer (automatic),53.8,486.13,No
CUST-01060,Male,0,Yes,No,54,Yes,No,DSL,Yes,No,No,Yes,No,Yes,Two year,Yes,Bank transfer (automatic),24.16,1300.13,No
CUST-01061,Male,1,Yes,No,35,Yes,Yes,Fiber optic,No,No,Yes,No,Yes,No,One year,Yes,Mailed check,101.63,3558.44,No
CUST-01062,Male,0,No,No,50,Yes,Yes,Fiber optic,Yes,Yes,No,No,Yes,No,Month-to-month,Yes,Bank transfer (automatic),88.02,4394.28,Yes
CUST-01063,Male,0,No,Yes,16,Yes,Yes,No,No internet service,No internet service,No internet service,No internet service,No internet service,No internet service,One year,No,Credit card (automatic),57.64,923.4,No
CUST-01064,Female,0,No,No,60,Yes,No,No,No internet service,No internet service,No internet service,No internet service,No internet service,No internet service,Month-to-month,Yes,Credit card (automatic),85.69,5148.29,No
CUST-01065,Male,0,No,No,12,Yes,Yes,Fiber optic,Yes,Yes,No,Yes,Yes,Yes,Month-to-month,Yes,Bank transfer (automatic),45.46,542.55,No
CUST-01066,Male,0,Yes,No,64,Yes,Yes,DSL,Yes,No,No,No,Yes,Yes,Month-to-month,No,Bank transfer (automatic),70.79,4527.48,Yes
CUST-01067,Male,1,No,Yes,47,Yes,Yes,No,No internet service,No internet service,No internet service,No internet service,No internet service,No internet service,Month-to-month,No,Electronic check,106.05,4986.51,Yes
CUST-01068,Male,0,Yes,No,69,Yes,No,DSL,Yes,No,No,No,Yes,Yes,Month-to-month,No,Electronic check,28.77,1986.19,No
CUST-01069,Male,0,Yes,No,46,Yes,No,DSL,Yes,No,Yes,Yes,Yes,No,Month-to-month,Yes,Electronic check,102.69,4716.83,No
CUST-01070,Male,0,No,Yes,9,Yes,Yes,DSL,Yes,No,Yes,Yes,Yes,Yes,Two year,Yes,Electronic check,96.85,877.19,No
CUST-01071,Female,0,No,No,56,Yes,Yes,No,No internet service,No internet service,No internet service,No internet service,No internet service,No internet service,Month-to-month,No,Electronic check,112.91,6327.0,No
CUST-01072,Female,0,No,Yes,12,Yes,No,No,No internet service,No internet service,No internet service,No internet service,No internet service,No internet service,One year,Yes,Credit card (automatic),69.38,838.97,No
CUST-01073,Male,0,No,No,60,Yes,No,No,No internet service,No internet service,No internet service,No internet service,No internet service,No internet service,Two year,No,Bank transfer (automatic),45.49,2732.13,No
CUST-01074,Male,0,No,No,57,No,No phone service,Fiber optic,Yes,No,Yes,Yes,Yes,No,One year,Yes,Mailed check,53.31,3048.11,No
CUST-01075,Male,0,No,No,67,Yes,Yes,DSL,No,No,No,No,Yes,No,One year,Yes,Bank transfer (automatic),81.98,5483.3,No
CUST-01076,Female,0,Yes,No,28,Yes,Yes,No,No internet service,No internet service,No internet service,No internet service,No internet service,No internet service,Two year,Yes,Credit card (automatic),32.08,905.86,No
CUST-01077,Male,0,Yes,No,15,Yes,No,Fiber optic,No,Yes,Yes,Yes,Yes,No,Month-to-month,Yes,Mailed check,53.17,795.6,Yes
CUST-01078,Female,0,Yes,Yes,62,Yes,Yes,Fiber optic,Yes,No,Yes,No,No,Yes,Month-to-month,Yes,Credit card (automatic),90.64,5616.96,No
CUST-01079,Male,1,No,Yes,46,Yes,No,DSL,Yes,No,Yes,Yes,No,Yes,One year,Yes,Electronic check,75.37,3463.45,No
CUST-01080,Male,0,Yes,Yes,42,Yes,No,DSL,No,No,No,No,Yes,No,Month-to-month,Yes,Mailed check,24.28,1022.31,No
CUST-01081,Male,0,Yes,Yes,22,Yes,No,No,No internet service,No internet service,No internet service,No internet service,No internet service,No internet service,Month-to-month,No,Credit card (automatic),67.69,1493.18,No
CUST-01082,Male,0,Yes,No,29,Yes,No,DSL,Yes,Yes,No,No,No,No,Month-to-month,No,Bank transfer (automatic),70.42,2039.85,No
CUST-01083,Female,0,Yes,No,56,Yes,Yes,DSL,No,Yes,No,Yes,No,Yes,Two year,No,Credit card (automatic),88.08,4933.85,No
CUST-01084,Female,0,Yes,Yes,29,Yes,No,Fiber optic,Yes,Yes,No,No,No,No,Month-to-month,No,Credit card (automatic),19.07,566.85,No
CUST-01085,Male,0,Yes,Yes,66,Yes,Yes,DSL,Yes,No,Yes,No,Yes,No,One year,Yes,Bank transfer (automatic),60.84,4012.09,No
CUST-01086,Male,0,No,No,55,Yes,Yes,DSL,Yes,No,No,No,Yes,No,Month-to-month,No,Bank transfer (automatic),106.66,5864.33,No
CUST-01087,Female,0,No,No,23,Yes,No,No,No internet service,No internet service,No internet service,No internet service,No internet service,No internet service,Two year,Yes,Electronic check,20.51,478.83,No
CUST-01088,Female,0,No,No,7,Yes,Yes,DSL,No,Yes,No,No,Yes,No,Month-to-month,No,Bank transfer (automatic),85.24,588.8,No
CUST-01089,Female,0,Yes,No,43,Yes,Yes,Fiber optic,Yes,Yes,Yes,No,No,No,Two year,Yes,Bank transfer (automatic),40.32,1734.99,No
CUST-01090,Female,1,No,No,33,Yes,Yes,Fiber optic,Yes,Yes,Yes,Yes,No,No,Month-to-month,No,Electronic check,56.75,1860.67,No
CUST-01091,Male,0,No,Yes,34,Yes,No,DSL,Yes,No,Yes,Yes,No,No,Month-to-month,No,Credit card (automatic),106.41,3611.04,No
CUST-01092,Female,0,Yes,No,49,Yes,No,Fiber optic,No,Yes,Yes,Yes,Yes,Yes,One year,Yes,Credit card (automatic),54.25,2652.3,No
CUST-01093,Male,0,No,Yes,16,Yes,No,DSL,No,No,No,Yes,No,Yes,Month-to-month,Yes,Bank transfer (automatic),72.55,1156.42,No
CUST-01094,Female,0,Yes,Yes,1,Yes,Yes,DSL,Yes,Yes,Yes,Yes,No,Yes,Month-to-month,No,Electronic check,26.96,20.72,No
CUST-01095,Female,0,No,Yes,53,Yes,Yes,DSL,Yes,Yes,No,Yes,Yes,No,Month-to-month,Yes,Credit card (automatic),50.47,2675.91,No
CUST-01096,Female,0,Yes,No,43,Yes,No,DSL,No,No,No,Yes,No,No,Month-to-month,Yes,Credit card (automatic),32.17,1390.31,No
CUST-01097,Female,1,Yes,No,48,Yes,Yes,Fiber optic,Yes,Yes,No,No,No,No,Two year,No,Credit card (automatic),74.16,3569.88,No
CUST-01098,Female,1,No,Yes,1,Yes,No,DSL,Yes,No,No,Yes,No,No,Two year,No,Credit card (automatic),63.98,58.83,No
CUST-01099,Male,0,Yes,No,71,Yes,No,DSL,Yes,Yes,No,No,No,No,Two year,No,Bank transfer (automatic),44.46,3160.3,No
CUST-01100,Male,0,No,No,69,Yes,No,No,No internet service,No internet service,No internet service,No internet service,No internet service,No internet service,Two year,No,Credit card (automatic),117.96,8145.28,No
CUST-01101,Female,1,Yes,No,8,Yes,Yes,DSL,No,No,No,No,No,Yes,Two year,Yes,Electronic check,33.33,267.24,No
CUST-01102,Female,0,No,Yes,0,Yes,Yes,DSL,No,Yes,Yes,Yes,No,No,Two year,No,Electronic check,100.55,3.54,Yes
CUST-01103,Male,1,No,No,68,Yes,No,Fiber optic,No,Yes,Yes,No,No,No,Month-to-month,Yes,Bank transfer (automatic),21.58,1469.74,No
CUST-01104,Female,0,Yes,No,8,Yes,No,No,No internet service,No internet service,No internet service,No internet service,No internet service,No internet service,Month-to-month,Yes,Mailed check,102.68,823.73,No
CUST-01105,Female,0,No,Yes,13,Yes,No,DSL,Yes,Yes,Yes,No,Yes,No,Month-to-month,No,Credit card (automatic),65.7,850.42,No
CUST-01106,Male,0,No,Yes,26,Yes,Yes,DSL,Yes,No,No,Yes,Yes,No,Month-to-month,Yes,Bank transfer (automatic),100.82,2611.35,No
CUST-01107,Female,0,No,Yes,8,Yes,No,Fiber optic,No,No,No,Yes,No,No,Two year,Yes,Mailed check,92.72,740.02,No
CUST-01108,Female,0,Yes,Yes,35,Yes,No,Fiber optic,No,No,No,No,Yes,Yes,Two year,Yes,Bank transfer (automatic),75.26,2630.27,No
CUST-01109,Male,0,Yes,No,2,Yes,Yes,DSL,Yes,Yes,Yes,No,Yes,No,Month-to-month,No,Bank transfer (automatic),55.16,108.93,Yes
CUST-01110,Male,0,No,No,22,Yes,Yes,DSL,Yes,No,Yes,No,Yes,Yes,Month-to-month,No,Mailed check,84.55,1864.91,No
CUST-01111,Male,0,No,No,29,Yes,Yes,DSL,Yes,Yes,No,No,Yes,Yes,Month-to-month,Yes,Electronic check,101.25,2943.43,No
CUST-01112,Female,0,Yes,Yes,18,Yes,No,DSL,Yes,No,No,Yes,Yes,No,One year,No,Mailed check,68.33,1230.69,No
CUST-01113,Male,0,Yes,No,66,Yes,Yes,DSL,Yes,No,Yes,No,No,Yes,Two year,Yes,Credit card (automatic),59.49,3920.42,No
CUST-01114,Male,0,No,No,49,No,No phone service,Fiber optic,No,Yes,No,No,No,No,Month-to-month,No,Mailed check,32.29,1580.26,No
CUST-01115,Male,0,Yes,No,47,Yes,No,DSL,Yes,No,Yes,No,No,No,Month-to-month,No,Credit card (automatic),107.62,5054.28,No
CUST-01116,Male,0,Yes,No,2,Yes,No,Fiber optic,Yes,No,Yes,Yes,Yes,No,One year,No,Credit card (automatic),44.73,90.08,No
CUST-01117,Male,1,No,Yes,65,Yes,Yes,Fiber optic,No,No,No,No,Yes,No,Month-to-month,Yes,Electronic check,30.35,1970.42,No
CUST-01118,Male,1,Yes,No,26,Yes,No,DSL,Yes,Yes,No,Yes,Yes,Yes,Two year,Yes,Bank transfer (automatic),24.62,644.63,No
CUST-01119,Female,0,Yes,No,39,Yes,Yes,No,No internet service,No internet service,No internet service,No internet service,No internet service,No internet service,Month-to-month,No,Mailed check,93.08,3625.88,No
CUST-01120,Female,0,Yes,No,17,Yes,Yes,No,No internet service,No internet service,No internet service,No internet service,No internet service,No internet service,Two year,Yes,Credit card (automatic),85.5,1464.42,No
CUST-01121,Male,0,No,No,26,Yes,Yes,DSL,No,Yes,No,No,No,Yes,Two year,Yes,Mailed check,30.05,773.94,No
CUST-01122,Male,1,Yes,Yes,10,Yes,No,DSL,Yes,Yes,No,Yes,No,No,One year,No,Mailed check,71.01,711.63,No
CUST-01123,Male,0,No,Yes,38,Yes,Yes,Fiber optic,Yes,Yes,No,No,Yes,No,One year,No,Credit card (automatic),33.27,1256.21,No
CUST-01124,Female,0,Yes,No,18,Yes,No,DSL,Yes,Yes,No,No,Yes,No,Month-to-month,Yes,Credit card (automatic),56.36,1019.72,No
CUST-01125,Female,0,Yes,No,6,Yes,No,No,No internet service,No internet service,No internet service,No internet service,No internet service,No internet service,Month-to-month,Yes,Bank transfer (automatic),96.29,577.97,Yes
CUST-01126,Female,0,No,No,56,Yes,Yes,DSL,No,No,Yes,Yes,Yes,No,Two year,Yes,Mailed check,40.78,2284.71,No
CUST-01127,Female,0,No,Yes,1,Yes,No,Fiber optic,Yes,No,Yes,Yes,Yes,No,Month-to-month,Yes,Credit card (automatic),20.77,16.28,No
CUST-01128,Female,0,No,No,37,Yes,Yes,DSL,Yes,Yes,Yes,Yes,Yes,No,Month-to-month,No,Bank transfer (automatic),37.33,1386.64,No
CUST-01129,Female,1,No,No,4,Yes,Yes,DSL,Yes,No,Yes,No,No,Yes,Two year,Yes,Mailed check,58.05,235.41,No
CUST-01130,Female,1,Yes,No,35,Yes,Yes,DSL,Yes,No,No,No,No,Yes,Month-to-month,No,Mailed check,42.17,1473.22,No
CUST-01131,Female,0,No,Yes,67,Yes,Yes,Fiber optic,No,No,Yes,No,No,No,Two year,Yes,Credit card (automatic),90.22,6044.66,No
CUST-01132,Female,0,No,Yes,56,Yes,No,No,No internet service,No internet service,No internet service,No internet service,No internet service,No internet service,Month-to-month,Yes,Electronic check,96.92,5423.07,Yes
CUST-01133,Male,0,No,No,19,Yes,Yes,No,No internet service,No internet service,No internet service,No internet service,No internet service,No internet service,One year,Yes,Credit card (automatic),42.05,794.1,No
CUST-01134,Male,0,Yes,No,4,Yes,No,DSL,Yes,No,Yes,Yes,Yes,No,Month-to-month,Yes,Mailed check,44.86,176.36,No
CUST-01135,Male,0,Yes,No,23,Yes,No,Fiber optic,No,Yes,No,No,No,Yes,Two year,Yes,Electronic check,74.01,1700.86,No
CUST-01136,Male,0,No,No,29,Yes,Yes,Fiber optic,No,No,No,Yes,Yes,Yes,One year,No,Credit card (automatic),93.25,2704.26,No
CUST-01137,Female,0,No,No,27,Yes,No,Fiber optic,Yes,No,Yes,Yes,No,No,One year,Yes,Electronic check,113.94,3076.16,No
CUST-01138,Female,0,No,Yes,52,Yes,Yes,DSL,No,Yes,Yes,Yes,No,Yes,Month-to-month,Yes,Bank transfer (automatic),48.06,2494.79,No
CUST-01139,Male,0,No,Yes,50,Yes,Yes,Fiber optic,Yes,Yes,Yes,No,No,Yes,Two year,No,Credit card (automatic),109.11,5459.3,No
CUST-01140,Female,0,Yes,Yes,6,Yes,Yes,No,No internet service,No internet service,No internet service,No internet service,No internet service,No internet service,Month-to-month,No,Mailed check,36.18,222.53,No
CUST-01141,Male,0,No,No,41,Yes,No,No,No internet service,No internet service,No internet service,No internet service,No internet service,No internet service,Month-to-month,Yes,Mailed check,22.11,911.08,No
CUST-01142,Female,1,Yes,No,34,Yes,Yes,Fiber optic,No,No,No,Yes,No,No,Two year,Yes,Electronic check,97.25,3310.03,No
CUST-01143,Male,1,No,No,33,Yes,No,DSL,Yes,Yes,No,No,No,Yes,Two year,No,Electronic check,65.86,2160.87,No
CUST-01144,Female,1,No,Yes,53,Yes,Yes,No,No internet service,No internet service,No internet service,No internet service,No internet service,No internet service,Month-to-month,No,Bank transfer (automatic),25.69,1356.58,No
CUST-01145,Female,0,Yes,No,28,Yes,No,No,No internet service,No internet service,No internet service,No internet service,No internet service,No internet service,One year,Yes,Credit card (automatic),25.11,695.64,No
CUST-01146,Male,0,No,No,9,Yes,Yes,Fiber optic,No,Yes,Yes,Yes,Yes,No,One year,No,Bank transfer (automatic),19.36,165.38,No
CUST-01147,Female,0,No,No,26,Yes,No,No,No internet service,No internet service,No internet service,No internet service,No internet service,No internet service,One year,Yes,Electronic check,48.63,1270.1,Yes
CUST-01148,Male,1,No,Yes,12,Yes,Yes,No,No internet service,No internet service,No internet service,No internet service,No internet service,No internet service,One year,No,Mailed check,91.54,1106.96,No
CUST-01149,Male,0,No,No,41,Yes,No,Fiber optic,No,No,Yes,No,No,Yes,Month-to-month,Yes,Bank transfer (automatic),84.53,3465.77,No
CUST-01150,Male,0,Yes,No,36,Yes,Yes,Fiber optic,No,No,No,Yes,No,No,Month-to-month,No,Credit card (automatic),117.97,4249.28,Yes
CUST-01151,Male,0,No,No,60,Yes,No,Fiber optic,Yes,No,Yes,No,Yes,Yes,Two year,No,Mailed check,77.39,4641.6,No
CUST-01152,Female,0,No,No,20,Yes,Yes,Fiber optic,Yes,Yes,No,No,No,Yes,Month-to-month,No,Credit card (automatic),29.05,586.85,Yes
CUST-01153,Female,0,Yes,Yes,2,Yes,No,DSL,No,Yes,No,Yes,Yes,Yes,One year,No,Electronic check,115.85,233.1,No
CUST-01154,Female,0,No,No,7,Yes,Yes,Fiber optic,Yes,Yes,Yes,No,Yes,Yes,Two year,No,Electronic check,87.3,608.49,No
CUST-01155,Male,0,Yes,No,69,Yes,Yes,DSL,No,No,No,Yes,Yes,Yes,Month-to-month,No,Credit card (automatic),55.4,3825.41,No
CUST-01156,Female,0,No,No,16,Yes,Yes,Fiber optic,Yes,No,No,No,Yes,Yes,Two year,No,Credit card (automatic),42.7,682.29,No
CUST-01157,Male,1,No,No,9,Yes,No,No,No internet service,No internet service,No internet service,No internet service,No internet service,No internet service,Month-to-month,Yes,Electronic check,40.22,362.96,No
CUST-01158,Female,0,No,Yes,12,Yes,No,Fiber optic,No,Yes,Yes,No,Yes,No,Month-to-month,Yes,Bank transfer (automatic),113.62,1366.91,No
CUST-01159,Female,0,Yes,Yes,11,Yes,Yes,DSL,No,No,Yes,No,Yes,Yes,Month-to-month,No,Bank transfer (automatic),59.94,678.14,No
CUST-01160,Female,0,Yes,No,65,Yes,No,No,No internet service,No internet service,No internet service,No internet service,No internet service,No internet service,One year,No,Credit card (automatic),66.68,4343.13,No
CUST-01161,Male,1,No,Yes,22,Yes,Yes,DSL,No,Yes,Yes,No,No,No,Month-to-month,Yes,Credit card (automatic),101.68,2237.71,No
CUST-01162,Female,0,Yes,No,64,Yes,Yes,No,No internet service,No internet service,No internet service,No internet service,No internet service,No internet service,Month-to-month,No,Electronic check,114.39,7316.26,No
CUST-01163,Female,1,No,Yes,51,No,No phone service,Fiber optic,No,Yes,No,Yes,Yes,No,One year,Yes,Credit card (automatic),18.44,929.17,No
CUST-01164,Male,0,Yes,Yes,60,Yes,No,Fiber optic,No,No,Yes,No,No,No,Month-to-month,No,Credit card (automatic),117.02,7027.62,No
CUST-01165,Female,1,No,No,25,Yes,Yes,Fiber optic,No,No,Yes,No,No,No,Month-to-month,Yes,Mailed check,25.55,644.35,No
CUST-01166,Male,1,Yes,Yes,14,Yes,No,DSL,No,Yes,No,No,No,No,One year,Yes,Credit card (automatic),101.68,1420.38,No
CUST-01167,Female,0,No,No,21,Yes,No,Fiber optic,Yes,Yes,Yes,No,No,No,One year,Yes,Credit card (automatic),113.03,2373.19,No
CUST-01168,Male,0,Yes,No,64,Yes,Yes,DSL,No,Yes,Yes,No,Yes,No,Two year,Yes,Credit card (automatic),74.11,4744.08,No
CUST-01169,Male,0,Yes,No,25,Yes,No,Fiber optic,No,No,Yes,Yes,No,Yes,Month-to-month,Yes,Bank transfer (automatic),73.17,1832.22,No
CUST-01170,Female,0,Yes,No,20,Yes,No,Fiber optic,No,No,Yes,No,No,No,Month-to-month,Yes,Electronic check,84.9,1706.27,No
CUST-01171,Male,0,Yes,Yes,23,Yes,No,Fiber optic,No,Yes,No,Yes,Yes,Yes,One year,No,Electronic check,53.28,1218.92,No
CUST-01172,Male,0,No,No,15,Yes,Yes,No,No internet service,No internet service,No internet service,No internet service,No internet service,No internet service,Two year,Yes,Mailed check,34.58,522.07,No
CUST-01173,Male,0,No,No,31,Yes,Yes,Fiber optic,Yes,Yes,Yes,No,Yes,Yes,One year,No,Bank transfer (automatic),24.64,764.93,No
CUST-01174,Male,0,Yes,No,15,Yes,No,Fiber optic,No,No,Yes,Yes,No,Yes,Month-to-month,No,Bank transfer (automatic),106.11,1589.1,No
CUST-01175,Male,0,No,No,41,Yes,No,No,No internet service,No internet service,No internet service,No internet service,No internet service,No internet service,Two year,No,Electronic check,72.73,2985.96,No
CUST-01176,Male,0,Yes,No,31,No,No phone service,DSL,Yes,No,No,Yes,Yes,No,One year,No,Credit card (automatic),87.41,2709.15,No
CUST-01177,Female,0,No,No,49,Yes,Yes,No,No internet service,No internet service,No internet service,No internet service,No internet service,No internet service,Month-to-month,No,Electronic check,51.21,2508.89,No
CUST-01178,Male,0,Yes,No,40,Yes,No,DSL,No,Yes,No,No,Yes,No,Two year,No,Credit card (automatic),98.7,3949.57,No
CUST-01179,Male,0,No,Yes,23,Yes,Yes,Fiber optic,Yes,Yes,No,No,Yes,No,Month-to-month,No,Credit card (automatic),52.99,1216.48,No
CUST-01180,Female,0,No,Yes,12,Yes,Yes,No,No internet service,No internet service,No internet service,No internet service,No internet service,No internet service,Two year,Yes,Bank transfer (automatic),20.98,255.03,No
CUST-01181,Female,1,Yes,No,9,Yes,No,No,No internet service,No internet service,No internet service,No internet service,No internet service,No internet service,One year,No,Electronic check,51.69,463.22,No
CUST-01182,Female,0,Yes,Yes,41,Yes,Yes,DSL,Yes,No,No,No,Yes,Yes,Month-to-month,Yes,Mailed check,103.03,4232.68,No
CUST-01183,Female,0,Yes,Yes,40,No,No phone service,DSL,No,Yes,No,Yes,Yes,Yes,Month-to-month,Yes,Electronic check,105.59,4224.74,No
CUST-01184,Female,0,Yes,Yes,2,Yes,No,No,No internet service,No internet service,No internet service,No internet service,No internet service,No internet service,Month-to-month,Yes,Mailed check,111.47,219.59,No
CUST-01185,Female,0,Yes,No,54,Yes,No,No,No internet service,No internet service,No internet service,No internet service,No internet service,No internet service,Month-to-month,Yes,Bank transfer (automatic),67.95,3670.84,No
CUST-01186,Female,1,No,No,15,Yes,No,Fiber optic,Yes,Yes,No,Yes,No,No,Month-to-month,Yes,Credit card (automatic),113.66,1709.85,No
CUST-01187,Male,1,Yes,No,43,No,No phone service,DSL,Yes,Yes,Yes,No,Yes,No,Month-to-month,No,Electronic check,67.92,2912.68,No
CUST-01188,Male,0,No,No,29,Yes,Yes,Fiber optic,No,No,Yes,No,Yes,Yes,Month-to-month,No,Bank transfer (automatic),33.39,974.65,No
CUST-01189,Female,0,Yes,No,36,Yes,Yes,DSL,Yes,No,Yes,No,No,No,One year,No,Bank transfer (automatic),68.2,2456.9,No
CUST-01190,Male,0,No,No,59,Yes,Yes,No,No internet service,No internet service,No internet service,No internet service,No internet service,No internet service,Month-to-month,Yes,Credit card (automatic),104.86,6186.59,Yes
CUST-01191,Male,0,No,No,23,Yes,No,Fiber optic,No,No,Yes,No,No,Yes,Month-to-month,Yes,Mailed check,96.57,2217.68,Yes
CUST-01192,Male,1,Yes,No,25,Yes,Yes,Fiber optic,Yes,Yes,Yes,No,Yes,No,Month-to-month,Yes,Credit card (automatic),61.41,1536.99,Yes
CUST-01193,Female,0,Yes,No,57,Yes,No,DSL,No,Yes,Yes,No,Yes,No,Month-to-month,Yes,Electronic check,39.25,2232.83,No
CUST-01194,Female,0,No,No,8,Yes,No,Fiber optic,No,No,Yes,No,Yes,No,Two year,Yes,Bank transfer (automatic),76.11,598.93,No
CUST-01195,Male,0,No,No,60,Yes,No,Fiber optic,Yes,Yes,Yes,Yes,No,Yes,Month-to-month,No,Credit card (automatic),111.12,6663.63,No
CUST-01196,Female,1,Yes,No,18,Yes,Yes,Fiber optic,Yes,Yes,No,Yes,No,Yes,One year,Yes,Mailed check,35.75,642.14,No
CUST-01197,Male,0,No,No,27,Yes,No,No,No internet service,No internet service,No internet service,No internet service,No internet service,No internet service,Month-to-month,No,Mailed check,100.7,2721.97,No
CUST-01198,Male,0,No,No,6,Yes,No,Fiber optic,No,No,Yes,Yes,No,Yes,Month-to-month,No,Mailed check,32.73,195.29,Yes
CUST-01199,Male,0,No,No,44,Yes,Yes,DSL,No,Yes,No,Yes,No,No,Two year,Yes,Bank transfer (automatic),109.96,4832.51,No
CUST-01200,Male,0,No,No,62,Yes,No,Fiber optic,No,No,No,Yes,Yes,Yes,Two year,Yes,Credit card (automatic),87.33,5411.15,No
CUST-01201,Female,0,No,No,36,Yes,Yes,Fiber optic,Yes,Yes,Yes,Yes,Yes,Yes,Two year,No,Bank transfer (automatic),28.92,1041.22,No
CUST-01202,Female,1,No,No,15,Yes,Yes,Fiber optic,No,No,Yes,No,Yes,Yes,Two year,No,Mailed check,38.24,576.83,No
CUST-01203,Female,0,Yes,No,4,Yes,No,DSL,No,Yes,No,Yes,Yes,No,Two year,No,Credit card (automatic),110.69,446.83,No
CUST-01204,Male,0,Yes,No,28,Yes,No,DSL,No,No,Yes,Yes,Yes,Yes,One year,Yes,Electronic check,68.76,1918.47,No
CUST-01205,Female,0,Yes,No,51,Yes,Yes,Fiber optic,Yes,Yes,Yes,No,Yes,Yes,Two year,Yes,Mailed check,63.35,3231.11,No
CUST-01206,Male,0,Yes,No,22,No,No phone service,DSL,Yes,No,Yes,Yes,Yes,Yes,Month-to-month,Yes,Credit card (automatic),23.83,528.13,No
CUST-01207,Female,0,No,No,5,No,No phone service,No,No internet service,No internet service,No internet service,No internet service,No internet service,No internet service,Month-to-month,No,Bank transfer (automatic),26.4,127.63,No
CUST-01208,Male,0,Yes,No,35,Yes,No,Fiber optic,No,No,Yes,No,Yes,Yes,One year,Yes,Electronic check,87.16,3059.6,Yes
CUST-01209,Male,0,No,No,56,Yes,No,Fiber optic,No,Yes,Yes,No,Yes,No,Month-to-month,No,Credit card (automatic),95.69,5356.17,Yes
CUST-01210,Male,1,No,No,32,Yes,No,Fiber optic,No,No,Yes,No,No,No,Month-to-month,Yes,Credit card (automatic),104.7,3355.5,Yes
CUST-01211,Female,0,Yes,Yes,48,Yes,No,Fiber optic,No,No,Yes,Yes,Yes,Yes,Month-to-month,Yes,Mailed check,68.28,3280.9,No
CUST-01212,Female,0,Yes,No,40,Yes,No,Fiber optic,No,Yes,No,No,Yes,No,One year,Yes,Credit card (automatic),50.86,2030.96,No
CUST-01213,Female,0,No,No,54,Yes,No,DSL,No,No,No,Yes,Yes,Yes,Month-to-month,Yes,Bank transfer (automatic),80.55,4349.78,No
CUST-01214,Female,0,Yes,No,25,Yes,No,No,No internet service,No internet service,No internet service,No internet service,No internet service,No internet service,Month-to-month,Yes,Bank transfer (automatic),79.89,2004.07,No
CUST-01215,Male,0,Yes,No,36,Yes,No,DSL,No,Yes,Yes,No,No,Yes,Month-to-month,Yes,Mailed check,21.47,770.24,No
CUST-01216,Female,0,No,Yes,16,Yes,No,No,No internet service,No internet service,No internet service,No internet service,No internet service,No internet service,Month-to-month,No,Electronic check,111.88,1790.97,No
CUST-01217,Female,0,No,No,31,Yes,Yes,DSL,Yes,Yes,Yes,No,Yes,Yes,Month-to-month,Yes,Electronic check,82.26,2542.53,No
CUST-01218,Male,0,No,No,27,Yes,Yes,Fiber optic,Yes,Yes,Yes,Yes,Yes,Yes,One year,No,Credit card (automatic),18.65,505.35,No
CUST-01219,Male,0,No,Yes,24,Yes,Yes,Fiber optic,No,Yes,Yes,No,No,Yes,One year,No,Mailed check,113.96,2733.02,No
CUST-01220,Male,0,No,No,46,Yes,Yes,DSL,Yes,No,No,Yes,No,Yes,Month-to-month,No,Bank transfer (automatic),113.27,5213.04,No
CUST-01221,Female,1,No,No,21,Yes,No,Fiber optic,Yes,Yes,No,Yes,Yes,Yes,Month-to-month,No,Mailed check,112.59,2360.17,No
CUST-01222,Male,0,Yes,No,60,Yes,Yes,Fiber optic,Yes,No,No,No,Yes,No,Month-to-month,Yes,Credit card (automatic),106.89,6415.0,No
CUST-01223,Male,0,Yes,Yes,43,Yes,No,No,No internet service,No internet service,No internet service,No internet service,No internet service,No internet service,Two year,Yes,Bank transfer (automatic),36.46,1566.03,No
CUST-01224,Male,0,Yes,No,19,Yes,No,Fiber optic,No,No,Yes,No,No,No,Month-to-month,Yes,Credit card (automatic),115.72,2185.49,No
CUST-01225,Female,0,No,No,49,Yes,No,No,No internet service,No internet service,No internet service,No internet service,No internet service,No internet service,Month-to-month,No,Bank transfer (automatic),94.19,4615.75,Yes
CUST-01226,Male,0,No,Yes,46,No,No phone service,DSL,Yes,Yes,No,Yes,No,Yes,Month-to-month,No,Bank transfer (automatic),82.08,3781.99,No
CUST-01227,Female,0,Yes,Yes,46,Yes,No,DSL,Yes,No,No,No,Yes,No,Month-to-month,No,Bank transfer (automatic),112.27,5158.94,No
CUST-01228,Female,0,Yes,Yes,71,Yes,Yes,Fiber optic,Yes,No,No,No,No,No,Two year,Yes,Mailed check,56.11,3980.59,No
CUST-01229,Male,0,Yes,No,50,Yes,Yes,Fiber optic,Yes,Yes,Yes,No,Yes,No,Month-to-month,No,Bank transfer (automatic),111.14,5563.63,Yes
CUST-01230,Male,0,No,Yes,54,Yes,Yes,Fiber optic,No,Yes,No,No,No,Yes,Month-to-month,No,Electronic check,78.57,4245.56,Yes
CUST-01231,Female,0,Yes,Yes,38,Yes,No,Fiber optic,No,No,No,Yes,Yes,No,Month-to-month,Yes,Electronic check,75.93,2883.7,No
CUST-01232,Male,1,Yes,No,13,Yes,Yes,No,No internet service,No internet service,No internet service,No internet service,No internet service,No internet service,Two year,Yes,Credit card (automatic),82.6,1075.28,No
CUST-01233,Male,0,Yes,No,68,Yes,Yes,DSL,No,Yes,No,No,Yes,No,Month-to-month,Yes,Credit card (automatic),93.42,6349.43,No
CUST-01234,Female,0,No,No,46,Yes,No,DSL,No,Yes,Yes,Yes,Yes,No,Two year,No,Mailed check,62.49,2886.9,No
CUST-01235,Female,0,Yes,No,20,Yes,No,No,No internet service,No internet service,No internet service,No internet service,No internet service,No internet service,Two year,Yes,Bank transfer (automatic),116.06,2325.63,No
CUST-01236,Male,0,Yes,Yes,14,Yes,Yes,DSL,Yes,Yes,Yes,Yes,Yes,No,One year,Yes,Bank transfer (automatic),26.85,384.44,No
CUST-01237,Female,0,No,No,0,Yes,No,Fiber optic,No,Yes,No,No,No,Yes,Month-to-month,Yes,Bank transfer (automatic),109.38,0.46,Yes
CUST-01238,Male,0,No,Yes,9,Yes,No,Fiber optic,No,No,No,Yes,No,No,Month-to-month,No,Mailed check,83.74,747.29,Yes
CUST-01239,Male,0,No,No,22,Yes,Yes,DSL,Yes,No,No,Yes,No,Yes,Month-to-month,No,Electronic check,108.99,2400.3,Yes
CUST-01240,Male,0,No,No,17,Yes,Yes,DSL,No,Yes,Yes,Yes,No,Yes,One year,Yes,Bank transfer (automatic),54.88,939.24,No
CUST-01241,Female,0,No,Yes,57,Yes,No,DSL,Yes,Yes,Yes,No,Yes,Yes,One year,Yes,Credit card (automatic),100.9,5757.79,No
CUST-01242,Male,0,Yes,No,51,Yes,No,DSL,No,No,Yes,Yes,Yes,Yes,Two year,No,Electronic check,79.6,4051.16,No
CUST-01243,Male,1,Yes,No,45,Yes,Yes,Fiber optic,Yes,No,Yes,No,No,Yes,Month-to-month,No,Bank transfer (automatic),101.11,4551.01,No
CUST-01244,Male,0,No,Yes,12,Yes,Yes,DSL,No,No,No,Yes,Yes,No,Month-to-month,Yes,Bank transfer (automatic),50.5,598.01,No
CUST-01245,Female,1,No,No,16,Yes,Yes,DSL,No,No,No,Yes,Yes,No,Two year,Yes,Electronic check,109.73,1752.75,No
CUST-01246,Female,0,No,No,66,Yes,No,Fiber optic,Yes,No,Yes,Yes,Yes,No,One year,No,Mailed check,110.42,7290.65,No
CUST-01247,Female,0,No,No,60,Yes,Yes,No,No internet service,No internet service,No internet service,No internet service,No internet service,No internet service,One year,Yes,Bank transfer (automatic),65.48,3935.46,No
CUST-01248,Female,1,Yes,No,64,Yes,Yes,No,No internet service,No internet service,No internet service,No internet service,No internet service,No internet service,Month-to-month,No,Mailed check,58.03,3715.03,No
CUST-01249,Female,0,Yes,No,52,Yes,Yes,No,No internet service,No internet service,No internet service,No internet service,No internet service,No internet service,Month-to-month,Yes,Credit card (automatic),75.52,3921.3,No
CUST-01250,Male,1,No,Yes,4,Yes,No,Fiber optic,No,No,Yes,Yes,Yes,No,Month-to-month,Yes,Bank transfer (automatic),38.02,155.08,No
CUST-01251,Female,0,No,Yes,31,Yes,No,DSL,Yes,Yes,Yes,No,Yes,No,One year,Yes,Bank transfer (automatic),67.62,2091.97,No
CUST-01252,Female,0,No,No,44,Yes,Yes,Fiber optic,Yes,Yes,Yes,No,No,Yes,Month-to-month,Yes,Bank transfer (automatic),107.68,4736.46,No
CUST-01253,Female,1,No,Yes,55,Yes,No,Fiber optic,Yes,No,Yes,Yes,No,No,Month-to-month,No,Bank transfer (automatic),54.52,2999.05,No
CUST-01254,Male,0,Yes,No,4,Yes,Yes,Fiber optic,Yes,Yes,No,Yes,No,Yes,Two year,No,Mailed check,91.6,363.05,No
CUST-01255,Female,1,No,No,33,Yes,Yes,DSL,No,No,Yes,Yes,No,Yes,One year,No,Mailed check,80.31,2653.41,No
CUST-01256,Female,1,No,Yes,60,Yes,Yes,Fiber optic,Yes,No,No,Yes,Yes,No,Two year,Yes,Electronic check,44.14,2652.16,Yes
CUST-01257,Male,0,Yes,Yes,61,Yes,No,DSL,Yes,No,Yes,No,No,Yes,Month-to-month,Yes,Mailed check,71.18,4347.12,No
CUST-01258,Female,0,No,No,68,Yes,Yes,DSL,No,Yes,Yes,Yes,Yes,No,One year,Yes,Mailed check,103.26,7028.81,No
CUST-01259,Male,0,Yes,No,62,Yes,No,Fiber optic,No,Yes,Yes,Yes,No,No,One year,No,Credit card (automatic),73.49,4555.66,No
CUST-01260,Male,0,No,No,43,Yes,No,Fiber optic,No,Yes,Yes,No,No,No,Month-to-month,Yes,Electronic check,87.68,3764.11,No
CUST-01261,Male,0,No,No,27,No,No phone service,DSL,Yes,No,No,Yes,Yes,Yes,Two year,Yes,Credit card (automatic),95.54,2573.93,No
CUST-01262,Male,0,Yes,Yes,69,Yes,No,No,No internet service,No internet service,No internet service,No internet service,No internet service,No internet service,Month-to-month,Yes,Electronic check,22.94,1591.54,No
CUST-01263,Male,0,No,No,12,Yes,Yes,Fiber optic,Yes,No,No,No,No,No,One year,Yes,Bank transfer (automatic),23.13,285.64,Yes
CUST-01264,Female,0,Yes,Yes,42,Yes,Yes,No,No internet service,No internet service,No internet service,No internet service,No internet service,No internet service,Month-to-month,Yes,Credit card (automatic),29.5,1245.69,No
CUST-01265,Male,1,Yes,No,29,Yes,Yes,Fiber optic,Yes,No,Yes,Yes,Yes,No,One year,Yes,Electronic check,34.3,991.77,Yes
CUST-01266,Male,0,Yes,No,25,Yes,Yes,Fiber optic,No,No,No,No,No,No,Month-to-month,Yes,Mailed check,99.14,2486.94,No
CUST-01267,Female,0,No,No,62,Yes,No,No,No internet service,No internet service,No internet service,No internet service,No internet service,No internet service,Month-to-month,No,Credit card (automatic),61.56,3815.87,No
CUST-01268,Male,0,No,No,56,Yes,Yes,No,No internet service,No internet service,No internet service,No internet service,No internet service,No internet service,Month-to-month,No,Electronic check,36.53,2047.4,No
CUST-01269,Female,0,Yes,No,63,Yes,Yes,DSL,No,Yes,No,No,Yes,Yes,Month-to-month,Yes,Credit card (automatic),71.18,4488.47,No
CUST-01270,Female,0,No,No,48,Yes,Yes,DSL,Yes,No,Yes,Yes,No,Yes,Month-to-month,No,Bank transfer (automatic),94.33,4534.15,No
CUST-01271,Female,0,No,No,51,No,No phone service,DSL,Yes,No,No,Yes,Yes,No,Month-to-month,Yes,Mailed check,32.01,1635.22,No
CUST-01272,Male,1,No,No,62,Yes,No,Fiber optic,Yes,Yes,No,Yes,No,Yes,Two year,No,Bank transfer (automatic),52.44,3258.16,No
CUST-01273,Male,0,Yes,No,12,Yes,No,Fiber optic,No,No,No,Yes,No,No,Two year,Yes,Mailed check,37.44,449.35,No
CUST-01274,Male,0,Yes,No,44,Yes,Yes,Fiber optic,No,No,Yes,No,No,Yes,Month-to-month,Yes,Electronic check,82.64,3635.15,No
CUST-01275,Female,1,No,Yes,45,Yes,No,DSL,No,No,No,Yes,Yes,Yes,Two year,Yes,Electronic check,31.68,1424.0,No
CUST-01276,Male,1,Yes,Yes,40,Yes,Yes,Fiber optic,No,No,Yes,Yes,Yes,Yes,One year,Yes,Electronic check,96.11,3838.65,No
CUST-01277,Male,0,No,Yes,45,Yes,Yes,Fiber optic,Yes,Yes,No,Yes,Yes,No,Two year,Yes,Electronic check,38.78,1731.11,No
CUST-01278,Male,0,No,No,0,Yes,Yes,Fiber optic,No,Yes,Yes,No,Yes,Yes,Month-to-month,No,Credit card (automatic),23.86,5.21,No
CUST-01279,Female,0,No,Yes,67,No,No phone service,Fiber optic,Yes,Yes,No,Yes,No,Yes,Month-to-month,Yes,Electronic check,109.09,7307.86,No
CUST-01280,Female,0,Yes,No,11,Yes,Yes,Fiber optic,No,No,No,No,Yes,No,Month-to-month,Yes,Mailed check,51.32,568.24,No
CUST-01281,Male,0,Yes,No,34,Yes,No,Fiber optic,Yes,Yes,Yes,Yes,No,No,Month-to-month,No,Bank transfer (automatic),68.27,2324.17,No
CUST-01282,Male,0,No,Yes,32,Yes,No,No,No internet service,No internet service,No internet service,No internet service,No internet service,No internet service,One year,Yes,Credit card (automatic),28.1,899.99,No
CUST-01283,Male,1,Yes,No,57,Yes,Yes,Fiber optic,Yes,No,Yes,No,No,No,Two year,Yes,Bank transfer (automatic),65.95,3763.87,No
CUST-01284,Male,0,No,Yes,34,Yes,No,Fiber optic,No,No,Yes,No,No,Yes,Two year,Yes,Bank transfer (automatic),40.26,1374.2,No
CUST-01285,Female,0,Yes,No,45,Yes,Yes,DSL,No,Yes,No,No,No,Yes,Month-to-month,No,Credit card (automatic),102.04,4587.04,No
CUST-01286,Female,0,Yes,No,65,Yes,No,DSL,Yes,Yes,No,No,Yes,No,Month-to-month,Yes,Bank transfer (automatic),89.38,5817.36,No
CUST-01287,Female,0,Yes,No,43,Yes,No,No,No internet service,No internet service,No internet service,No internet service,No internet service,No internet service,Month-to-month,No,Electronic check,84.33,3630.51,No
CUST-01288,Female,0,No,Yes,25,Yes,No,Fiber optic,Yes,No,No,No,Yes,No,Month-to-month,No,Bank transfer (automatic),96.13,2398.87,No
CUST-01289,Male,0,No,No,41,Yes,No,No,No internet service,No internet service,No internet service,No internet service,No internet service,No internet service,One year,Yes,Bank transfer (automatic),47.37,1938.92,No
CUST-01290,Male,0,No,No,29,Yes,Yes,No,No internet service,No internet service,No internet service,No internet service,No internet service,No internet service,One year,Yes,Mailed check,63.36,1831.23,No
CUST-01291,Male,0,Yes,No,31,Yes,Yes,DSL,No,Yes,No,Yes,Yes,No,One year,No,Credit card (automatic),26.66,829.6,No
CUST-01292,Female,0,No,No,35,Yes,Yes,No,No internet service,No internet service,No internet service,No internet service,No internet service,No internet service,Month-to-month,Yes,Credit card (automatic),24.78,866.42,No
CUST-01293,Male,0,No,Yes,18,Yes,Yes,DSL,No,No,Yes,No,No,Yes,Two year,Yes,Mailed check,50.91,903.92,No
CUST-01294,Female,0,No,No,21,Yes,Yes,DSL,Yes,No,No,Yes,Yes,No,One year,Yes,Electronic check,100.27,2102.9,No
CUST-01295,Female,0,No,No,64,Yes,Yes,Fiber optic,No,Yes,No,Yes,Yes,No,One year,Yes,Mailed check,77.77,4975.38,No
CUST-01296,Male,0,Yes,Yes,56,Yes,Yes,Fiber optic,No,Yes,Yes,Yes,Yes,No,Two year,No,Electronic check,60.45,3385.73,No
CUST-01297,Male,1,Yes,No,10,Yes,No,No,No internet service,No internet service,No internet service,No internet service,No internet service,No internet service,Month-to-month,No,Bank transfer (automatic),114.7,1139.3,No
CUST-01298,Male,0,No,No,25,No,No phone service,Fiber optic,Yes,Yes,Yes,Yes,Yes,No,Month-to-month,No,Bank transfer (automatic),62.22,1556.08,No
CUST-01299,Female,0,Yes,No,47,Yes,Yes,Fiber optic,No,No,No,Yes,No,No,One year,Yes,Electronic check,64.89,3057.33,No
CUST-01300,Male,1,Yes,Yes,18,Yes,Yes,DSL,No,Yes,Yes,Yes,No,No,One year,No,Bank transfer (automatic),117.25,2111.44,No
CUST-01301,Female,1,Yes,Yes,11,Yes,No,Fiber optic,No,No,Yes,No,Yes,No,Month-to-month,No,Electronic check,31.14,345.49,Yes
CUST-01302,Male,0,Yes,No,66,Yes,No,DSL,No,No,Yes,Yes,No,No,Two year,Yes,Mailed check,43.56,2882.78,No
CUST-01303,Female,0,Yes,No,55,Yes,Yes,DSL,Yes,Yes,Yes,No,No,Yes,Month-to-month,Yes,Mailed check,63.33,3482.68,No
CUST-01304,Female,0,No,Yes,17,Yes,Yes,Fiber optic,Yes,No,Yes,No,Yes,Yes,Month-to-month,Yes,Bank transfer (automatic),75.13,1276.58,No
CUST-01305,Male,0,Yes,No,4,Yes,No,No,No internet service,No internet service,No internet service,No internet service,No internet service,No internet service,Month-to-month,No,Credit card (automatic),32.81,132.96,Yes
CUST-01306,Female,0,No,Yes,23,No,No phone service,Fiber optic,Yes,No,Yes,Yes,Yes,Yes,Two year,Yes,Mailed check,50.88,1165.82,No
CUST-01307,Female,0,No,No,37,Yes,No,DSL,No,No,Yes,Yes,No,Yes,Two year,Yes,Credit card (automatic),40.03,1477.64,No
CUST-01308,Male,0,No,No,66,Yes,No,DSL,No,Yes,No,Yes,Yes,Yes,Month-to-month,Yes,Credit card (automatic),102.99,6787.14,No
CUST-01309,Female,0,Yes,No,69,Yes,No,DSL,No,Yes,Yes,No,Yes,No,Month-to-month,Yes,Electronic check,101.46,7012.18,No
CUST-01310,Male,0,Yes,No,51,Yes,Yes,DSL,Yes,Yes,Yes,Yes,No,Yes,Two year,Yes,Mailed check,41.98,2145.13,No
CUST-01311,Female,0,Yes,No,38,Yes,No,Fiber optic,Yes,No,No,No,Yes,No,Month-to-month,Yes,Bank transfer (automatic),61.49,2331.88,No
CUST-01312,Male,0,Yes,No,58,Yes,Yes,Fiber optic,Yes,No,No,Yes,Yes,No,One year,Yes,Bank transfer (automatic),83.16,4828.4,No
CUST-01313,Male,0,No,No,25,No,No phone service,DSL,Yes,Yes,No,Yes,Yes,No,Month-to-month,No,Electronic check,22.82,566.46,No
CUST-01314,Female,0,No,No,64,Yes,Yes,DSL,No,No,No,No,No,No,Month-to-month,No,Credit card (automatic),106.36,6807.38,No
CUST-01315,Female,0,No,Yes,47,Yes,Yes,No,No internet service,No internet service,No internet service,No internet service,No internet service,No internet service,Month-to-month,No,Credit card (automatic),69.1,3248.01,No
CUST-01316,Female,0,Yes,No,52,Yes,Yes,No,No internet service,No internet service,No internet service,No internet service,No internet service,No internet service,One year,Yes,Mailed check,40.65,2111.57,No
CUST-01317,Female,1,No,Yes,8,No,No phone service,DSL,No,No,Yes,Yes,No,Yes,Month-to-month,No,Mailed check,57.68,457.38,No
CUST-01318,Female,0,No,No,4,No,No phone service,Fiber optic,Yes,Yes,No,No,Yes,Yes,Month-to-month,No,Electronic check,108.17,438.72,No
CUST-01319,Male,0,No,Yes,71,Yes,No,Fiber optic,Yes,No,No,No,Yes,No,Two year,Yes,Electronic check,20.48,1454.5,No
CUST-01320,Female,1,Yes,No,60,Yes,Yes,Fiber optic,Yes,Yes,No,No,Yes,Yes,Two year,Yes,Electronic check,32.28,1945.21,No
CUST-01321,Male,0,No,Yes,20,Yes,No,No,No internet service,No internet service,No internet service,No internet service,No internet service,No internet service,Month-to-month,Yes,Bank transfer (automatic),37.27,740.2,No
CUST-01322,Male,0,No,No,62,Yes,Yes,Fiber optic,No,No,No,No,No,Yes,Month-to-month,Yes,Credit card (automatic),24.01,1486.26,No
CUST-01323,Female,1,Yes,No,19,Yes,No,Fiber optic,No,Yes,Yes,No,Yes,No,Month-to-month,No,Bank transfer (automatic),40.53,769.84,Yes
CUST-01324,Male,0,No,No,57,Yes,Yes,No,No internet service,No internet service,No internet service,No internet service,No internet service,No internet service,Month-to-month,Yes,Electronic check,99.72,5689.56,No
CUST-01325,Male,0,Yes,No,44,Yes,Yes,Fiber optic,Yes,No,Yes,No,Yes,Yes,Month-to-month,No,Mailed check,70.71,3107.29,No
CUST-01326,Male,0,No,No,21,Yes,No,No,No internet service,No internet service,No internet service,No internet service,No internet service,No internet service,Month-to-month,Yes,Electronic check,78.54,1652.2,Yes
CUST-01327,Male,0,Yes,No,62,Yes,No,Fiber optic,No,No,Yes,No,No,Yes,Month-to-month,No,Credit card (automatic),33.59,2084.29,No
CUST-01328,Female,0,Yes,No,29,Yes,No,No,No internet service,No internet service,No internet service,No internet service,No internet service,No internet service,Month-to-month,No,Electronic check,45.83,1336.21,No
CUST-01329,Male,0,Yes,No,62,Yes,No,No,No internet service,No internet service,No internet service,No internet service,No internet service,No internet service,One year,No,Electronic check,109.75,6806.99,No
CUST-01330,Female,0,No,Yes,43,No,No phone service,Fiber optic,No,Yes,Yes,No,Yes,No,Two year,Yes,Electronic check,39.04,1669.74,No
CUST-01331,Female,0,No,No,66,Yes,Yes,DSL,Yes,No,No,Yes,Yes,Yes,Month-to-month,Yes,Bank transfer (automatic),108.67,7167.15,No
CUST-01332,Male,0,Yes,No,57,Yes,Yes,No,No internet service,No internet service,No internet service,No internet service,No internet service,No internet service,One year,No,Bank transfer (automatic),84.32,4801.42,No
CUST-01333,Female,0,Yes,No,64,Yes,Yes,No,No internet service,No internet service,No internet service,No internet service,No internet service,No internet service,Month-to-month,No,Mailed check,68.28,4367.66,No
CUST-01334,Female,0,Yes,No,35,Yes,No,Fiber optic,No,Yes,No,Yes,No,Yes,Two year,No,Bank transfer (automatic),35.39,1245.27,No
CUST-01335,Female,0,Yes,No,5,Yes,Yes,DSL,Yes,Yes,No,Yes,No,Yes,Month-to-month,Yes,Credit card (automatic),85.36,425.47,No
CUST-01336,Male,0,Yes,Yes,36,No,No phone service,No,No internet service,No internet service,No internet service,No internet service,No internet service,No internet service,One year,Yes,Electronic check,106.64,3839.21,No
CUST-01337,Female,0,Yes,No,54,Yes,Yes,Fiber optic,Yes,No,No,No,Yes,Yes,One year,Yes,Electronic check,33.98,1833.8,No
CUST-01338,Female,0,Yes,No,58,Yes,No,Fiber optic,No,No,Yes,Yes,No,No,Two year,No,Electronic check,18.62,1082.65,No
CUST-01339,Female,0,Yes,No,37,Yes,No,No,No internet service,No internet service,No internet service,No internet service,No internet service,No internet service,Month-to-month,No,Mailed check,92.01,3400.76,Yes
CUST-01340,Male,1,Yes,No,24,Yes,Yes,Fiber optic,Yes,Yes,No,No,No,No,Two year,No,Bank transfer (automatic),78.05,1872.35,No
CUST-01341,Female,0,Yes,Yes,32,Yes,No,No,No internet service,No internet service,No internet service,No internet service,No internet service,No internet service,One year,No,Electronic check,68.31,2185.01,No
CUST-01342,Male,0,Yes,No,12,Yes,Yes,Fiber optic,No,No,No,No,Yes,Yes,Month-to-month,Yes,Electronic check,63.6,762.85,Yes
CUST-01343,Male,0,Yes,Yes,37,Yes,Yes,No,No internet service,No internet service,No internet service,No internet service,No internet service,No internet service,Month-to-month,Yes,Electronic check,67.76,2504.29,No
CUST-01344,Male,1,No,No,57,Yes,No,Fiber optic,No,Yes,No,No,Yes,Yes,One year,Yes,Mailed check,55.46,3154.54,No
CUST-01345,Male,0,Yes,No,19,Yes,Yes,No,No internet service,No internet service,No internet service,No internet service,No internet service,No internet service,Month-to-month,No,Credit card (automatic),26.23,503.03,No
CUST-01346,Male,0,No,No,16,Yes,No,Fiber optic,No,No,No,Yes,Yes,No,Two year,Yes,Bank transfer (automatic),95.57,1528.54,Yes
CUST-01347,Male,0,No,No,23,Yes,No,Fiber optic,No,Yes,No,No,Yes,Yes,Month-to-month,No,Mailed check,64.78,1495.58,Yes
CUST-01348,Female,0,No,No,25,Yes,Yes,DSL,Yes,No,Yes,Yes,No,No,Two year,No,Bank transfer (automatic),100.5,2514.9,No
CUST-01349,Male,0,Yes,Yes,39,Yes,No,Fiber optic,Yes,Yes,Yes,Yes,No,Yes,Month-to-month,No,Credit card (automatic),116.22,4535.15,No
CUST-01350,Female,0,No,No,31,Yes,No,Fiber optic,No,No,Yes,Yes,No,Yes,Month-to-month,No,Electronic check,35.18,1096.23,Yes
CUST-01351,Female,1,Yes,Yes,36,Yes,Yes,No,No internet service,No internet service,No internet service,No internet service,No internet service,No internet service,Two year,No,Credit card (automatic),97.35,3517.59,No
CUST-01352,Male,0,No,No,59,Yes,No,Fiber optic,Yes,Yes,No,No,No,Yes,Two year,Yes,Mailed check,115.75,6835.77,No
CUST-01353,Female,0,Yes,Yes,56,Yes,No,No,No internet service,No internet service,No internet service,No internet service,No internet service,No internet service,Month-to-month,Yes,Credit card (automatic),90.44,5069.07,No
CUST-01354,Female,1,Yes,No,57,Yes,No,Fiber optic,No,No,Yes,No,Yes,No,Two year,Yes,Mailed check,42.6,2429.66,Yes
CUST-01355,Female,0,No,Yes,66,No,No phone service,DSL,No,No,Yes,No,Yes,No,Month-to-month,No,Mailed check,107.65,7111.19,Yes
CUST-01356,Female,0,No,No,21,Yes,Yes,DSL,Yes,Yes,Yes,Yes,Yes,No,Month-to-month,Yes,Bank transfer (automatic),97.32,2039.99,No
CUST-01357,Male,0,Yes,No,57,Yes,Yes,DSL,No,No,No,No,Yes,No,Month-to-month,Yes,Credit card (automatic),62.93,3589.93,No
CUST-01358,Female,0,No,No,48,Yes,Yes,DSL,Yes,Yes,Yes,No,No,No,Month-to-month,Yes,Mailed check,75.26,3618.87,No
CUST-01359,Male,0,Yes,No,48,Yes,Yes,Fiber optic,No,Yes,Yes,Yes,No,No,Month-to-month,Yes,Credit card (automatic),90.19,4333.88,Yes
CUST-01360,Female,0,Yes,No,41,Yes,Yes,Fiber optic,Yes,Yes,No,Yes,Yes,No,One year,Yes,Mailed check,30.45,1248.07,No
CUST-01361,Female,0,Yes,No,39,Yes,Yes,Fiber optic,No,No,Yes,No,No,No,Month-to-month,No,Electronic check,110.7,4319.58,No
CUST-01362,Male,0,No,No,70,Yes,No,Fiber optic,No,Yes,No,No,No,No,Month-to-month,Yes,Credit card (automatic),116.74,8170.15,No
CUST-01363,Female,0,Yes,No,45,Yes,No,Fiber optic,Yes,No,Yes,No,No,No,Month-to-month,Yes,Mailed check,51.05,2293.41,No
CUST-01364,Female,0,Yes,No,21,Yes,No,DSL,Yes,No,No,Yes,Yes,No,One year,No,Electronic check,89.51,1886.96,No
CUST-01365,Female,0,Yes,Yes,20,Yes,No,DSL,Yes,Yes,No,No,Yes,Yes,Two year,Yes,Credit card (automatic),60.13,1200.43,No
CUST-01366,Male,0,Yes,No,50,Yes,No,Fiber optic,No,No,Yes,No,No,Yes,Month-to-month,Yes,Electronic check,20.77,1036.29,No
CUST-01367,Female,0,No,No,13,Yes,Yes,DSL,No,No,No,No,No,No,Month-to-month,No,Mailed check,113.87,1478.21,No
CUST-01368,Male,0,No,Yes,8,Yes,Yes,Fiber optic,Yes,No,No,Yes,No,Yes,One year,Yes,Electronic check,32.23,254.36,No
CUST-01369,Female,1,No,No,17,Yes,No,DSL,Yes,Yes,No,No,Yes,No,Two year,Yes,Bank transfer (automatic),25.49,429.71,No
CUST-01370,Male,0,No,No,12,Yes,Yes,Fiber optic,No,No,No,No,No,No,One year,Yes,Bank transfer (automatic),101.72,1212.01,No
CUST-01371,Male,0,Yes,Yes,16,Yes,Yes,Fiber optic,Yes,Yes,No,Yes,No,No,Month-to-month,Yes,Bank transfer (automatic),21.39,334.48,No
CUST-01372,Female,0,Yes,No,24,Yes,Yes,Fiber optic,Yes,Yes,Yes,No,Yes,Yes,Month-to-month,No,Credit card (automatic),86.79,2082.0,Yes
CUST-01373,Female,0,Yes,No,53,Yes,Yes,DSL,No,No,Yes,No,No,No,Month-to-month,Yes,Credit card (automatic),111.01,5885.81,No
CUST-01374,Male,0,Yes,Yes,15,Yes,Yes,DSL,Yes,Yes,Yes,Yes,Yes,Yes,Month-to-month,No,Electronic check,58.62,870.92,No
CUST-01375,Male,0,Yes,No,23,Yes,No,Fiber optic,No,No,Yes,No,Yes,No,Month-to-month,Yes,Credit card (automatic),24.84,572.23,No
CUST-01376,Female,0,Yes,No,22,No,No phone service,No,No internet service,No internet service,No internet service,No internet service,No internet service,No internet service,Month-to-month,Yes,Credit card (automatic),39.83,882.68,Yes
CUST-01377,Male,0,No,Yes,40,Yes,Yes,DSL,Yes,No,Yes,Yes,No,Yes,Month-to-month,Yes,Bank transfer (automatic),112.83,4510.84,No
CUST-01378,Female,1,Yes,No,32,No,No phone service,DSL,Yes,No,Yes,No,No,No,Month-to-month,Yes,Credit card (automatic),64.54,2060.33,No
CUST-01379,Female,0,Yes,No,41,Yes,Yes,DSL,Yes,Yes,Yes,No,No,Yes,Month-to-month,Yes,Bank transfer (automatic),72.14,2957.44,No
CUST-01380,Female,0,Yes,No,47,Yes,No,Fiber optic,No,Yes,Yes,No,Yes,Yes,Two year,No,Electronic check,33.61,1582.27,No
CUST-01381,Female,0,No,No,17,Yes,Yes,No,No internet service,No internet service,No internet service,No internet service,No internet service,No internet service,Two year,Yes,Mailed check,109.8,1863.8,No
CUST-01382,Male,0,Yes,No,62,Yes,Yes,DSL,Yes,Yes,No,No,No,Yes,Month-to-month,Yes,Electronic check,69.71,4326.78,No
CUST-01383,Female,0,Yes,No,10,Yes,Yes,Fiber optic,Yes,Yes,Yes,No,Yes,Yes,Month-to-month,No,Electronic check,70.89,711.25,No
CUST-01384,Male,0,Yes,Yes,23,Yes,Yes,Fiber optic,Yes,No,Yes,Yes,Yes,Yes,One year,No,Mailed check,75.6,1747.46,No
CUST-01385,Female,0,No,No,60,Yes,No,No,No internet service,No internet service,No internet service,No internet service,No internet service,No internet service,Month-to-month,No,Bank transfer (automatic),94.74,5675.99,No
CUST-01386,Male,0,Yes,No,63,Yes,No,Fiber optic,No,Yes,Yes,Yes,Yes,No,Two year,Yes,Credit card (automatic),38.3,2405.84,No
CUST-01387,Female,0,Yes,Yes,35,Yes,Yes,DSL,No,Yes,Yes,Yes,No,Yes,Two year,No,Bank transfer (automatic),112.23,3925.96,No
CUST-01388,Male,0,No,No,52,Yes,No,Fiber optic,No,No,Yes,No,No,Yes,Month-to-month,Yes,Credit card (automatic),35.54,1841.38,Yes
CUST-01389,Male,0,Yes,Yes,46,Yes,Yes,No,No internet service,No internet service,No internet service,No internet service,No internet service,No internet service,Two year,No,Electronic check,37.74,1743.91,No
CUST-01390,Female,0,No,No,51,Yes,No,No,No internet service,No internet service,No internet service,No internet service,No internet service,No internet service,One year,Yes,Bank transfer (automatic),19.24,982.4,No
CUST-01391,Female,1,Yes,No,56,Yes,Yes,Fiber optic,Yes,Yes,Yes,Yes,No,Yes,Month-to-month,No,Electronic check,19.97,1116.67,Yes
CUST-01392,Female,0,No,No,22,Yes,No,DSL,No,No,No,Yes,Yes,Yes,Month-to-month,Yes,Electronic check,60.88,1347.13,No
CUST-01393,Female,0,Yes,Yes,58,Yes,Yes,Fiber optic,No,Yes,No,No,No,No,Month-to-month,Yes,Credit card (automatic),36.3,2106.86,No
CUST-01394,Male,0,Yes,No,68,Yes,Yes,No,No internet service,No internet service,No internet service,No internet service,No internet service,No internet service,Two year,No,Bank transfer (automatic),39.19,2663.88,No
CUST-01395,Female,0,No,Yes,55,No,No phone service,Fiber optic,No,Yes,Yes,No,Yes,Yes,Two year,Yes,Electronic check,116.79,6419.54,No
CUST-01396,Male,1,Yes,No,41,Yes,Yes,Fiber optic,Yes,No,No,Yes,No,No,Month-to-month,Yes,Credit card (automatic),110.93,4550.91,No
CUST-01397,Male,0,Yes,No,17,Yes,No,DSL,No,Yes,Yes,Yes,No,No,One year,No,Bank transfer (automatic),50.25,856.86,No
CUST-01398,Female,0,No,No,70,Yes,No,DSL,Yes,No,No,Yes,Yes,Yes,Month-to-month,Yes,Mailed check,52.32,3665.81,No
CUST-01399,Male,0,Yes,No,32,Yes,No,Fiber optic,Yes,Yes,No,Yes,Yes,Yes,Two year,No,Electronic check,47.21,1514.75,No
CUST-01400,Male,0,No,No,2,Yes,No,DSL,Yes,No,No,No,No,No,Two year,No,Bank transfer (automatic),106.22,219.69,No
CUST-01401,Male,0,Yes,Yes,27,Yes,Yes,Fiber optic,Yes,No,No,No,Yes,Yes,Month-to-month,No,Mailed check,27.83,747.27,No
CUST-01402,Male,0,No,No,0,Yes,No,Fiber optic,Yes,Yes,No,Yes,No,No,Month-to-month,Yes,Electronic check,76.41,11.18,No
CUST-01403,Female,0,Yes,No,62,Yes,No,DSL,Yes,Yes,Yes,No,No,No,Month-to-month,No,Mailed check,36.63,2280.06,No
CUST-01404,Female,0,Yes,No,46,Yes,No,No,No internet service,No internet service,No internet service,No internet service,No internet service,No internet service,Two year,No,Electronic check,93.82,4324.31,No
CUST-01405,Female,0,No,Yes,36,Yes,No,DSL,Yes,No,Yes,Yes,No,Yes,Month-to-month,Yes,Bank transfer (automatic),81.14,2920.01,No
CUST-01406,Female,1,Yes,No,47,Yes,Yes,Fiber optic,No,No,Yes,No,No,No,Month-to-month,No,Mailed check,56.78,2665.09,No
CUST-01407,Male,0,No,No,18,Yes,Yes,DSL,No,No,No,No,Yes,Yes,One year,No,Mailed check,27.81,501.1,No
CUST-01408,Male,0,No,No,13,Yes,No,DSL,Yes,No,Yes,Yes,Yes,Yes,Month-to-month,Yes,Mailed check,94.74,1233.04,No
CUST-01409,Female,0,No,No,66,Yes,No,No,No internet service,No internet service,No internet service,No internet service,No internet service,No internet service,One year,Yes,Bank transfer (automatic),25.7,1700.49,No
CUST-01410,Female,0,Yes,No,64,Yes,Yes,Fiber optic,No,No,No,No,No,Yes,Month-to-month,Yes,Electronic check,45.37,2902.86,No
CUST-01411,Female,0,Yes,Yes,25,Yes,Yes,DSL,No,Yes,Yes,No,No,Yes,One year,No,Bank transfer (automatic),43.36,1088.61,No
CUST-01412,Male,0,Yes,Yes,9,Yes,No,DSL,Yes,No,No,Yes,Yes,No,One year,Yes,Mailed check,75.85,680.91,No
CUST-01413,Female,0,No,No,69,Yes,No,No,No internet service,No internet service,No internet service,No internet service,No internet service,No internet service,Month-to-month,Yes,Mailed check,69.37,4786.77,No
CUST-01414,Female,1,No,No,42,Yes,No,Fiber optic,No,Yes,No,No,No,Yes,Two year,Yes,Mailed check,45.97,1934.35,Yes
CUST-01415,Female,0,No,No,69,No,No phone service,Fiber optic,No,Yes,No,No,Yes,Yes,Month-to-month,Yes,Credit card (automatic),61.04,4212.37,No
CUST-01416,Male,0,Yes,No,71,Yes,Yes,DSL,No,No,No,Yes,Yes,No,One year,No,Bank transfer (automatic),61.64,4373.06,No
CUST-01417,Male,0,No,No,58,Yes,Yes,No,No internet service,No internet service,No internet service,No internet service,No internet service,No internet service,Month-to-month,Yes,Mailed check,75.36,4366.37,No
CUST-01418,Male,0,Yes,No,2,Yes,Yes,DSL,Yes,Yes,No,Yes,No,Yes,Two year,Yes,Electronic check,107.82,220.97,No
CUST-01419,Male,0,Yes,No,4,Yes,Yes,DSL,No,No,No,No,Yes,Yes,Month-to-month,Yes,Electronic check,32.19,131.24,No
CUST-01420,Male,0,Yes,No,36,Yes,Yes,Fiber optic,No,No,Yes,Yes,No,No,One year,No,Bank transfer (automatic),73.77,2662.66,No
CUST-01421,Male,0,Yes,No,51,Yes,Yes,No,No internet service,No internet service,No internet service,No internet service,No internet service,No internet service,Month-to-month,Yes,Electronic check,19.84,1017.57,No
CUST-01422,Male,1,Yes,No,65,Yes,No,Fiber optic,No,Yes,Yes,Yes,Yes,No,Month-to-month,Yes,Bank transfer (automatic),87.82,5706.89,No
CUST-01423,Male,0,Yes,Yes,62,Yes,Yes,Fiber optic,Yes,Yes,No,No,Yes,Yes,Two year,No,Bank transfer (automatic),82.04,5091.51,No
CUST-01424,Female,0,Yes,Yes,6,Yes,No,Fiber optic,Yes,No,No,Yes,Yes,Yes,Two year,No,Mailed check,87.4,526.16,No
CUST-01425,Female,0,Yes,No,52,Yes,Yes,DSL,Yes,Yes,No,No,Yes,Yes,Month-to-month,No,Bank transfer (automatic),65.49,3404.91,No
CUST-01426,Male,0,No,No,5,Yes,No,No,No internet service,No internet service,No internet service,No internet service,No internet service,No internet service,One year,Yes,Mailed check,36.69,196.7,No
CUST-01427,Male,0,Yes,No,6,Yes,Yes,No,No internet service,No internet service,No internet service,No internet service,No internet service,No internet service,Two year,No,Electronic check,62.81,388.59,No
CUST-01428,Female,0,Yes,No,43,Yes,Yes,DSL,Yes,No,Yes,No,No,Yes,Month-to-month,No,Electronic check,20.36,878.73,No
CUST-01429,Male,0,No,Yes,17,Yes,No,Fiber optic,Yes,Yes,Yes,No,No,No,Two year,No,Mailed check,56.14,950.13,No
CUST-01430,Male,0,No,Yes,53,Yes,No,No,No internet service,No internet service,No internet service,No internet service,No internet service,No internet service,Two year,No,Mailed check,101.86,5396.19,No
CUST-01431,Male,0,No,No,28,Yes,No,Fiber optic,No,No,No,Yes,Yes,Yes,One year,Yes,Electronic check,51.86,1449.37,No
CUST-01432,Female,0,No,No,24,Yes,No,Fiber optic,Yes,Yes,Yes,Yes,No,Yes,Month-to-month,No,Bank transfer (automatic),77.18,1856.39,Yes
CUST-01433,Female,0,Yes,No,62,Yes,Yes,DSL,Yes,No,No,Yes,Yes,No,Two year,No,Credit card (automatic),44.11,2736.74,No
CUST-01434,Female,0,No,Yes,67,Yes,Yes,DSL,No,Yes,No,No,Yes,No,One year,Yes,Mailed check,31.42,2103.58,No
CUST-01435,Female,0,No,No,12,Yes,Yes,DSL,Yes,No,Yes,Yes,Yes,No,One year,No,Mailed check,70.09,851.41,No
CUST-01436,Female,0,No,No,31,Yes,Yes,Fiber optic,No,Yes,Yes,No,No,Yes,Two year,No,Credit card (automatic),21.58,666.83,No
CUST-01437,Male,0,No,No,26,No,No phone service,No,No internet service,No internet service,No internet service,No internet service,No internet service,No internet service,Month-to-month,No,Mailed check,108.45,2829.02,No
CUST-01438,Female,0,Yes,No,50,Yes,No,No,No internet service,No internet service,No internet service,No internet service,No internet service,No internet service,Month-to-month,No,Bank transfer (automatic),95.72,4791.85,Yes
CUST-01439,Male,0,No,Yes,33,Yes,Yes,DSL,No,No,Yes,No,No,No,Two year,No,Bank transfer (automatic),117.79,3890.29,No
CUST-01440,Male,0,No,No,27,Yes,Yes,Fiber optic,Yes,Yes,No,No,No,No,Month-to-month,Yes,Credit card (automatic),117.32,3163.75,No
CUST-01441,Female,0,No,No,71,Yes,No,No,No internet service,No internet service,No internet service,No internet service,No internet service,No internet service,Month-to-month,Yes,Credit card (automatic),90.9,6461.92,No
CUST-01442,Female,0,No,No,29,Yes,Yes,Fiber optic,Yes,No,Yes,No,Yes,Yes,Two year,Yes,Credit card (automatic),95.67,2784.29,No
CUST-01443,Male,0,Yes,No,8,Yes,No,DSL,Yes,Yes,No,No,Yes,No,Month-to-month,Yes,Mailed check,70.81,567.66,No
CUST-01444,Male,0,No,Yes,12,Yes,Yes,Fiber optic,No,No,No,No,Yes,Yes,Two year,No,Credit card (automatic),39.85,484.44,No
CUST-01445,Male,0,No,No,63,Yes,Yes,Fiber optic,No,Yes,Yes,Yes,No,Yes,Month-to-month,Yes,Electronic check,98.84,6227.41,No
CUST-01446,Female,0,No,No,37,Yes,Yes,DSL,No,Yes,No,No,Yes,Yes,Month-to-month,Yes,Bank transfer (automatic),44.97,1671.42,No
CUST-01447,Female,0,Yes,Yes,21,Yes,No,Fiber optic,No,No,Yes,No,Yes,No,Two year,Yes,Mailed check,83.0,1738.26,No
CUST-01448,Female,0,No,Yes,30,Yes,No,Fiber optic,No,Yes,Yes,Yes,Yes,Yes,One year,Yes,Bank transfer (automatic),91.09,2737.65,No
CUST-01449,Female,0,No,No,41,Yes,No,Fiber optic,Yes,Yes,Yes,Yes,Yes,Yes,One year,No,Electronic check,74.43,3039.04,No
CUST-01450,Female,1,Yes,Yes,61,Yes,Yes,Fiber optic,No,No,No,Yes,No,Yes,Two year,Yes,Credit card (automatic),84.27,5134.62,No
CUST-01451,Male,0,No,No,63,Yes,No,No,No internet service,No internet service,No internet service,No internet service,No internet service,No internet service,Month-to-month,No,Bank transfer (automatic),47.29,2973.97,No
CUST-01452,Female,0,Yes,No,8,Yes,Yes,DSL,Yes,Yes,No,Yes,No,No,Month-to-month,No,Electronic check,94.05,752.47,No
CUST-01453,Male,0,Yes,No,43,Yes,Yes,DSL,No,No,Yes,Yes,No,Yes,One year,Yes,Credit card (automatic),112.35,4826.63,No
CUST-01454,Male,0,No,No,62,Yes,No,Fiber optic,Yes,Yes,Yes,Yes,No,Yes,Month-to-month,Yes,Credit card (automatic),66.4,4112.42,No
CUST-01455,Male,0,No,Yes,39,Yes,No,Fiber optic,No,Yes,Yes,Yes,No,Yes,Month-to-month,No,Credit card (automatic),30.1,1173.0,No
CUST-01456,Female,0,Yes,Yes,40,Yes,No,No,No internet service,No internet service,No internet service,No internet service,No internet service,No internet service,Month-to-month,No,Bank transfer (automatic),79.97,3198.16,No
CUST-01457,Female,0,Yes,No,71,Yes,Yes,Fiber optic,Yes,Yes,No,No,Yes,No,One year,No,Mailed check,52.14,3696.17,Yes
CUST-01458,Female,0,No,No,49,Yes,No,Fiber optic,No,Yes,No,No,No,Yes,Month-to-month,Yes,Mailed check,59.91,2928.87,No
CUST-01459,Male,0,Yes,No,19,Yes,Yes,Fiber optic,No,No,No,No,No,No,Month-to-month,No,Mailed check,33.16,625.78,No
CUST-01460,Male,0,Yes,No,69,Yes,Yes,DSL,Yes,No,No,No,No,Yes,Month-to-month,No,Electronic check,80.58,5565.03,No
CUST-01461,Male,0,No,Yes,41,Yes,No,Fiber optic,No,Yes,No,Yes,Yes,No,Month-to-month,No,Credit card (automatic),96.72,3978.71,No
CUST-01462,Male,0,Yes,Yes,32,Yes,Yes,DSL,Yes,Yes,No,Yes,No,No,Two year,Yes,Electronic check,94.64,3035.78,No
CUST-01463,Male,0,Yes,No,62,Yes,No,Fiber optic,Yes,No,No,Yes,No,No,One year,Yes,Bank transfer (automatic),117.39,7276.39,No
CUST-01464,Male,1,Yes,No,56,Yes,Yes,DSL,Yes,No,No,Yes,Yes,Yes,Two year,No,Mailed check,39.22,2198.4,No
CUST-01465,Female,1,Yes,No,64,Yes,Yes,No,No internet service,No internet service,No internet service,No internet service,No internet service,No internet service,Month-to-month,No,Bank transfer (automatic),109.41,7002.23,No
CUST-01466,Female,0,Yes,Yes,51,Yes,Yes,No,No internet service,No internet service,No internet service,No internet service,No internet service,No internet service,One year,Yes,Electronic check,91.26,4653.54,No
CUST-01467,Female,0,Yes,Yes,5,Yes,No,DSL,No,No,Yes,No,No,Yes,Month-to-month,No,Mailed check,88.75,444.3,No
CUST-01468,Female,1,No,No,6,Yes,Yes,Fiber optic,Yes,No,Yes,No,Yes,Yes,Month-to-month,Yes,Bank transfer (automatic),86.38,519.67,Yes
CUST-01469,Male,0,Yes,No,8,Yes,Yes,No,No internet service,No internet service,No internet service,No internet service,No internet service,No internet service,Month-to-month,No,Bank transfer (automatic),71.84,565.99,Yes
CUST-01470,Male,0,No,No,60,Yes,Yes,Fiber optic,No,No,Yes,No,Yes,No,Month-to-month,No,Bank transfer (automatic),55.86,3348.5,No
CUST-01471,Female,1,No,No,33,Yes,No,No,No internet service,No internet service,No internet service,No internet service,No internet service,No internet service,Month-to-month,Yes,Bank transfer (automatic),112.33,3706.68,Yes
CUST-01472,Male,0,No,No,34,No,No phone service,DSL,No,No,Yes,No,No,No,One year,Yes,Electronic check,33.11,1137.66,No
CUST-01473,Female,0,No,No,19,Yes,Yes,DSL,Yes,Yes,Yes,No,No,No,Month-to-month,Yes,Electronic check,35.6,679.59,Yes
CUST-01474,Female,0,No,No,57,Yes,No,Fiber optic,No,Yes,No,Yes,Yes,Yes,Two year,Yes,Credit card (automatic),19.67,1126.7,No
CUST-01475,Female,0,No,Yes,59,Yes,Yes,No,No internet service,No internet service,No internet service,No internet service,No internet service,No internet service,Month-to-month,Yes,Bank transfer (automatic),91.94,5423.91,No
CUST-01476,Male,1,No,No,53,No,No phone service,No,No internet service,No internet service,No internet service,No internet service,No internet service,No internet service,Two year,No,Electronic check,107.4,5699.39,No
CUST-01477,Female,0,No,Yes,34,Yes,No,No,No internet service,No internet service,No internet service,No internet service,No internet service,No internet service,One year,No,Mailed check,36.6,1245.82,No
CUST-01478,Female,0,Yes,Yes,46,No,No phone service,Fiber optic,No,No,Yes,Yes,No,No,Month-to-month,Yes,Mailed check,21.44,990.37,No
CUST-01479,Female,0,No,Yes,45,Yes,Yes,Fiber optic,No,Yes,No,No,Yes,No,One year,Yes,Credit card (automatic),42.41,1909.33,No
CUST-01480,Male,0,No,No,3,Yes,Yes,Fiber optic,No,Yes,No,No,No,Yes,Month-to-month,Yes,Bank transfer (automatic),106.37,321.87,No
CUST-01481,Male,0,No,No,9,Yes,Yes,Fiber optic,Yes,No,Yes,No,No,Yes,Month-to-month,No,Credit card (automatic),19.62,174.2,No
CUST-01482,Female,0,Yes,Yes,39,Yes,Yes,No,No internet service,No internet service,No internet service,No internet service,No internet service,No internet service,Month-to-month,Yes,Mailed check,28.12,1105.83,No
CUST-01483,Male,1,No,No,54,Yes,Yes,DSL,No,No,No,No,No,No,Month-to-month,Yes,Mailed check,20.5,1104.59,No
CUST-01484,Male,0,Yes,No,39,Yes,Yes,DSL,Yes,Yes,No,Yes,Yes,Yes,Month-to-month,Yes,Credit card (automatic),112.32,4375.74,No
CUST-01485,Male,0,No,No,22,Yes,No,DSL,Yes,No,Yes,No,Yes,Yes,Month-to-month,No,Bank transfer (automatic),31.55,694.9,Yes
CUST-01486,Male,0,No,No,14,Yes,No,DSL,No,No,Yes,Yes,No,Yes,Two year,No,Electronic check,108.04,1521.93,No
CUST-01487,Male,0,Yes,Yes,4,Yes,No,DSL,Yes,No,Yes,Yes,No,No,One year,No,Credit card (automatic),65.34,257.94,No
CUST-01488,Male,0,No,Yes,39,No,No phone service,Fiber optic,No,Yes,Yes,No,Yes,Yes,Two year,Yes,Credit card (automatic),57.49,2241.2,No
CUST-01489,Male,0,Yes,No,17,Yes,No,DSL,No,No,Yes,No,Yes,No,One year,Yes,Credit card (automatic),60.65,1032.33,No
CUST-01490,Male,0,Yes,No,20,Yes,No,No,No internet service,No internet service,No internet service,No internet service,No internet service,No internet service,Two year,Yes,Bank transfer (automatic),59.87,1190.78,No
CUST-01491,Male,0,No,No,2,Yes,Yes,Fiber optic,Yes,Yes,No,Yes,Yes,Yes,Month-to-month,No,Credit card (automatic),52.17,97.46,No
CUST-01492,Male,0,No,No,45,Yes,Yes,Fiber optic,No,No,Yes,Yes,Yes,Yes,One year,Yes,Bank transfer (automatic),99.08,4464.23,No
CUST-01493,Female,0,Yes,No,52,Yes,No,DSL,No,Yes,Yes,No,No,No,Month-to-month,Yes,Electronic check,68.8,3577.98,No
CUST-01494,Female,0,Yes,No,19,Yes,No,Fiber optic,Yes,Yes,No,No,Yes,Yes,Month-to-month,Yes,Electronic check,117.1,2219.6,Yes
CUST-01495,Male,0,No,No,58,No,No phone service,Fiber optic,No,No,Yes,Yes,Yes,No,Two year,Yes,Credit card (automatic),69.78,4045.67,Yes
CUST-01496,Female,0,No,Yes,20,Yes,No,DSL,No,Yes,No,No,No,No,Month-to-month,Yes,Electronic check,99.85,1994.2,No
CUST-01497,Female,0,No,No,50,Yes,No,Fiber optic,Yes,No,Yes,No,Yes,No,Month-to-month,No,Credit card (automatic),92.51,4625.54,No
CUST-01498,Male,1,Yes,Yes,24,Yes,Yes,Fiber optic,Yes,No,Yes,Yes,No,No,Month-to-month,No,Mailed check,58.11,1395.62,No
CUST-01499,Male,0,No,Yes,67,Yes,No,DSL,No,No,No,Yes,Yes,Yes,Month-to-month,No,Electronic check,96.86,6478.88,No
CUST-01500,Male,0,Yes,Yes,9,No,No phone service,DSL,No,No,Yes,No,Yes,Yes,Month-to-month,Yes,Mailed check,33.5,308.17,No
CUST-01501,Female,0,No,No,66,Yes,Yes,Fiber optic,No,Yes,No,No,No,Yes,Month-to-month,Yes,Electronic check,38.33,2530.15,No
CUST-01502,Female,0,Yes,Yes,8,Yes,No,No,No internet service,No internet service,No internet service,No internet service,No internet service,No internet service,One year,No,Credit card (automatic),79.89,635.93,No
CUST-01503,Male,0,Yes,Yes,28,Yes,No,Fiber optic,No,Yes,No,No,No,No,One year,Yes,Bank transfer (automatic),89.16,2500.9,Yes
CUST-01504,Male,0,No,No,36,Yes,Yes,No,No internet service,No internet service,No internet service,No internet service,No internet service,No internet service,Month-to-month,Yes,Electronic check,82.38,2960.51,Yes
CUST-01505,Male,0,Yes,No,70,Yes,Yes,Fiber optic,No,No,No,Yes,Yes,No,One year,Yes,Bank transfer (automatic),68.94,4824.23,No
CUST-01506,Female,0,Yes,No,37,Yes,No,No,No internet service,No internet service,No internet service,No internet service,No internet service,No internet service,Month-to-month,Yes,Credit card (automatic),31.76,1169.04,No
CUST-01507,Female,0,Yes,No,71,Yes,Yes,No,No internet service,No internet service,No internet service,No internet service,No internet service,No internet service,Two year,Yes,Credit card (automatic),55.28,3928.6,No
CUST-01508,Female,0,Yes,Yes,58,No,No phone service,DSL,No,No,No,No,No,No,Month-to-month,No,Bank transfer (automatic),78.49,4558.39,No
CUST-01509,Female,0,Yes,Yes,56,Yes,No,DSL,Yes,Yes,No,Yes,No,No,Two year,Yes,Electronic check,40.61,2276.08,No
CUST-01510,Male,0,No,Yes,59,Yes,Yes,DSL,No,Yes,Yes,No,No,Yes,Month-to-month,Yes,Mailed check,81.78,4824.07,No
CUST-01511,Male,0,No,No,27,Yes,No,DSL,No,No,No,Yes,No,No,Month-to-month,Yes,Mailed check,41.43,1112.23,Yes
CUST-01512,Male,0,Yes,No,27,Yes,No,Fiber optic,No,No,Yes,Yes,No,Yes,One year,Yes,Credit card (automatic),27.79,748.04,No
CUST-01513,Male,0,No,Yes,45,Yes,Yes,Fiber optic,No,No,No,Yes,Yes,No,Two year,Yes,Credit card (automatic),50.43,2270.51,No
CUST-01514,Female,0,Yes,No,70,Yes,No,No,No internet service,No internet service,No internet service,No internet service,No internet service,No internet service,Month-to-month,Yes,Credit card (automatic),45.28,3166.73,No
CUST-01515,Female,1,Yes,No,66,Yes,Yes,Fiber optic,Yes,No,No,Yes,No,No,Month-to-month,Yes,Mailed check,99.04,6534.37,No
CUST-01516,Male,0,No,No,54,Yes,Yes,Fiber optic,No,Yes,No,Yes,Yes,No,Month-to-month,Yes,Credit card (automatic),66.36,3577.83,No
CUST-01517,Male,0,Yes,No,37,Yes,No,Fiber optic,Yes,Yes,Yes,No,No,Yes,Month-to-month,No,Credit card (automatic),24.4,899.08,No
CUST-01518,Female,0,Yes,Yes,17,Yes,Yes,Fiber optic,No,Yes,Yes,No,No,Yes,Month-to-month,No,Credit card (automatic),99.56,1685.19,No
CUST-01519,Male,0,Yes,Yes,62,No,No phone service,Fiber optic,Yes,No,Yes,Yes,Yes,Yes,Month-to-month,Yes,Bank transfer (automatic),44.87,2783.32,No
CUST-01520,Female,0,No,No,4,Yes,No,Fiber optic,Yes,Yes,Yes,Yes,Yes,No,Month-to-month,No,Credit card (automatic),74.79,299.41,No
CUST-01521,Male,0,No,No,43,Yes,No,Fiber optic,Yes,Yes,Yes,No,Yes,Yes,Month-to-month,Yes,Mailed check,72.15,3102.92,No
CUST-01522,Male,0,Yes,No,28,Yes,No,DSL,Yes,Yes,Yes,Yes,No,Yes,Two year,Yes,Bank transfer (automatic),115.16,3222.68,No
CUST-01523,Male,0,Yes,No,13,Yes,No,Fiber optic,No,No,Yes,Yes,No,No,Two year,Yes,Electronic check,43.49,562.42,No
CUST-01524,Male,0,Yes,No,57,Yes,Yes,Fiber optic,Yes,Yes,Yes,No,No,Yes,Month-to-month,No,Mailed check,32.52,1852.15,No
CUST-01525,Male,0,Yes,No,43,Yes,Yes,DSL,Yes,No,Yes,Yes,Yes,No,Two year,No,Credit card (automatic),43.84,1882.99,No
CUST-01526,Male,0,Yes,Yes,17,Yes,Yes,Fiber optic,Yes,No,No,Yes,No,Yes,Month-to-month,No,Electronic check,75.65,1286.82,No
CUST-01527,Male,0,No,No,6,Yes,No,DSL,Yes,No,Yes,Yes,No,Yes,One year,Yes,Electronic check,39.75,247.66,No
CUST-01528,Female,0,No,No,61,Yes,Yes,DSL,No,Yes,No,No,No,No,Two year,Yes,Bank transfer (automatic),52.05,3174.1,No
CUST-01529,Female,0,No,No,44,Yes,No,DSL,No,Yes,Yes,Yes,No,Yes,One year,Yes,Credit card (automatic),83.81,3684.68,No
CUST-01530,Female,0,No,No,15,Yes,No,DSL,No,No,No,No,No,No,Month-to-month,Yes,Bank transfer (automatic),29.65,443.5,No
CUST-01531,Female,0,Yes,No,63,Yes,No,DSL,No,Yes,Yes,Yes,No,Yes,Month-to-month,Yes,Credit card (automatic),112.53,7086.93,No
CUST-01532,Female,0,Yes,No,36,Yes,Yes,No,No internet service,No internet service,No internet service,No internet service,No internet service,No internet service,One year,No,Credit card (automatic),71.24,2562.16,No
CUST-01533,Male,0,No,No,24,Yes,Yes,DSL,Yes,No,Yes,Yes,Yes,No,Month-to-month,Yes,Bank transfer (automatic),66.36,1589.72,Yes
CUST-01534,Male,1,No,No,8,Yes,No,DSL,No,No,Yes,No,Yes,Yes,Two year,Yes,Credit card (automatic),54.3,437.83,No
CUST-01535,Female,0,Yes,No,54,Yes,No,Fiber optic,Yes,No,Yes,No,No,No,Month-to-month,Yes,Bank transfer (automatic),42.57,2302.14,No
CUST-01536,Male,0,No,No,27,Yes,No,Fiber optic,Yes,Yes,No,No,No,No,One year,Yes,Mailed check,66.34,1795.69,No
CUST-01537,Female,0,Yes,No,8,Yes,No,DSL,Yes,Yes,Yes,No,Yes,Yes,Month-to-month,Yes,Bank transfer (automatic),66.63,538.61,Yes
CUST-01538,Female,0,Yes,No,11,Yes,Yes,Fiber optic,No,Yes,No,Yes,Yes,No,One year,Yes,Electronic check,23.61,257.89,No
CUST-01539,Male,1,Yes,No,17,Yes,Yes,DSL,Yes,Yes,No,No,No,Yes,Month-to-month,No,Mailed check,102.74,1738.74,Yes
CUST-01540,Male,0,No,No,55,Yes,No,Fiber optic,Yes,No,No,No,Yes,Yes,One year,Yes,Mailed check,100.08,5514.25,No
CUST-01541,Male,0,No,No,57,Yes,Yes,Fiber optic,Yes,No,Yes,No,Yes,No,Two year,No,Credit card (automatic),62.78,3567.17,No
CUST-01542,Female,0,No,No,50,Yes,No,DSL,Yes,Yes,No,Yes,No,No,Month-to-month,Yes,Mailed check,51.68,2582.29,No
CUST-01543,Male,0,No,Yes,31,Yes,No,No,No internet service,No internet service,No internet service,No internet service,No internet service,No internet service,Month-to-month,Yes,Mailed check,67.89,2097.46,No
CUST-01544,Female,1,No,No,47,Yes,No,DSL,Yes,Yes,No,Yes,No,Yes,Two year,No,Bank transfer (automatic),40.14,1888.59,No
CUST-01545,Female,0,Yes,No,7,Yes,No,No,No internet service,No internet service,No internet service,No internet service,No internet service,No internet service,Month-to-month,No,Mailed check,18.08,121.78,No
CUST-01546,Female,1,No,No,29,Yes,Yes,Fiber optic,No,No,No,No,No,No,Month-to-month,Yes,Mailed check,53.43,1555.13,No
CUST-01547,Male,0,Yes,No,25,Yes,No,DSL,No,Yes,No,No,No,Yes,Two year,Yes,Mailed check,19.8,496.16,No
CUST-01548,Male,0,Yes,No,23,Yes,Yes,DSL,No,No,No,No,No,No,One year,Yes,Bank transfer (automatic),22.07,515.17,No
CUST-01549,Female,0,Yes,Yes,26,Yes,No,No,No internet service,No internet service,No internet service,No internet service,No internet service,No internet service,Month-to-month,Yes,Bank transfer (automatic),20.95,545.21,No
CUST-01550,Male,0,No,No,38,Yes,No,Fiber optic,Yes,Yes,No,Yes,Yes,Yes,Two year,No,Mailed check,106.01,4034.18,No
CUST-01551,Male,0,No,Yes,65,Yes,Yes,DSL,Yes,Yes,Yes,Yes,Yes,Yes,Month-to-month,Yes,Mailed check,32.36,2097.97,No
CUST-01552,Male,0,No,No,50,No,No phone service,DSL,No,Yes,No,Yes,No,No,Month-to-month,Yes,Credit card (automatic),43.43,2176.43,No
CUST-01553,Female,0,No,No,49,Yes,Yes,No,No internet service,No internet service,No internet service,No internet service,No internet service,No internet service,Two year,Yes,Electronic check,67.03,3283.79,Yes
CUST-01554,Female,0,No,No,44,Yes,No,Fiber optic,Yes,No,No,Yes,Yes,Yes,Month-to-month,No,Mailed check,70.93,3122.11,No
CUST-01555,Male,0,No,No,32,Yes,No,DSL,No,No,No,No,No,Yes,Month-to-month,Yes,Electronic check,30.21,971.36,No
CUST-01556,Female,0,No,No,18,Yes,Yes,No,No internet service,No internet service,No internet service,No internet service,No internet service,No internet service,Month-to-month,No,Electronic check,108.95,1963.03,No
CUST-01557,Male,0,No,Yes,12,Yes,Yes,Fiber optic,No,No,Yes,Yes,No,No,Month-to-month,No,Credit card (automatic),41.11,489.37,Yes
CUST-01558,Male,0,Yes,Yes,21,Yes,No,Fiber optic,No,Yes,Yes,Yes,Yes,No,Two year,Yes,Mailed check,112.26,2355.01,No
CUST-01559,Male,0,No,No,19,Yes,No,Fiber optic,Yes,No,No,Yes,No,Yes,Month-to-month,Yes,Bank transfer (automatic),43.69,824.82,Yes
CUST-01560,Male,0,Yes,No,4,Yes,Yes,No,No internet service,No internet service,No internet service,No internet service,No internet service,No internet service,Two year,Yes,Bank transfer (automatic),18.26,76.62,No
CUST-01561,Female,1,Yes,No,31,Yes,Yes,DSL,Yes,No,Yes,Yes,Yes,No,Month-to-month,No,Mailed check,115.19,3569.16,No
CUST-01562,Female,0,Yes,Yes,29,Yes,No,No,No internet service,No internet service,No internet service,No internet service,No internet service,No internet service,Two year,No,Electronic check,66.37,1922.49,No
CUST-01563,Female,0,Yes,Yes,25,Yes,No,No,No internet service,No internet service,No internet service,No internet service,No internet service,No internet service,Month-to-month,Yes,Bank transfer (automatic),105.88,2648.01,No
CUST-01564,Male,0,No,Yes,3,Yes,No,DSL,No,No,No,No,Yes,No,Two year,No,Bank transfer (automatic),91.43,273.11,No
CUST-01565,Male,0,No,Yes,66,Yes,No,Fiber optic,Yes,Yes,No,Yes,Yes,Yes,One year,Yes,Electronic check,35.9,2375.24,No
CUST-01566,Male,1,Yes,No,42,Yes,No,No,No internet service,No internet service,No internet service,No internet service,No internet service,No internet service,Two year,Yes,Credit card (automatic),102.53,4310.19,No
CUST-01567,Female,0,Yes,Yes,29,Yes,Yes,Fiber optic,No,No,No,No,Yes,Yes,One year,Yes,Credit card (automatic),23.11,673.8,Yes
CUST-01568,Male,0,Yes,No,15,Yes,No,Fiber optic,No,No,No,Yes,Yes,No,Month-to-month,No,Bank transfer (automatic),68.76,1029.32,No
CUST-01569,Female,0,No,Yes,70,Yes,Yes,Fiber optic,No,Yes,Yes,No,No,No,Month-to-month,No,Electronic check,43.41,3042.25,No
CUST-01570,Female,0,Yes,No,38,Yes,No,Fiber optic,No,No,Yes,No,Yes,No,Month-to-month,No,Mailed check,54.16,2060.6,No
CUST-01571,Female,0,Yes,No,40,Yes,No,Fiber optic,No,No,No,No,Yes,Yes,Month-to-month,Yes,Electronic check,93.7,3741.92,No
CUST-01572,Female,0,No,Yes,30,Yes,No,Fiber optic,No,Yes,Yes,No,Yes,Yes,Two year,Yes,Bank transfer (automatic),86.34,2588.97,No
CUST-01573,Female,0,Yes,No,48,Yes,No,Fiber optic,No,Yes,No,No,No,Yes,Month-to-month,Yes,Credit card (automatic),62.01,2975.62,No
CUST-01574,Female,1,No,No,12,Yes,Yes,Fiber optic,No,No,No,Yes,No,Yes,One year,Yes,Mailed check,22.59,278.56,No
CUST-01575,Male,0,No,Yes,40,Yes,No,DSL,Yes,Yes,No,Yes,Yes,Yes,One year,Yes,Mailed check,21.99,877.5,No
CUST-01576,Male,0,Yes,No,27,No,No phone service,Fiber optic,No,No,No,No,Yes,Yes,Two year,No,Bank transfer (automatic),88.22,2384.35,No
CUST-01577,Female,0,Yes,No,63,Yes,No,DSL,No,Yes,No,No,No,Yes,One year,Yes,Credit card (automatic),112.88,7117.94,No
CUST-01578,Female,0,Yes,No,18,Yes,Yes,Fiber optic,Yes,No,Yes,Yes,No,Yes,Month-to-month,Yes,Bank transfer (automatic),102.73,1844.53,No
CUST-01579,Male,1,No,No,71,Yes,No,DSL,Yes,Yes,Yes,Yes,No,Yes,Two year,Yes,Electronic check,30.22,2147.02,No
CUST-01580,Female,0,No,No,24,Yes,No,Fiber optic,Yes,Yes,Yes,No,Yes,Yes,One year,No,Credit card (automatic),30.12,733.04,No
CUST-01581,Female,0,No,Yes,37,Yes,Yes,Fiber optic,No,No,Yes,No,Yes,Yes,One year,Yes,Credit card (automatic),79.05,2917.01,No
CUST-01582,Male,0,Yes,No,2,Yes,No,Fiber optic,Yes,Yes,Yes,No,Yes,Yes,Month-to-month,No,Electronic check,83.76,164.49,Yes
CUST-01583,Female,0,Yes,Yes,1,Yes,Yes,DSL,Yes,Yes,No,No,No,Yes,Month-to-month,No,Credit card (automatic),79.65,81.01,No
CUST-01584,Female,1,Yes,No,4,Yes,Yes,DSL,No,Yes,No,Yes,Yes,No,Two year,Yes,Mailed check,106.54,427.98,No
CUST-01585,Female,0,Yes,No,60,Yes,No,No,No internet service,No internet service,No internet service,No internet service,No internet service,No internet service,Month-to-month,Yes,Mailed check,41.1,2466.79,No
CUST-01586,Male,0,Yes,Yes,19,Yes,No,No,No internet service,No internet service,No internet service,No internet service,No internet service,No internet service,One year,No,Bank transfer (automatic),35.23,672.1,No
CUST-01587,Male,1,Yes,No,37,Yes,Yes,DSL,No,No,Yes,No,No,No,Two year,Yes,Electronic check,109.42,4054.84,No
CUST-01588,Male,1,No,No,35,No,No phone service,No,No internet service,No internet service,No internet service,No internet service,No internet service,No internet service,Month-to-month,No,Mailed check,90.21,3157.62,No
CUST-01589,Female,0,No,No,45,Yes,No,DSL,No,No,Yes,No,No,No,Month-to-month,Yes,Credit card (automatic),89.17,4012.28,No
CUST-01590,Female,0,No,No,36,Yes,Yes,Fiber optic,Yes,Yes,No,No,Yes,No,Month-to-month,Yes,Credit card (automatic),51.54,1858.41,No
CUST-01591,Male,0,Yes,No,53,Yes,Yes,Fiber optic,Yes,Yes,No,Yes,Yes,No,Two year,Yes,Bank transfer (automatic),80.79,4291.82,No
CUST-01592,Female,0,No,No,20,Yes,No,DSL,Yes,No,Yes,No,No,Yes,Month-to-month,Yes,Credit card (automatic),90.67,1816.4,Yes
CUST-01593,Female,1,No,No,20,Yes,No,DSL,No,Yes,Yes,No,No,No,Two year,Yes,Electronic check,78.03,1565.79,Yes
CUST-01594,Female,0,No,No,69,Yes,No,Fiber optic,Yes,Yes,No,Yes,No,Yes,Month-to-month,No,Mailed check,91.62,6313.91,No
CUST-01595,Female,0,Yes,Yes,59,Yes,No,DSL,Yes,Yes,Yes,No,Yes,No,Two year,No,Bank transfer (automatic),77.01,4542.69,No
CUST-01596,Female,0,Yes,Yes,35,Yes,Yes,Fiber optic,Yes,Yes,No,No,No,Yes,Two year,Yes,Bank transfer (automatic),116.2,4060.93,No
CUST-01597,Male,0,No,No,10,Yes,No,Fiber optic,Yes,No,Yes,Yes,No,No,Month-to-month,No,Mailed check,67.2,672.08,Yes
CUST-01598,Female,0,Yes,No,30,Yes,No,DSL,Yes,Yes,Yes,No,No,Yes,Month-to-month,Yes,Mailed check,19.25,584.63,No
CUST-01599,Male,0,Yes,No,36,Yes,No,No,No internet service,No internet service,No internet service,No internet service,No internet service,No internet service,Two year,Yes,Electronic check,34.33,1229.42,No
CUST-01600,Female,0,Yes,No,59,No,No phone service,DSL,No,Yes,Yes,Yes,Yes,Yes,Two year,Yes,Credit card (automatic),114.42,6759.47,No
CUST-01601,Male,0,Yes,Yes,60,Yes,Yes,DSL,No,No,Yes,No,Yes,No,Two year,Yes,Credit card (automatic),64.95,3896.98,No
CUST-01602,Female,0,No,Yes,66,No,No phone service,Fiber optic,No,No,Yes,Yes,No,No,Month-to-month,Yes,Mailed check,30.05,1987.76,No
CUST-01603,Male,0,Yes,No,28,Yes,Yes,No,No internet service,No internet service,No internet service,No internet service,No internet service,No internet service,Month-to-month,No,Credit card (automatic),33.58,945.38,No
CUST-01604,Female,0,No,Yes,66,Yes,Yes,Fiber optic,No,No,No,No,Yes,Yes,Month-to-month,Yes,Mailed check,20.89,1388.72,No
CUST-01605,Male,0,No,No,70,No,No phone service,DSL,Yes,No,Yes,Yes,No,Yes,Month-to-month,Yes,Credit card (automatic),40.63,2847.01,No
CUST-01606,Female,0,Yes,No,66,Yes,Yes,No,No internet service,No internet service,No internet service,No internet service,No internet service,No internet service,One year,Yes,Mailed check,116.66,7695.2,No
CUST-01607,Male,0,Yes,Yes,15,Yes,Yes,Fiber optic,Yes,Yes,No,No,No,Yes,Two year,Yes,Credit card (automatic),50.88,768.26,No
CUST-01608,Female,0,Yes,Yes,44,Yes,No,Fiber optic,No,Yes,No,No,No,No,Month-to-month,Yes,Electronic check,43.03,1879.97,Yes
CUST-01609,Male,0,No,No,33,Yes,Yes,No,No internet service,No internet service,No internet service,No internet service,No internet service,No internet service,Two year,Yes,Bank transfer (automatic),84.76,2792.54,No
CUST-01610,Male,0,No,No,43,Yes,Yes,DSL,No,Yes,Yes,Yes,Yes,No,One year,Yes,Credit card (automatic),85.42,3670.16,No
CUST-01611,Female,1,No,No,41,Yes,No,Fiber optic,Yes,No,Yes,Yes,Yes,Yes,Month-to-month,Yes,Mailed check,114.78,4695.46,No
CUST-01612,Female,0,No,No,34,Yes,No,No,No internet service,No internet service,No internet service,No internet service,No internet service,No internet service,Two year,Yes,Electronic check,90.96,3101.06,No
CUST-01613,Male,0,No,No,29,Yes,Yes,DSL,No,No,Yes,Yes,No,Yes,Month-to-month,No,Electronic check,29.0,847.65,Yes
CUST-01614,Female,1,No,Yes,52,Yes,No,Fiber optic,No,No,No,No,No,Yes,Month-to-month,No,Bank transfer (automatic),116.56,6063.38,Yes
CUST-01615,Male,0,No,Yes,57,Yes,No,DSL,Yes,No,Yes,Yes,Yes,Yes,Month-to-month,No,Electronic check,93.02,5307.04,No
CUST-01616,Male,0,Yes,No,27,Yes,Yes,No,No internet service,No internet service,No internet service,No internet service,No internet service,No internet service,Month-to-month,No,Bank transfer (automatic),43.92,1187.67,No
CUST-01617,Male,0,No,Yes,14,Yes,Yes,Fiber optic,No,No,Yes,Yes,No,No,Month-to-month,Yes,Credit card (automatic),44.12,622.0,No
CUST-01618,Female,1,No,Yes,37,Yes,No,DSL,Yes,Yes,No,Yes,Yes,No,Two year,Yes,Credit card (automatic),114.0,4224.31,No
CUST-01619,Male,0,No,No,49,Yes,No,DSL,Yes,No,No,No,No,No,Two year,No,Credit card (automatic),37.26,1818.51,No
CUST-01620,Male,0,No,No,12,Yes,No,Fiber optic,Yes,No,Yes,No,No,Yes,Two year,No,Mailed check,40.76,493.7,No
CUST-01621,Female,0,Yes,Yes,34,Yes,Yes,Fiber optic,No,Yes,No,No,Yes,No,Two year,Yes,Credit card (automatic),53.89,1837.91,No
CUST-01622,Female,0,No,No,23,Yes,Yes,Fiber optic,Yes,Yes,No,No,Yes,No,One year,Yes,Bank transfer (automatic),85.95,1973.9,No
CUST-01623,Female,0,No,No,64,Yes,Yes,DSL,Yes,Yes,No,Yes,Yes,Yes,One year,No,Credit card (automatic),60.97,3900.92,No
CUST-01624,Female,0,Yes,Yes,17,Yes,No,Fiber optic,No,Yes,No,Yes,No,Yes,Month-to-month,Yes,Electronic check,49.13,831.33,No
CUST-01625,Male,0,Yes,No,57,Yes,Yes,DSL,Yes,No,Yes,No,No,No,Month-to-month,Yes,Bank transfer (automatic),44.76,2552.88,No
CUST-01626,Male,0,No,Yes,25,Yes,Yes,No,No internet service,No internet service,No internet service,No internet service,No internet service,No internet service,Two year,No,Credit card (automatic),30.51,764.7,No
CUST-01627,Male,0,No,No,28,Yes,No,Fiber optic,No,Yes,Yes,No,No,Yes,Month-to-month,Yes,Mailed check,72.63,2034.62,Yes
CUST-01628,Male,0,No,Yes,71,Yes,Yes,Fiber optic,Yes,No,No,Yes,Yes,Yes,Month-to-month,No,Bank transfer (automatic),45.34,3215.31,No
CUST-01629,Female,1,No,No,43,Yes,No,Fiber optic,No,Yes,No,Yes,Yes,No,Month-to-month,Yes,Bank transfer (automatic),51.15,2206.31,No
CUST-01630,Male,0,No,Yes,4,Yes,No,Fiber optic,No,Yes,Yes,No,No,No,One year,Yes,Bank transfer (automatic),18.78,72.21,No
CUST-01631,Male,0,No,No,32,Yes,No,No,No internet service,No internet service,No internet service,No internet service,No internet service,No internet service,Month-to-month,Yes,Mailed check,71.12,2278.6,Yes
CUST-01632,Female,0,Yes,No,4,No,No phone service,Fiber optic,Yes,No,Yes,No,Yes,Yes,One year,No,Credit card (automatic),87.64,354.5,No
CUST-01633,Male,0,Yes,No,35,Yes,No,Fiber optic,No,Yes,No,No,Yes,Yes,Two year,Yes,Electronic check,110.75,3867.69,No
CUST-01634,Male,0,No,No,12,No,No phone service,Fiber optic,No,No,No,No,No,No,Month-to-month,No,Electronic check,37.71,454.19,No
CUST-01635,Male,0,No,Yes,24,Yes,No,Fiber optic,No,No,No,No,No,Yes,Month-to-month,No,Mailed check,109.94,2644.83,No
CUST-01636,Male,0,No,No,57,Yes,No,DSL,No,No,No,Yes,Yes,Yes,Month-to-month,No,Electronic check,54.11,3084.2,No
CUST-01637,Male,0,Yes,Yes,1,Yes,No,No,No internet service,No internet service,No internet service,No internet service,No internet service,No internet service,Month-to-month,Yes,Bank transfer (automatic),98.24,102.73,No
CUST-01638,Male,0,No,No,35,Yes,No,Fiber optic,No,Yes,No,Yes,Yes,Yes,Month-to-month,Yes,Bank transfer (automatic),107.68,3765.41,No
CUST-01639,Female,1,Yes,Yes,24,Yes,Yes,DSL,No,No,No,No,No,Yes,One year,No,Electronic check,114.14,2744.63,No
CUST-01640,Female,1,Yes,No,33,No,No phone service,DSL,Yes,No,No,Yes,No,No,Month-to-month,Yes,Bank transfer (automatic),50.54,1662.13,No
CUST-01641,Male,0,No,No,11,No,No phone service,Fiber optic,No,No,No,No,Yes,No,Month-to-month,Yes,Mailed check,44.05,484.44,Yes
CUST-01642,Male,0,Yes,No,18,Yes,Yes,DSL,Yes,Yes,Yes,Yes,No,No,Two year,No,Bank transfer (automatic),61.96,1121.45,No
CUST-01643,Female,0,No,Yes,36,Yes,No,No,No internet service,No internet service,No internet service,No internet service,No internet service,No internet service,Month-to-month,Yes,Mailed check,73.47,2650.82,No
CUST-01644,Male,1,Yes,No,0,Yes,No,No,No internet service,No internet service,No internet service,No internet service,No internet service,No internet service,Month-to-month,No,Credit card (automatic),87.06,0.0,No
CUST-01645,Male,0,No,No,59,Yes,No,DSL,Yes,Yes,No,Yes,No,Yes,Month-to-month,Yes,Bank transfer (automatic),87.19,5143.14,No
CUST-01646,Male,1,No,No,66,Yes,Yes,DSL,No,Yes,Yes,No,Yes,No,Month-to-month,Yes,Credit card (automatic),29.66,1954.56,Yes
CUST-01647,Female,0,Yes,No,48,Yes,No,DSL,No,Yes,No,No,Yes,No,Month-to-month,No,Electronic check,79.18,3806.54,No
CUST-01648,Male,1,Yes,No,45,Yes,Yes,DSL,Yes,No,Yes,No,No,Yes,One year,No,Electronic check,34.79,1565.18,No
CUST-01649,Female,0,Yes,No,47,Yes,No,DSL,Yes,Yes,No,No,Yes,Yes,Month-to-month,Yes,Bank transfer (automatic),89.14,4190.32,No
CUST-01650,Male,0,No,Yes,67,Yes,No,No,No internet service,No internet service,No internet service,No internet service,No internet service,No internet service,Month-to-month,No,Mailed check,115.66,7751.63,No
CUST-01651,Female,0,Yes,No,18,Yes,Yes,Fiber optic,No,Yes,Yes,No,No,No,Month-to-month,Yes,Mailed check,95.09,1705.55,No
CUST-01652,Female,0,Yes,No,39,Yes,No,Fiber optic,No,No,No,No,Yes,No,One year,No,Mailed check,87.47,3412.82,No
CUST-01653,Male,0,No,No,5,Yes,No,DSL,No,No,No,No,Yes,No,Month-to-month,Yes,Mailed check,25.75,123.7,No
CUST-01654,Female,0,No,No,62,No,No phone service,No,No internet service,No internet service,No internet service,No internet service,No internet service,No internet service,Month-to-month,No,Mailed check,36.46,2258.07,No
CUST-01655,Male,0,Yes,No,34,Yes,No,No,No internet service,No internet service,No internet service,No internet service,No internet service,No internet service,Two year,Yes,Mailed check,53.52,1817.46,No
CUST-01656,Female,0,Yes,No,71,No,No phone service,Fiber optic,No,No,Yes,No,Yes,Yes,Month-to-month,No,Mailed check,111.35,7908.27,No
CUST-01657,Male,0,Yes,No,60,Yes,Yes,DSL,No,No,No,Yes,No,Yes,Month-to-month,Yes,Electronic check,51.09,3061.44,No
CUST-01658,Male,0,No,No,4,Yes,No,No,No internet service,No internet service,No internet service,No internet service,No internet service,No internet service,One year,Yes,Credit card (automatic),99.38,395.15,No
CUST-01659,Female,0,No,No,36,Yes,No,DSL,Yes,No,No,No,No,Yes,Month-to-month,No,Credit card (automatic),28.38,1023.3,No
CUST-01660,Male,0,Yes,No,10,Yes,Yes,Fiber optic,Yes,Yes,Yes,No,No,No,One year,Yes,Electronic check,84.2,848.93,No
CUST-01661,Male,1,No,Yes,39,Yes,No,Fiber optic,No,Yes,No,Yes,Yes,No,One year,Yes,Electronic check,95.91,3742.68,Yes
CUST-01662,Female,0,Yes,Yes,64,Yes,No,No,No internet service,No internet service,No internet service,No internet service,No internet service,No internet service,Month-to-month,Yes,Electronic check,72.29,4632.21,Yes
CUST-01663,Male,0,Yes,Yes,7,Yes,No,Fiber optic,Yes,Yes,No,No,No,Yes,One year,Yes,Bank transfer (automatic),94.68,652.14,No
CUST-01664,Male,0,No,No,10,Yes,No,No,No internet service,No internet service,No internet service,No internet service,No internet service,No internet service,Two year,No,Mailed check,90.37,910.88,No
CUST-01665,Female,0,Yes,No,70,Yes,No,No,No internet service,No internet service,No internet service,No internet service,No internet service,No internet service,One year,Yes,Credit card (automatic),65.7,4594.71,No
CUST-01666,Female,0,Yes,No,57,No,No phone service,DSL,No,Yes,Yes,Yes,Yes,Yes,Month-to-month,Yes,Electronic check,104.55,5956.31,No
CUST-01667,Male,0,No,No,47,Yes,Yes,Fiber optic,Yes,Yes,No,Yes,No,No,Month-to-month,No,Mailed check,52.16,2461.23,Yes
CUST-01668,Male,0,Yes,No,12,Yes,Yes,DSL,No,Yes,Yes,No,Yes,Yes,Two year,Yes,Mailed check,60.54,727.33,No
CUST-01669,Female,0,Yes,No,59,No,No phone service,No,No internet service,No internet service,No internet service,No internet service,No internet service,No internet service,One year,Yes,Mailed check,71.99,4243.66,No
CUST-01670,Female,0,No,No,48,No,No phone service,DSL,No,No,No,Yes,No,No,Month-to-month,Yes,Mailed check,31.07,1488.3,No
CUST-01671,Male,1,Yes,Yes,66,Yes,No,DSL,Yes,Yes,Yes,Yes,Yes,Yes,Two year,Yes,Bank transfer (automatic),69.53,4582.06,No
CUST-01672,Female,1,Yes,Yes,6,Yes,No,Fiber optic,Yes,No,No,No,No,Yes,Month-to-month,Yes,Credit card (automatic),50.41,302.53,No
CUST-01673,Male,0,No,Yes,24,Yes,No,Fiber optic,No,No,Yes,Yes,Yes,Yes,One year,Yes,Mailed check,43.67,1046.4,No
CUST-01674,Male,0,No,Yes,22,Yes,Yes,DSL,Yes,No,No,Yes,Yes,No,One year,No,Electronic check,75.68,1668.31,No
CUST-01675,Male,0,No,Yes,50,Yes,No,Fiber optic,Yes,Yes,Yes,No,Yes,No,Two year,Yes,Electronic check,50.96,2556.59,No
CUST-01676,Male,0,Yes,No,46,Yes,Yes,No,No internet service,No internet service,No internet service,No internet service,No internet service,No internet service,Month-to-month,No,Bank transfer (automatic),103.55,4757.03,No
CUST-01677,Male,0,No,Yes,4,Yes,No,Fiber optic,No,Yes,Yes,No,Yes,Yes,One year,Yes,Bank transfer (automatic),59.0,238.98,No
CUST-01678,Female,0,Yes,Yes,12,Yes,Yes,Fiber optic,Yes,Yes,No,No,No,No,Month-to-month,Yes,Credit card (automatic),59.3,703.93,Yes
CUST-01679,Female,1,No,Yes,41,Yes,Yes,DSL,Yes,Yes,No,Yes,No,Yes,Month-to-month,Yes,Mailed check,116.19,4765.96,Yes
CUST-01680,Female,1,Yes,No,4,Yes,Yes,DSL,Yes,No,Yes,Yes,No,Yes,One year,Yes,Bank transfer (automatic),52.15,202.73,No
CUST-01681,Female,0,Yes,No,22,Yes,Yes,Fiber optic,Yes,Yes,Yes,Yes,Yes,No,Month-to-month,No,Bank transfer (automatic),31.15,678.57,Yes
CUST-01682,Male,0,No,No,61,Yes,No,Fiber optic,Yes,Yes,No,No,Yes,No,Month-to-month,No,Electronic check,105.66,6458.01,No
CUST-01683,Male,0,Yes,Yes,0,Yes,No,Fiber optic,No,No,No,Yes,No,No,Month-to-month,Yes,Bank transfer (automatic),109.7,10.74,No
CUST-01684,Male,0,Yes,No,53,Yes,No,Fiber optic,Yes,No,Yes,Yes,No,Yes,Month-to-month,No,Electronic check,40.65,2150.91,No
CUST-01685,Male,0,No,Yes,71,Yes,No,Fiber optic,Yes,Yes,Yes,No,Yes,Yes,Month-to-month,Yes,Credit card (automatic),106.21,7550.42,No
CUST-01686,Female,0,Yes,Yes,2,Yes,No,Fiber optic,Yes,No,Yes,No,Yes,No,Month-to-month,No,Credit card (automatic),67.46,134.72,No
CUST-01687,Male,1,Yes,No,63,Yes,Yes,DSL,Yes,No,No,Yes,No,Yes,One year,No,Electronic check,22.34,1400.57,No
CUST-01688,Male,0,Yes,No,50,Yes,No,No,No internet service,No internet service,No internet service,No internet service,No internet service,No internet service,Month-to-month,No,Electronic check,72.88,3647.25,No
CUST-01689,Female,0,No,No,1,Yes,Yes,DSL,No,Yes,Yes,No,Yes,No,Two year,No,Credit card (automatic),102.88,107.63,No
CUST-01690,Female,0,No,No,48,Yes,No,Fiber optic,Yes,No,Yes,Yes,Yes,No,Month-to-month,No,Mailed check,57.66,2771.44,Yes
CUST-01691,Female,0,No,No,30,Yes,Yes,DSL,Yes,Yes,No,No,Yes,Yes,One year,Yes,Electronic check,73.1,2184.55,No
CUST-01692,Female,0,No,Yes,2,Yes,No,Fiber optic,No,Yes,Yes,Yes,Yes,No,Month-to-month,No,Bank transfer (automatic),32.06,58.4,No
CUST-01693,Male,0,No,No,34,Yes,Yes,Fiber optic,Yes,Yes,Yes,No,No,Yes,Two year,Yes,Credit card (automatic),102.22,3480.17,No
CUST-01694,Male,0,No,Yes,35,Yes,Yes,Fiber optic,Yes,Yes,Yes,Yes,No,No,Month-to-month,No,Bank transfer (automatic),28.69,998.39,No
CUST-01695,Female,0,No,No,63,Yes,No,Fiber optic,Yes,Yes,Yes,Yes,Yes,No,One year,Yes,Credit card (automatic),27.44,1733.81,No
CUST-01696,Male,0,No,Yes,31,Yes,Yes,Fiber optic,No,No,No,Yes,Yes,No,Month-to-month,Yes,Electronic check,111.36,3450.35,No
CUST-01697,Male,1,Yes,No,17,Yes,Yes,No,No internet service,No internet service,No internet service,No internet service,No internet service,No internet service,Month-to-month,Yes,Electronic check,105.35,1782.73,No
CUST-01698,Male,0,Yes,No,33,Yes,No,DSL,No,Yes,Yes,No,No,Yes,Month-to-month,Yes,Electronic check,75.49,2484.58,No
CUST-01699,Female,0,Yes,No,55,Yes,Yes,No,No internet service,No internet service,No internet service,No internet service,No internet service,No internet service,Month-to-month,Yes,Electronic check,28.62,1576.37,No
CUST-01700,Male,0,Yes,Yes,66,Yes,Yes,Fiber optic,Yes,No,No,Yes,No,No,Month-to-month,No,Electronic check,72.6,4794.11,No
CUST-01701,Female,0,No,No,52,Yes,No,Fiber optic,Yes,Yes,No,Yes,No,Yes,Month-to-month,Yes,Credit card (automatic),110.05,5730.41,Yes
CUST-01702,Male,0,Yes,No,66,Yes,Yes,No,No internet service,No internet service,No internet service,No internet service,No internet service,No internet service,Two year,No,Bank transfer (automatic),79.24,5229.94,No
CUST-01703,Male,1,Yes,No,65,Yes,Yes,DSL,No,No,No,Yes,No,Yes,Month-to-month,Yes,Mailed check,37.82,2457.3,No
CUST-01704,Male,1,Yes,No,63,Yes,Yes,DSL,No,No,No,Yes,No,Yes,One year,Yes,Credit card (automatic),108.58,6849.53,No
CUST-01705,Female,0,Yes,No,66,Yes,Yes,Fiber optic,Yes,Yes,No,No,Yes,No,One year,Yes,Electronic check,104.55,6896.1,No
CUST-01706,Male,0,Yes,Yes,38,Yes,No,Fiber optic,No,Yes,Yes,Yes,Yes,Yes,One year,Yes,Electronic check,72.66,2759.66,No
CUST-01707,Female,0,No,No,37,Yes,No,No,No internet service,No internet service,No internet service,No internet service,No internet service,No internet service,One year,Yes,Mailed check,103.22,3821.51,No
CUST-01708,Female,0,No,Yes,39,Yes,No,Fiber optic,Yes,No,Yes,No,No,No,One year,Yes,Electronic check,23.64,917.48,Yes
CUST-01709,Female,0,Yes,Yes,18,Yes,No,No,No internet service,No internet service,No internet service,No internet service,No internet service,No internet service,One year,Yes,Bank transfer (automatic),64.12,1156.39,No
CUST-01710,Male,0,Yes,No,4,Yes,No,No,No internet service,No internet service,No internet service,No internet service,No internet service,No internet service,Two year,No,Bank transfer (automatic),35.81,143.26,No
CUST-01711,Male,0,Yes,No,68,Yes,No,Fiber optic,No,No,Yes,No,No,Yes,One year,No,Mailed check,101.75,6924.68,No
CUST-01712,Male,0,Yes,Yes,13,Yes,Yes,Fiber optic,Yes,Yes,No,Yes,Yes,Yes,Month-to-month,No,Electronic check,115.12,1494.47,No
CUST-01713,Male,0,No,Yes,48,Yes,Yes,DSL,Yes,No,No,No,No,No,Month-to-month,No,Electronic check,111.07,5328.17,No
CUST-01714,Female,1,Yes,No,63,Yes,Yes,Fiber optic,No,Yes,No,No,Yes,Yes,Month-to-month,Yes,Bank transfer (automatic),68.33,4314.38,Yes
CUST-01715,Female,0,No,Yes,56,Yes,No,DSL,No,Yes,Yes,Yes,No,No,Two year,No,Bank transfer (automatic),69.1,3873.86,No
CUST-01716,Female,0,Yes,No,34,Yes,No,Fiber optic,No,No,No,Yes,Yes,No,Two year,No,Electronic check,108.82,3705.31,No
CUST-01717,Male,0,No,No,4,Yes,Yes,No,No internet service,No internet service,No internet service,No internet service,No internet service,No internet service,Month-to-month,No,Electronic check,90.17,364.86,Yes
CUST-01718,Female,0,No,No,38,Yes,Yes,Fiber optic,No,Yes,No,No,No,No,Two year,No,Electronic check,25.46,964.11,No
CUST-01719,Male,0,No,Yes,23,Yes,No,Fiber optic,Yes,Yes,Yes,No,Yes,Yes,Month-to-month,Yes,Electronic check,30.83,704.29,No
CUST-01720,Female,0,Yes,Yes,39,No,No phone service,No,No internet service,No internet service,No internet service,No internet service,No internet service,No internet service,Month-to-month,No,Electronic check,113.17,4408.88,No
CUST-01721,Male,1,Yes,No,49,Yes,No,Fiber optic,No,No,Yes,No,Yes,No,One year,Yes,Bank transfer (automatic),54.59,2672.03,No
CUST-01722,Male,0,No,No,57,No,No phone service,Fiber optic,No,Yes,No,No,Yes,Yes,One year,Yes,Credit card (automatic),36.74,2100.18,No
CUST-01723,Female,0,Yes,Yes,0,Yes,No,Fiber optic,Yes,Yes,No,Yes,Yes,No,Month-to-month,Yes,Bank transfer (automatic),91.55,0.0,No
CUST-01724,Female,0,Yes,Yes,42,Yes,Yes,DSL,Yes,No,Yes,No,No,No,Two year,No,Bank transfer (automatic),105.97,4455.44,No
CUST-01725,Female,0,No,Yes,38,Yes,No,Fiber optic,No,Yes,No,Yes,Yes,Yes,Month-to-month,Yes,Credit card (automatic),38.66,1473.2,No
CUST-01726,Female,0,Yes,No,9,Yes,Yes,Fiber optic,Yes,Yes,Yes,Yes,Yes,Yes,Month-to-month,Yes,Bank transfer (automatic),43.14,396.27,Yes
CUST-01727,Male,1,No,No,1,Yes,No,Fiber optic,No,Yes,Yes,Yes,Yes,No,Month-to-month,Yes,Mailed check,107.99,112.0,Yes
CUST-01728,Female,0,Yes,No,62,Yes,Yes,Fiber optic,Yes,No,No,Yes,Yes,No,Two year,Yes,Bank transfer (automatic),19.32,1198.9,No
CUST-01729,Female,0,Yes,No,15,Yes,Yes,DSL,Yes,Yes,Yes,No,Yes,Yes,Month-to-month,No,Credit card (automatic),108.8,1625.51,No
CUST-01730,Female,0,No,No,36,Yes,Yes,No,No internet service,No internet service,No internet service,No internet service,No internet service,No internet service,Two year,Yes,Electronic check,21.93,799.19,No
CUST-01731,Male,0,No,No,15,Yes,No,Fiber optic,No,Yes,Yes,Yes,No,No,Two year,Yes,Bank transfer (automatic),27.54,418.42,No
CUST-01732,Male,1,No,Yes,26,Yes,Yes,No,No internet service,No internet service,No internet service,No internet service,No internet service,No internet service,Month-to-month,Yes,Bank transfer (automatic),104.23,2712.1,No
CUST-01733,Female,1,No,Yes,62,Yes,Yes,Fiber optic,No,No,No,Yes,Yes,Yes,Two year,Yes,Credit card (automatic),42.84,2657.14,No
CUST-01734,Male,0,Yes,Yes,63,Yes,No,DSL,No,No,Yes,No,No,No,Month-to-month,Yes,Bank transfer (automatic),40.47,2540.71,No
CUST-01735,Female,0,Yes,No,31,Yes,Yes,Fiber optic,No,No,Yes,No,No,Yes,Two year,Yes,Mailed check,102.41,3176.82,No
CUST-01736,Male,0,Yes,No,8,Yes,Yes,Fiber optic,No,No,No,Yes,Yes,Yes,Month-to-month,Yes,Bank transfer (automatic),72.22,575.11,No
CUST-01737,Male,0,No,No,10,Yes,Yes,Fiber optic,Yes,No,No,No,Yes,Yes,One year,Yes,Bank transfer (automatic),53.06,522.4,No
CUST-01738,Male,1,Yes,Yes,69,Yes,Yes,No,No internet service,No internet service,No internet service,No internet service,No internet service,No internet service,Month-to-month,No,Electronic check,89.42,6167.56,No
CUST-01739,Male,0,Yes,Yes,29,Yes,Yes,DSL,Yes,No,No,Yes,No,No,Month-to-month,No,Electronic check,98.97,2871.33,Yes
CUST-01740,Female,0,Yes,Yes,14,Yes,Yes,Fiber optic,Yes,Yes,Yes,No,No,No,Two year,No,Credit card (automatic),104.28,1461.79,No
CUST-01741,Female,0,No,No,58,Yes,Yes,DSL,Yes,Yes,Yes,Yes,No,Yes,Two year,Yes,Electronic check,29.94,1730.63,No
CUST-01742,Female,0,No,Yes,47,No,No phone service,No,No internet service,No internet service,No internet service,No internet service,No internet service,No internet service,Two year,Yes,Electronic check,76.25,3576.94,No
CUST-01743,Male,0,Yes,Yes,59,Yes,Yes,DSL,No,Yes,Yes,Yes,No,Yes,Month-to-month,Yes,Mailed check,85.82,5061.87,No
CUST-01744,Female,0,Yes,No,67,Yes,No,DSL,Yes,Yes,Yes,Yes,Yes,No,Two year,Yes,Bank transfer (automatic),29.65,1989.4,No
CUST-01745,Female,0,No,Yes,56,Yes,Yes,DSL,No,Yes,No,Yes,No,No,Month-to-month,Yes,Mailed check,79.01,4420.6,No
CUST-01746,Female,0,No,No,63,Yes,No,Fiber optic,No,No,No,No,No,Yes,Two year,No,Bank transfer (automatic),21.19,1332.75,No
CUST-01747,Male,0,No,Yes,53,Yes,No,Fiber optic,No,Yes,No,Yes,No,No,Two year,No,Electronic check,52.16,2765.42,No
CUST-01748,Male,0,No,No,53,Yes,Yes,Fiber optic,Yes,Yes,Yes,Yes,Yes,Yes,Two year,Yes,Bank transfer (automatic),35.2,1861.5,No
CUST-01749,Male,0,Yes,No,58,Yes,No,DSL,Yes,Yes,No,Yes,Yes,No,One year,No,Bank transfer (automatic),74.12,4288.93,No
CUST-01750,Female,0,No,No,38,Yes,Yes,DSL,No,No,Yes,No,Yes,Yes,Two year,Yes,Bank transfer (automatic),37.11,1411.73,No
CUST-01751,Female,0,Yes,No,14,Yes,No,Fiber optic,Yes,No,Yes,Yes,Yes,No,Two year,Yes,Mailed check,96.91,1348.01,No
CUST-01752,Female,1,No,No,27,Yes,No,Fiber optic,Yes,Yes,Yes,No,No,No,Month-to-month,No,Electronic check,30.11,814.62,Yes
CUST-01753,Male,0,Yes,No,35,Yes,No,Fiber optic,No,Yes,Yes,No,Yes,Yes,Month-to-month,No,Credit card (automatic),93.78,3281.2,No
CUST-01754,Male,0,Yes,No,53,Yes,No,Fiber optic,No,No,No,No,No,No,Month-to-month,No,Electronic check,27.89,1477.03,No
CUST-01755,Female,0,No,No,16,Yes,Yes,No,No internet service,No internet service,No internet service,No internet service,No internet service,No internet service,One year,No,Mailed check,62.24,990.33,No
CUST-01756,Male,0,Yes,No,21,Yes,Yes,DSL,Yes,Yes,Yes,Yes,No,No,Month-to-month,Yes,Mailed check,87.85,1843.19,No
CUST-01757,Male,0,Yes,No,35,Yes,No,Fiber optic,Yes,No,Yes,Yes,Yes,Yes,Two year,No,Mailed check,34.15,1190.86,No
CUST-01758,Male,0,Yes,Yes,28,Yes,No,DSL,Yes,Yes,No,No,Yes,No,Month-to-month,No,Credit card (automatic),93.23,2624.68,No
CUST-01759,Male,0,No,No,54,Yes,Yes,Fiber optic,No,Yes,Yes,No,Yes,No,Month-to-month,Yes,Credit card (automatic),113.34,6116.34,No
CUST-01760,Female,0,No,No,41,No,No phone service,Fiber optic,Yes,Yes,Yes,Yes,Yes,No,Month-to-month,Yes,Credit card (automatic),55.34,2274.13,No
CUST-01761,Male,0,No,No,31,Yes,No,Fiber optic,No,No,Yes,Yes,Yes,No,Month-to-month,Yes,Electronic check,18.02,555.79,No
CUST-01762,Male,0,Yes,Yes,13,Yes,Yes,No,No internet service,No internet service,No internet service,No internet service,No internet service,No internet service,Month-to-month,Yes,Electronic check,65.68,855.06,Yes
CUST-01763,Male,0,Yes,No,17,No,No phone service,Fiber optic,No,No,Yes,Yes,No,No,Month-to-month,Yes,Electronic check,108.24,1840.12,No
CUST-01764,Male,0,Yes,Yes,37,No,No phone service,Fiber optic,No,No,No,No,Yes,Yes,Two year,Yes,Mailed check,84.5,3125.67,No
CUST-01765,Female,0,Yes,No,33,Yes,No,No,No internet service,No internet service,No internet service,No internet service,No internet service,No internet service,Month-to-month,Yes,Credit card (automatic),88.33,2913.91,No
CUST-01766,Female,0,No,Yes,44,Yes,Yes,Fiber optic,No,No,No,No,Yes,No,Month-to-month,Yes,Credit card (automatic),97.25,4280.24,Yes
CUST-01767,Male,0,Yes,No,31,Yes,No,Fiber optic,Yes,No,No,Yes,No,No,Month-to-month,Yes,Mailed check,108.82,3380.3,No
CUST-01768,Male,1,Yes,Yes,66,Yes,No,No,No internet service,No internet service,No internet service,No internet service,No internet service,No internet service,One year,Yes,Electronic check,30.48,2006.02,No
CUST-01769,Male,0,Yes,Yes,62,Yes,Yes,No,No internet service,No internet service,No internet service,No internet service,No internet service,No internet service,Month-to-month,Yes,Bank transfer (automatic),77.02,4766.4,No
CUST-01770,Male,0,No,No,54,Yes,Yes,No,No internet service,No internet service,No internet service,No internet service,No internet service,No internet service,Month-to-month,Yes,Bank transfer (automatic),106.97,5772.23,No
CUST-01771,Male,0,Yes,No,42,Yes,Yes,Fiber optic,Yes,No,Yes,No,No,Yes,Month-to-month,Yes,Electronic check,95.59,4015.42,Yes
CUST-01772,Male,0,No,Yes,21,Yes,Yes,Fiber optic,No,Yes,No,Yes,No,Yes,One year,No,Credit card (automatic),42.89,899.21,Yes
CUST-01773,Female,0,No,No,67,Yes,Yes,No,No internet service,No internet service,No internet service,No internet service,No internet service,No internet service,One year,Yes,Bank transfer (automatic),105.46,7073.53,Yes
CUST-01774,Male,0,Yes,Yes,28,Yes,No,DSL,Yes,Yes,Yes,No,Yes,Yes,One year,Yes,Mailed check,47.41,1334.58,No
CUST-01775,Female,0,Yes,No,39,Yes,No,No,No internet service,No internet service,No internet service,No internet service,No internet service,No internet service,Month-to-month,No,Credit card (automatic),59.09,2302.24,No
CUST-01776,Female,1,Yes,No,44,Yes,No,No,No internet service,No internet service,No internet service,No internet service,No internet service,No internet service,Month-to-month,Yes,Electronic check,36.56,1616.36,Yes
CUST-01777,Male,0,Yes,Yes,9,Yes,No,No,No internet service,No internet service,No internet service,No internet service,No internet service,No internet service,Month-to-month,No,Mailed check,106.52,960.78,No
CUST-01778,Female,0,No,No,44,Yes,No,DSL,Yes,Yes,Yes,Yes,No,No,Month-to-month,Yes,Bank transfer (automatic),27.3,1197.56,No
CUST-01779,Female,0,No,Yes,16,Yes,Yes,No,No internet service,No internet service,No internet service,No internet service,No internet service,No internet service,Month-to-month,No,Electronic check,117.41,1877.96,No
CUST-01780,Female,0,No,No,1,Yes,Yes,Fiber optic,Yes,No,Yes,Yes,Yes,No,One year,Yes,Credit card (automatic),50.87,49.9,No
CUST-01781,Female,0,No,No,16,Yes,Yes,Fiber optic,Yes,No,No,No,Yes,No,Two year,Yes,Bank transfer (automatic),89.08,1421.6,No
CUST-01782,Female,0,No,No,37,Yes,Yes,No,No internet service,No internet service,No internet service,No internet service,No internet service,No internet service,Month-to-month,Yes,Mailed check,30.87,1139.02,No
CUST-01783,Female,0,No,No,36,Yes,No,Fiber optic,Yes,Yes,No,Yes,Yes,Yes,Month-to-month,No,Electronic check,66.79,2406.7,No
CUST-01784,Male,1,No,No,62,Yes,Yes,DSL,No,No,Yes,No,No,Yes,Month-to-month,No,Credit card (automatic),22.01,1362.62,No
CUST-01785,Female,0,No,Yes,4,Yes,No,Fiber optic,No,No,Yes,No,No,Yes,Month-to-month,No,Mailed check,105.84,421.95,Yes
CUST-01786,Female,0,No,No,24,Yes,No,DSL,Yes,Yes,Yes,No,No,Yes,Month-to-month,Yes,Mailed check,62.64,1502.32,No
CUST-01787,Female,1,No,No,21,Yes,Yes,Fiber optic,Yes,Yes,No,Yes,No,No,Month-to-month,No,Mailed check,92.28,1937.04,No
CUST-01788,Male,0,Yes,No,62,Yes,No,Fiber optic,No,No,Yes,Yes,Yes,No,Month-to-month,Yes,Mailed check,107.45,6666.5,No
CUST-01789,Female,0,Yes,No,34,Yes,Yes,Fiber optic,Yes,No,Yes,Yes,No,Yes,One year,Yes,Electronic check,24.86,841.11,No
CUST-01790,Male,1,Yes,Yes,54,Yes,Yes,DSL,Yes,Yes,No,No,No,Yes,One year,Yes,Bank transfer (automatic),69.14,3734.71,No
CUST-01791,Female,0,No,Yes,19,Yes,Yes,DSL,Yes,Yes,Yes,No,Yes,No,Month-to-month,No,Credit card (automatic),36.95,694.48,No
CUST-01792,Male,1,Yes,Yes,4,Yes,Yes,Fiber optic,No,Yes,Yes,No,Yes,Yes,Month-to-month,Yes,Credit card (automatic),24.9,96.99,No
CUST-01793,Male,0,No,Yes,38,Yes,Yes,Fiber optic,No,No,No,Yes,Yes,No,Month-to-month,Yes,Bank transfer (automatic),80.2,3041.06,Yes
CUST-01794,Female,0,No,Yes,62,Yes,No,Fiber optic,No,Yes,Yes,No,No,Yes,Two year,Yes,Mailed check,29.41,1831.51,No
CUST-01795,Female,1,Yes,No,31,Yes,No,Fiber optic,No,No,Yes,No,Yes,No,One year,Yes,Mailed check,67.19,2083.56,No
CUST-01796,Male,0,No,No,62,Yes,No,Fiber optic,No,Yes,Yes,No,No,No,Month-to-month,Yes,Mailed check,37.69,2334.65,No
CUST-01797,Female,0,Yes,Yes,39,Yes,Yes,No,No internet service,No internet service,No internet service,No internet service,No internet service,No internet service,One year,Yes,Credit card (automatic),37.77,1464.35,No
CUST-01798,Male,0,No,No,16,Yes,No,DSL,Yes,No,Yes,No,Yes,Yes,Month-to-month,Yes,Bank transfer (automatic),70.3,1118.1,No
CUST-01799,Male,1,No,Yes,31,Yes,No,DSL,No,No,No,Yes,No,No,Month-to-month,No,Electronic check,73.54,2284.0,No
CUST-01800,Male,0,Yes,No,22,Yes,No,DSL,No,No,Yes,No,No,Yes,One year,No,Bank transfer (automatic),18.35,405.47,No
CUST-01801,Male,0,Yes,No,59,Yes,Yes,DSL,Yes,Yes,Yes,No,No,Yes,Month-to-month,Yes,Bank transfer (automatic),68.08,4009.52,No
CUST-01802,Male,0,Yes,No,55,No,No phone service,No,No internet service,No internet service,No internet service,No internet service,No internet service,No internet service,Month-to-month,No,Mailed check,84.98,4666.72,No
CUST-01803,Female,0,Yes,No,8,Yes,No,No,No internet service,No internet service,No internet service,No internet service,No internet service,No internet service,Month-to-month,No,Mailed check,85.85,696.04,No
CUST-01804,Male,0,Yes,Yes,68,Yes,No,No,No internet service,No internet service,No internet service,No internet service,No internet service,No internet service,Two year,Yes,Credit card (automatic),102.99,7010.1,No
CUST-01805,Male,0,Yes,No,61,Yes,No,Fiber optic,No,No,Yes,Yes,No,No,One year,Yes,Electronic check,107.53,6560.81,No
CUST-01806,Female,0,No,No,63,Yes,No,Fiber optic,No,Yes,No,No,No,Yes,Month-to-month,No,Mailed check,80.29,5058.85,No
CUST-01807,Male,0,No,No,21,Yes,Yes,Fiber optic,No,Yes,No,Yes,No,No,One year,Yes,Credit card (automatic),66.18,1388.94,No
CUST-01808,Female,0,No,Yes,31,Yes,No,Fiber optic,No,No,No,No,Yes,No,Month-to-month,Yes,Credit card (automatic),38.41,1184.42,Yes
CUST-01809,Female,0,No,No,46,Yes,No,No,No internet service,No internet service,No internet service,No internet service,No internet service,No internet service,Two year,No,Credit card (automatic),30.68,1415.58,No
CUST-01810,Female,0,Yes,No,1,Yes,No,DSL,No,No,Yes,No,Yes,No,Month-to-month,No,Credit card (automatic),78.91,77.93,Yes
CUST-01811,Male,1,No,No,51,Yes,Yes,DSL,No,Yes,Yes,No,Yes,No,One year,Yes,Credit card (automatic),112.66,5749.31,No
CUST-01812,Male,0,No,Yes,13,Yes,Yes,No,No internet service,No internet service,No internet service,No internet service,No internet service,No internet service,Month-to-month,No,Mailed check,45.82,593.64,No
CUST-01813,Male,0,Yes,Yes,36,Yes,No,No,No internet service,No internet service,No internet service,No internet service,No internet service,No internet service,Month-to-month,Yes,Mailed check,27.95,1008.02,No
CUST-01814,Female,0,No,No,26,Yes,Yes,No,No internet service,No internet service,No internet service,No internet service,No internet service,No internet service,Month-to-month,Yes,Bank transfer (automatic),60.39,1567.74,No
CUST-01815,Male,0,Yes,Yes,23,Yes,Yes,Fiber optic,No,No,No,Yes,Yes,No,Month-to-month,Yes,Electronic check,18.05,415.5,Yes
CUST-01816,Female,0,Yes,Yes,63,Yes,Yes,No,No internet service,No internet service,No internet service,No internet service,No internet service,No internet service,Two year,Yes,Credit card (automatic),73.36,4625.67,No
CUST-01817,Male,0,Yes,Yes,69,Yes,No,DSL,Yes,Yes,Yes,Yes,No,No,Month-to-month,No,Electronic check,22.95,1580.87,No
CUST-01818,Female,0,No,Yes,25,Yes,Yes,DSL,Yes,No,No,No,Yes,Yes,Month-to-month,No,Credit card (automatic),111.1,2787.6,No
CUST-01819,Male,1,Yes,Yes,53,Yes,No,Fiber optic,Yes,Yes,No,No,Yes,No,Month-to-month,Yes,Bank transfer (automatic),104.99,5561.58,No
CUST-01820,Male,0,No,No,14,Yes,Yes,No,No internet service,No internet service,No internet service,No internet service,No internet service,No internet service,Two year,No,Credit card (automatic),29.49,413.54,No
CUST-01821,Male,0,No,Yes,28,Yes,Yes,DSL,Yes,No,No,Yes,Yes,Yes,Month-to-month,Yes,Credit card (automatic),32.69,922.23,Yes
CUST-01822,Female,0,No,Yes,27,Yes,No,Fiber optic,Yes,Yes,No,Yes,Yes,No,Two year,Yes,Bank transfer (automatic),113.34,3067.43,No
CUST-01823,Female,1,Yes,Yes,58,Yes,No,Fiber optic,Yes,Yes,Yes,No,Yes,Yes,Month-to-month,No,Mailed check,99.36,5765.22,No
CUST-01824,Male,0,Yes,No,20,Yes,Yes,Fiber optic,No,No,Yes,Yes,Yes,No,Month-to-month,Yes,Electronic check,112.2,2245.34,Yes
CUST-01825,Male,0,Yes,No,9,Yes,Yes,DSL,No,Yes,No,Yes,Yes,Yes,Month-to-month,Yes,Bank transfer (automatic),51.45,463.4,Yes
CUST-01826,Female,0,No,No,3,Yes,No,DSL,No,No,Yes,No,No,No,One year,Yes,Bank transfer (automatic),29.1,94.08,No
CUST-01827,Female,0,No,Yes,61,Yes,Yes,No,No internet service,No internet service,No internet service,No internet service,No internet service,No internet service,One year,Yes,Mailed check,79.54,4856.73,No
CUST-01828,Female,0,Yes,No,3,Yes,No,Fiber optic,No,No,Yes,Yes,Yes,Yes,Month-to-month,Yes,Credit card (automatic),114.67,349.46,No
CUST-01829,Male,0,No,No,5,Yes,No,Fiber optic,No,Yes,No,Yes,Yes,No,One year,No,Mailed check,31.0,163.17,No
CUST-01830,Female,1,Yes,Yes,71,Yes,No,Fiber optic,Yes,No,No,Yes,No,No,Two year,Yes,Credit card (automatic),99.89,7094.48,No
CUST-01831,Male,1,Yes,No,15,Yes,Yes,DSL,No,Yes,No,Yes,No,Yes,One year,No,Electronic check,53.96,807.37,No
CUST-01832,Female,0,No,No,37,No,No phone service,DSL,Yes,No,Yes,No,Yes,No,One year,No,Electronic check,29.55,1095.11,No
CUST-01833,Male,1,No,No,48,Yes,No,DSL,No,No,No,No,No,No,Month-to-month,Yes,Electronic check,63.9,3067.48,No
CUST-01834,Female,0,Yes,No,60,Yes,Yes,DSL,No,Yes,Yes,No,No,No,Month-to-month,Yes,Mailed check,66.87,4011.25,No
CUST-01835,Female,0,No,No,64,Yes,No,DSL,No,No,No,Yes,No,No,Month-to-month,Yes,Electronic check,18.91,1208.22,No
CUST-01836,Female,0,Yes,Yes,49,Yes,Yes,Fiber optic,No,Yes,No,Yes,Yes,No,Month-to-month,No,Mailed check,65.45,3209.79,No
CUST-01837,Female,0,Yes,No,16,Yes,Yes,No,No internet service,No internet service,No internet service,No internet service,No internet service,No internet service,Two year,Yes,Electronic check,82.75,1327.19,No
CUST-01838,Female,1,No,Yes,27,Yes,Yes,No,No internet service,No internet service,No internet service,No internet service,No internet service,No internet service,Two year,Yes,Mailed check,94.47,2547.21,No
CUST-01839,Male,0,Yes,No,43,Yes,Yes,No,No internet service,No internet service,No internet service,No internet service,No internet service,No internet service,Two year,Yes,Electronic check,27.86,1199.56,No
CUST-01840,Female,0,No,Yes,11,Yes,No,Fiber optic,No,Yes,No,No,Yes,Yes,Two year,No,Bank transfer (automatic),105.65,1170.27,No
CUST-01841,Female,0,Yes,No,69,Yes,Yes,DSL,Yes,Yes,Yes,Yes,No,Yes,Two year,No,Mailed check,34.77,2395.4,No
CUST-01842,Female,0,No,No,70,Yes,No,Fiber optic,No,Yes,Yes,Yes,Yes,No,Month-to-month,No,Bank transfer (automatic),83.83,5874.94,No
CUST-01843,Male,0,No,No,71,Yes,Yes,DSL,No,Yes,No,No,Yes,No,Month-to-month,No,Electronic check,73.26,5197.09,No
CUST-01844,Female,0,Yes,Yes,2,Yes,No,Fiber optic,No,No,No,No,No,No,Two year,Yes,Mailed check,106.0,213.81,No
CUST-01845,Male,0,No,No,48,Yes,Yes,DSL,Yes,Yes,No,No,Yes,No,Month-to-month,No,Electronic check,21.86,1040.37,No
CUST-01846,Female,1,No,No,20,Yes,No,DSL,Yes,Yes,No,Yes,No,Yes,Month-to-month,No,Mailed check,37.16,746.4,No
CUST-01847,Female,0,Yes,Yes,7,Yes,Yes,DSL,Yes,No,Yes,No,Yes,Yes,Month-to-month,Yes,Credit card (automatic),30.2,210.3,No
CUST-01848,Male,0,No,No,63,Yes,No,No,No internet service,No internet service,No internet service,No internet service,No internet service,No internet service,Month-to-month,No,Bank transfer (automatic),50.76,3189.16,No
CUST-01849,Female,1,Yes,Yes,58,Yes,Yes,No,No internet service,No internet service,No internet service,No internet service,No internet service,No internet service,Month-to-month,No,Credit card (automatic),51.88,3006.68,No
CUST-01850,Male,0,No,No,29,No,No phone service,DSL,Yes,No,Yes,Yes,No,Yes,Two year,Yes,Electronic check,26.86,787.77,No
CUST-01851,Male,0,Yes,Yes,31,Yes,Yes,Fiber optic,No,No,Yes,Yes,Yes,No,Two year,No,Mailed check,69.43,2155.18,No
CUST-01852,Female,0,Yes,Yes,19,Yes,No,DSL,No,No,No,Yes,No,No,One year,Yes,Bank transfer (automatic),29.62,563.34,No
CUST-01853,Male,0,Yes,No,15,Yes,No,DSL,No,Yes,No,No,Yes,No,Month-to-month,No,Bank transfer (automatic),25.44,384.25,No
CUST-01854,Female,0,Yes,No,24,Yes,Yes,DSL,No,Yes,Yes,Yes,Yes,No,Month-to-month,No,Bank transfer (automatic),21.32,516.73,No
CUST-01855,Female,0,No,Yes,59,Yes,No,Fiber optic,Yes,No,No,No,Yes,Yes,Month-to-month,No,Electronic check,110.91,6551.31,No
CUST-01856,Male,0,Yes,No,44,Yes,Yes,Fiber optic,Yes,No,Yes,Yes,No,No,One year,Yes,Electronic check,57.67,2536.03,No
CUST-01857,Male,0,No,Yes,8,Yes,Yes,Fiber optic,No,No,Yes,No,No,Yes,One year,Yes,Bank transfer (automatic),46.37,373.92,No
CUST-01858,Male,0,Yes,Yes,50,Yes,Yes,No,No internet service,No internet service,No internet service,No internet service,No internet service,No internet service,Month-to-month,Yes,Mailed check,66.23,3313.88,No
CUST-01859,Male,0,No,No,60,Yes,No,Fiber optic,Yes,No,Yes,No,Yes,No,Two year,Yes,Electronic check,33.77,,Yes
CUST-01860,Female,0,Yes,Yes,39,Yes,No,No,No internet service,No internet service,No internet service,No internet service,No internet service,No internet service,Month-to-month,Yes,Electronic check,58.62,2285.25,No
CUST-01861,Female,0,No,No,60,Yes,Yes,Fiber optic,Yes,No,No,Yes,Yes,No,Month-to-month,No,Electronic check,37.05,2231.02,No
CUST-01862,Male,0,No,No,66,Yes,No,No,No internet service,No internet service,No internet service,No internet service,No internet service,No internet service,Month-to-month,Yes,Credit card (automatic),48.44,3198.36,No
CUST-01863,Female,0,Yes,No,14,Yes,No,Fiber optic,Yes,No,Yes,No,No,Yes,Two year,No,Bank transfer (automatic),110.42,1539.79,No
CUST-01864,Female,0,Yes,No,52,No,No phone service,Fiber optic,Yes,No,Yes,Yes,Yes,Yes,Month-to-month,Yes,Mailed check,32.87,1694.72,No
CUST-01865,Female,1,Yes,Yes,3,Yes,Yes,Fiber optic,No,No,No,Yes,No,Yes,Month-to-month,Yes,Electronic check,65.38,200.91,No
CUST-01866,Female,0,No,No,22,Yes,No,DSL,No,No,Yes,Yes,No,No,One year,Yes,Mailed check,84.09,1847.83,No
CUST-01867,Male,0,No,No,26,Yes,Yes,DSL,No,Yes,Yes,Yes,No,Yes,Month-to-month,No,Electronic check,109.8,2854.04,No
CUST-01868,Male,0,No,Yes,36,Yes,Yes,DSL,No,No,No,No,Yes,No,Two year,No,Electronic check,110.3,3972.84,No
CUST-01869,Female,1,No,No,42,Yes,No,Fiber optic,Yes,No,No,Yes,No,Yes,Month-to-month,Yes,Mailed check,42.73,1806.96,No
CUST-01870,Male,0,Yes,No,36,Yes,No,DSL,Yes,No,No,No,Yes,Yes,Month-to-month,Yes,Mailed check,112.32,4050.29,No
CUST-01871,Male,0,Yes,No,28,Yes,No,Fiber optic,No,Yes,No,No,No,Yes,One year,Yes,Mailed check,51.14,1430.79,No
CUST-01872,Male,1,Yes,No,28,No,No phone service,No,No internet service,No internet service,No internet service,No internet service,No internet service,No internet service,Month-to-month,No,Bank transfer (automatic),107.49,3013.37,No
CUST-01873,Female,0,Yes,Yes,48,Yes,Yes,No,No internet service,No internet service,No internet service,No internet service,No internet service,No internet service,Month-to-month,No,Mailed check,27.32,1308.35,No
CUST-01874,Female,0,No,No,50,Yes,No,Fiber optic,No,No,Yes,Yes,No,Yes,Two year,No,Mailed check,37.84,1895.87,No
CUST-01875,Female,0,No,No,49,Yes,No,DSL,No,Yes,No,Yes,No,No,Month-to-month,Yes,Mailed check,25.9,1264.99,No
CUST-01876,Male,0,Yes,No,27,Yes,Yes,DSL,Yes,Yes,No,Yes,No,Yes,Two year,No,Mailed check,47.9,1294.21,No
CUST-01877,Female,0,No,Yes,4,Yes,No,DSL,No,Yes,Yes,Yes,Yes,No,One year,Yes,Mailed check,105.39,422.64,No
CUST-01878,Female,0,Yes,No,55,Yes,No,Fiber optic,No,Yes,No,Yes,Yes,Yes,Month-to-month,Yes,Mailed check,33.93,1860.89,No
CUST-01879,Male,0,No,No,63,Yes,Yes,No,No internet service,No internet service,No internet service,No internet service,No internet service,No internet service,Month-to-month,Yes,Mailed check,40.48,2547.3,No
CUST-01880,Female,0,No,No,16,Yes,Yes,DSL,No,Yes,Yes,No,No,No,Month-to-month,Yes,Electronic check,39.62,623.05,Yes
CUST-01881,Female,0,No,No,54,Yes,No,Fiber optic,Yes,No,Yes,Yes,No,Yes,Month-to-month,Yes,Mailed check,45.47,2453.48,No
CUST-01882,Male,0,No,No,8,Yes,No,Fiber optic,No,Yes,Yes,No,Yes,No,Month-to-month,Yes,Mailed check,19.87,164.54,Yes
CUST-01883,Male,0,No,No,67,Yes,Yes,DSL,Yes,No,No,No,No,Yes,One year,Yes,Credit card (automatic),60.38,4055.45,No
CUST-01884,Male,0,No,No,15,Yes,Yes,No,No internet service,No internet service,No internet service,No internet service,No internet service,No internet service,Month-to-month,No,Mailed check,115.63,1741.91,No
CUST-01885,Female,0,Yes,Yes,15,Yes,Yes,Fiber optic,No,No,No,Yes,Yes,No,Month-to-month,Yes,Credit card (automatic),62.81,940.22,No
CUST-01886,Female,1,No,No,12,Yes,Yes,No,No internet service,No internet service,No internet service,No internet service,No internet service,No internet service,Month-to-month,Yes,Mailed check,99.33,1191.93,No
CUST-01887,Female,0,Yes,No,62,Yes,No,Fiber optic,Yes,Yes,No,No,No,Yes,Month-to-month,No,Mailed check,75.14,4658.32,No
CUST-01888,Male,0,Yes,No,40,Yes,Yes,DSL,No,No,Yes,No,Yes,No,Month-to-month,Yes,Electronic check,19.49,778.55,No
CUST-01889,Male,0,Yes,No,52,Yes,Yes,DSL,Yes,No,No,Yes,No,Yes,Two year,No,Credit card (automatic),76.55,,No
CUST-01890,Female,0,Yes,No,67,Yes,No,DSL,Yes,No,No,No,No,No,Month-to-month,No,Bank transfer (automatic),112.65,7544.79,No
CUST-01891,Female,0,Yes,No,8,No,No phone service,Fiber optic,No,Yes,No,No,No,No,Month-to-month,Yes,Mailed check,73.35,594.06,No
CUST-01892,Male,0,Yes,Yes,50,No,No phone service,No,No internet service,No internet service,No internet service,No internet service,No internet service,No internet service,One year,No,Electronic check,70.79,3540.19,No
CUST-01893,Male,0,No,Yes,47,Yes,Yes,Fiber optic,Yes,No,Yes,No,No,No,Month-to-month,Yes,Bank transfer (automatic),85.02,3990.11,No
CUST-01894,Male,0,No,No,48,Yes,No,Fiber optic,No,No,Yes,Yes,No,Yes,Two year,Yes,Credit card (automatic),105.09,5043.83,No
CUST-01895,Male,0,No,No,17,Yes,Yes,Fiber optic,No,Yes,Yes,No,No,Yes,Month-to-month,Yes,Mailed check,74.48,1268.56,No
CUST-01896,Female,0,Yes,No,9,Yes,Yes,Fiber optic,No,Yes,Yes,Yes,No,Yes,Two year,Yes,Electronic check,58.64,532.64,No
CUST-01897,Male,1,Yes,No,53,Yes,No,DSL,Yes,Yes,Yes,No,No,Yes,Month-to-month,Yes,Bank transfer (automatic),21.71,1154.4,No
CUST-01898,Female,0,Yes,No,14,No,No phone service,DSL,Yes,Yes,Yes,No,No,Yes,Month-to-month,Yes,Bank transfer (automatic),29.11,405.96,No
CUST-01899,Female,0,No,No,10,Yes,No,DSL,No,Yes,Yes,No,No,No,Two year,Yes,Bank transfer (automatic),82.87,826.11,No
CUST-01900,Female,0,No,No,39,Yes,No,Fiber optic,Yes,No,No,No,Yes,Yes,Month-to-month,No,Bank transfer (automatic),79.89,3124.36,No
CUST-01901,Male,0,No,No,46,Yes,Yes,Fiber optic,No,No,No,Yes,No,Yes,Month-to-month,No,Bank transfer (automatic),41.9,1927.53,Yes
CUST-01902,Male,0,Yes,No,19,Yes,Yes,DSL,Yes,No,No,Yes,Yes,No,Month-to-month,Yes,Electronic check,89.89,1702.24,No
CUST-01903,Male,0,Yes,No,21,Yes,Yes,No,No internet service,No internet service,No internet service,No internet service,No internet service,No internet service,One year,No,Mailed check,45.97,962.44,No
CUST-01904,Male,0,Yes,No,47,Yes,No,DSL,Yes,No,No,Yes,No,No,Month-to-month,Yes,Credit card (automatic),48.5,2269.69,No
CUST-01905,Female,0,No,No,15,Yes,No,DSL,Yes,Yes,No,Yes,No,Yes,One year,Yes,Bank transfer (automatic),24.14,353.96,No
CUST-01906,Male,0,Yes,No,4,Yes,No,Fiber optic,Yes,Yes,Yes,Yes,Yes,No,Month-to-month,No,Electronic check,73.03,289.47,Yes
CUST-01907,Male,0,Yes,No,64,Yes,Yes,Fiber optic,No,No,No,Yes,No,No,Month-to-month,No,Mailed check,46.77,2989.3,No
CUST-01908,Female,1,Yes,No,20,Yes,No,No,No internet service,No internet service,No internet service,No internet service,No internet service,No internet service,Month-to-month,No,Electronic check,99.89,1994.37,Yes
CUST-01909,Male,0,Yes,Yes,60,Yes,No,Fiber optic,No,No,Yes,Yes,No,Yes,Month-to-month,No,Credit card (automatic),98.15,5892.85,No
CUST-01910,Female,0,No,No,54,Yes,No,DSL,No,Yes,Yes,No,Yes,No,Month-to-month,Yes,Electronic check,30.84,1669.73,No
CUST-01911,Female,0,No,No,23,No,No phone service,No,No internet service,No internet service,No internet service,No internet service,No internet service,No internet service,Two year,No,Bank transfer (automatic),34.0,776.18,No
CUST-01912,Female,0,Yes,No,22,No,No phone service,No,No internet service,No internet service,No internet service,No internet service,No internet service,No internet service,Month-to-month,No,Mailed check,50.1,1111.66,No
CUST-01913,Female,1,Yes,No,10,Yes,Yes,No,No internet service,No internet service,No internet service,No internet service,No internet service,No internet service,One year,No,Electronic check,76.09,761.4,Yes
CUST-01914,Female,0,No,Yes,46,Yes,No,No,No internet service,No internet service,No internet service,No internet service,No internet service,No internet service,Month-to-month,Yes,Mailed check,52.25,2403.54,No
CUST-01915,Female,0,No,Yes,1,Yes,No,DSL,No,Yes,No,Yes,No,No,Month-to-month,No,Bank transfer (automatic),53.03,49.07,No
CUST-01916,Female,0,Yes,No,69,No,No phone service,No,No internet service,No internet service,No internet service,No internet service,No internet service,No internet service,Month-to-month,No,Credit card (automatic),32.01,2207.19,No
CUST-01917,Female,0,No,Yes,52,Yes,Yes,No,No internet service,No internet service,No internet service,No internet service,No internet service,No internet service,Month-to-month,Yes,Credit card (automatic),51.56,2691.26,No
CUST-01918,Male,0,No,No,10,Yes,No,Fiber optic,No,No,No,No,Yes,Yes,Two year,No,Mailed check,65.04,644.99,No
CUST-01919,Male,0,Yes,Yes,14,Yes,No,Fiber optic,No,Yes,No,Yes,Yes,No,Month-to-month,No,Bank transfer (automatic),116.47,1631.92,No
CUST-01920,Male,1,No,No,11,Yes,No,Fiber optic,Yes,No,Yes,Yes,Yes,No,Month-to-month,Yes,Credit card (automatic),101.8,1117.09,Yes
CUST-01921,Male,0,No,Yes,35,Yes,Yes,DSL,No,Yes,No,No,No,No,One year,Yes,Electronic check,97.3,3396.45,No
CUST-01922,Female,0,No,No,22,Yes,Yes,Fiber optic,No,Yes,No,Yes,No,Yes,Month-to-month,No,Mailed check,73.98,1619.88,Yes
CUST-01923,Male,0,No,No,26,Yes,Yes,No,No internet service,No internet service,No internet service,No internet service,No internet service,No internet service,Two year,Yes,Mailed check,54.01,1407.31,No
CUST-01924,Female,0,Yes,Yes,13,Yes,Yes,Fiber optic,No,Yes,Yes,No,No,No,Month-to-month,No,Bank transfer (automatic),103.69,1339.36,Yes
CUST-01925,Male,0,No,No,53,Yes,No,Fiber optic,Yes,No,No,Yes,Yes,Yes,Month-to-month,No,Bank transfer (automatic),52.74,2789.05,No
CUST-01926,Male,0,No,No,26,Yes,No,Fiber optic,No,No,Yes,Yes,No,No,Month-to-month,Yes,Credit card (automatic),77.28,2013.39,Yes
CUST-01927,Male,1,Yes,No,20,Yes,No,DSL,No,No,Yes,Yes,No,No,One year,Yes,Mailed check,43.72,877.91,No
CUST-01928,Female,0,No,Yes,48,Yes,Yes,Fiber optic,No,Yes,Yes,No,Yes,No,Month-to-month,Yes,Electronic check,95.64,4591.01,No
CUST-01929,Male,0,Yes,No,61,Yes,Yes,Fiber optic,No,Yes,No,Yes,Yes,Yes,Month-to-month,Yes,Electronic check,69.45,4230.56,No
CUST-01930,Female,0,Yes,No,71,No,No phone service,DSL,Yes,No,No,Yes,No,No,Month-to-month,No,Electronic check,107.52,7628.01,No
CUST-01931,Female,0,No,No,43,Yes,Yes,No,No internet service,No internet service,No internet service,No internet service,No internet service,No internet service,Month-to-month,No,Electronic check,74.89,3213.65,No
CUST-01932,Male,0,No,No,43,Yes,Yes,No,No internet service,No internet service,No internet service,No internet service,No internet service,No internet service,Month-to-month,Yes,Bank transfer (automatic),34.43,1479.82,No
CUST-01933,Male,0,No,No,60,Yes,No,DSL,No,No,Yes,No,No,Yes,One year,Yes,Credit card (automatic),117.29,7040.61,No
CUST-01934,Male,0,No,No,41,Yes,Yes,Fiber optic,Yes,No,Yes,No,Yes,No,One year,Yes,Bank transfer (automatic),68.2,2794.08,No
CUST-01935,Female,0,No,No,22,Yes,Yes,Fiber optic,Yes,No,No,Yes,No,Yes,Month-to-month,Yes,Electronic check,43.07,951.96,No
CUST-01936,Male,1,Yes,Yes,0,Yes,No,Fiber optic,Yes,No,Yes,Yes,Yes,No,Month-to-month,Yes,Electronic check,50.93,8.05,No
CUST-01937,Female,1,No,No,35,Yes,No,Fiber optic,No,Yes,No,No,No,Yes,Two year,No,Credit card (automatic),30.12,1056.16,No
CUST-01938,Female,0,Yes,No,54,Yes,No,Fiber optic,No,No,Yes,Yes,Yes,No,One year,No,Mailed check,25.39,1364.79,Yes
CUST-01939,Male,0,No,No,15,Yes,Yes,DSL,Yes,Yes,Yes,No,Yes,Yes,Month-to-month,Yes,Bank transfer (automatic),63.06,946.33,No
CUST-01940,Male,0,Yes,No,17,No,No phone service,DSL,Yes,Yes,No,Yes,Yes,Yes,One year,Yes,Credit card (automatic),113.19,1931.0,No
CUST-01941,Female,0,No,No,37,Yes,No,DSL,Yes,Yes,Yes,Yes,Yes,Yes,Month-to-month,Yes,Electronic check,30.3,1117.95,No
CUST-01942,Female,0,No,Yes,66,No,No phone service,Fiber optic,Yes,Yes,Yes,No,Yes,Yes,Two year,Yes,Electronic check,108.27,7142.53,No
CUST-01943,Female,0,No,No,19,Yes,Yes,DSL,Yes,No,No,Yes,Yes,No,Month-to-month,Yes,Mailed check,97.67,1861.43,Yes
CUST-01944,Male,0,No,No,18,No,No phone service,Fiber optic,No,No,No,Yes,No,Yes,Month-to-month,No,Credit card (automatic),98.64,1768.34,No
CUST-01945,Female,0,No,Yes,12,Yes,No,DSL,No,No,No,No,Yes,No,Month-to-month,Yes,Credit card (automatic),89.0,1068.99,Yes
CUST-01946,Male,0,Yes,No,16,Yes,Yes,Fiber optic,Yes,No,Yes,Yes,No,Yes,One year,No,Electronic check,77.18,1231.79,No
CUST-01947,Female,0,No,No,29,Yes,Yes,DSL,No,Yes,No,Yes,Yes,No,Two year,No,Mailed check,30.14,871.9,No
CUST-01948,Female,0,No,No,42,Yes,Yes,DSL,No,Yes,No,Yes,Yes,No,Month-to-month,No,Bank transfer (automatic),75.57,3182.46,Yes
CUST-01949,Male,0,No,No,47,Yes,No,No,No internet service,No internet service,No internet service,No internet service,No internet service,No internet service,Month-to-month,No,Electronic check,53.2,2498.0,No
CUST-01950,Female,0,Yes,No,42,Yes,Yes,Fiber optic,No,No,Yes,No,No,Yes,Two year,No,Electronic check,28.53,1198.87,No
CUST-01951,Male,0,No,No,65,Yes,No,Fiber optic,No,Yes,No,No,Yes,Yes,One year,Yes,Mailed check,98.38,6399.86,No
CUST-01952,Male,1,Yes,No,52,Yes,No,Fiber optic,Yes,Yes,Yes,No,No,No,Two year,Yes,Mailed check,72.65,3771.39,No
CUST-01953,Female,0,No,No,71,Yes,No,No,No internet service,No internet service,No internet service,No internet service,No internet service,No internet service,Month-to-month,No,Credit card (automatic),92.5,6571.68,No
CUST-01954,Male,0,Yes,Yes,33,Yes,Yes,Fiber optic,No,Yes,Yes,No,Yes,Yes,Month-to-month,Yes,Electronic check,65.95,2174.11,No
CUST-01955,Male,0,No,No,71,No,No phone service,DSL,No,Yes,Yes,Yes,Yes,Yes,Month-to-month,Yes,Bank transfer (automatic),73.17,5188.67,No
CUST-01956,Female,1,No,Yes,70,No,No phone service,No,No internet service,No internet service,No internet service,No internet service,No internet service,No internet service,Month-to-month,No,Electronic check,89.23,6243.64,Yes
CUST-01957,Male,0,Yes,No,12,Yes,No,DSL,No,Yes,Yes,No,Yes,No,Month-to-month,Yes,Mailed check,42.69,512.59,Yes
CUST-01958,Male,0,No,No,55,Yes,Yes,No,No internet service,No internet service,No internet service,No internet service,No internet service,No internet service,Two year,No,Bank transfer (automatic),102.7,5649.7,No
CUST-01959,Male,1,Yes,No,58,Yes,No,Fiber optic,No,Yes,Yes,Yes,Yes,Yes,Month-to-month,Yes,Electronic check,60.09,3481.47,No
CUST-01960,Female,0,No,No,31,Yes,Yes,DSL,No,Yes,Yes,Yes,No,Yes,Two year,Yes,Credit card (automatic),88.85,2753.27,No
CUST-01961,Male,1,No,Yes,53,Yes,No,No,No internet service,No internet service,No internet service,No internet service,No internet service,No internet service,Two year,No,Bank transfer (automatic),50.61,2675.37,No
CUST-01962,Female,1,Yes,No,1,Yes,Yes,DSL,Yes,No,Yes,No,No,No,One year,Yes,Mailed check,88.25,84.71,No
CUST-01963,Female,1,No,No,36,Yes,No,DSL,Yes,Yes,Yes,No,Yes,No,Two year,Yes,Credit card (automatic),22.35,797.79,No
CUST-01964,Male,0,Yes,No,32,Yes,No,Fiber optic,No,Yes,Yes,No,No,Yes,One year,No,Credit card (automatic),110.93,3549.36,No
CUST-01965,Male,0,Yes,No,0,Yes,No,Fiber optic,No,No,No,Yes,No,No,Month-to-month,No,Credit card (automatic),96.69,0.0,No
CUST-01966,Male,0,No,No,27,Yes,Yes,DSL,Yes,No,No,No,No,Yes,One year,Yes,Mailed check,84.48,2291.33,Yes
CUST-01967,Female,0,No,No,16,Yes,Yes,Fiber optic,No,Yes,No,No,Yes,Yes,Two year,No,Mailed check,50.39,808.15,No
CUST-01968,Male,0,No,No,56,Yes,Yes,No,No internet service,No internet service,No internet service,No internet service,No internet service,No internet service,Two year,Yes,Electronic check,102.26,5718.43,No
CUST-01969,Male,0,Yes,No,69,Yes,No,DSL,Yes,Yes,Yes,Yes,No,Yes,Two year,No,Credit card (automatic),94.77,6535.4,No
CUST-01970,Male,0,Yes,No,51,Yes,No,Fiber optic,Yes,Yes,No,No,No,No,Month-to-month,Yes,Bank transfer (automatic),63.31,3232.32,No
CUST-01971,Male,0,No,No,43,Yes,Yes,No,No internet service,No internet service,No internet service,No internet service,No internet service,No internet service,One year,No,Bank transfer (automatic),37.74,1624.04,No
CUST-01972,Male,0,Yes,No,46,Yes,Yes,No,No internet service,No internet service,No internet service,No internet service,No internet service,No internet service,Month-to-month,Yes,Credit card (automatic),35.55,1627.44,No
CUST-01973,Female,0,Yes,Yes,12,Yes,Yes,DSL,Yes,No,No,No,No,No,Month-to-month,Yes,Mailed check,66.82,797.9,No
CUST-01974,Female,0,Yes,No,29,Yes,No,Fiber optic,No,Yes,No,Yes,No,No,Month-to-month,Yes,Electronic check,96.34,2797.08,No
CUST-01975,Male,0,Yes,Yes,65,Yes,Yes,No,No internet service,No internet service,No internet service,No internet service,No internet service,No internet service,Month-to-month,Yes,Mailed check,89.45,5816.11,No
CUST-01976,Male,0,No,Yes,52,Yes,Yes,No,No internet service,No internet service,No internet service,No internet service,No internet service,No internet service,Two year,No,Mailed check,67.36,3505.6,No
CUST-01977,Male,0,No,Yes,17,Yes,No,DSL,Yes,Yes,Yes,No,No,No,Two year,Yes,Credit card (automatic),38.44,652.08,No
CUST-01978,Male,0,No,Yes,27,Yes,Yes,DSL,Yes,No,No,No,No,No,Month-to-month,Yes,Credit card (automatic),41.92,1127.56,Yes
CUST-01979,Female,0,Yes,No,3,Yes,Yes,DSL,Yes,Yes,Yes,Yes,Yes,Yes,One year,Yes,Electronic check,23.76,64.9,No
CUST-01980,Male,0,Yes,Yes,41,Yes,Yes,Fiber optic,No,Yes,Yes,Yes,No,Yes,Month-to-month,Yes,Credit card (automatic),35.68,1467.63,No
CUST-01981,Female,0,Yes,Yes,5,Yes,Yes,DSL,No,Yes,No,Yes,Yes,No,Two year,No,Mailed check,19.28,106.12,No
CUST-01982,Female,0,Yes,Yes,8,Yes,Yes,No,No internet service,No internet service,No internet service,No internet service,No internet service,No internet service,One year,Yes,Bank transfer (automatic),85.45,684.99,No
CUST-01983,Male,1,No,Yes,19,Yes,No,DSL,No,No,Yes,Yes,Yes,No,One year,No,Credit card (automatic),76.82,1464.26,No
CUST-01984,Female,0,Yes,Yes,37,Yes,Yes,No,No internet service,No internet service,No internet service,No internet service,No internet service,No internet service,Two year,Yes,Electronic check,116.8,4317.61,No
CUST-01985,Female,0,Yes,No,67,Yes,Yes,DSL,Yes,No,No,Yes,No,No,One year,Yes,Electronic check,94.28,6316.66,No
CUST-01986,Female,0,No,No,49,Yes,Yes,Fiber optic,No,No,No,No,No,Yes,Month-to-month,Yes,Mailed check,42.62,2088.07,No
CUST-01987,Female,0,No,No,59,Yes,Yes,Fiber optic,No,Yes,Yes,No,Yes,No,Month-to-month,Yes,Credit card (automatic),88.79,5240.53,Yes
CUST-01988,Male,0,No,No,12,Yes,No,Fiber optic,Yes,Yes,No,Yes,No,Yes,Two year,No,Electronic check,19.22,231.03,No
CUST-01989,Male,0,Yes,Yes,41,Yes,Yes,Fiber optic,Yes,Yes,Yes,No,Yes,Yes,One year,Yes,Mailed check,116.62,4795.31,No
CUST-01990,Female,0,Yes,Yes,67,Yes,No,Fiber optic,No,Yes,No,Yes,No,Yes,One year,No,Mailed check,79.44,5326.48,No
CUST-01991,Male,0,Yes,Yes,24,Yes,Yes,DSL,No,No,No,No,No,No,Month-to-month,Yes,Credit card (automatic),29.97,725.78,No
CUST-01992,Male,0,Yes,No,30,Yes,Yes,DSL,No,No,No,Yes,Yes,No,Month-to-month,No,Credit card (automatic),67.85,2036.85,No
CUST-01993,Male,0,Yes,Yes,11,Yes,Yes,Fiber optic,No,No,No,Yes,No,Yes,Month-to-month,No,Credit card (automatic),112.06,1222.03,Yes
CUST-01994,Male,0,Yes,No,63,Yes,No,DSL,Yes,Yes,Yes,Yes,Yes,No,Month-to-month,Yes,Mailed check,102.97,6489.35,No
CUST-01995,Male,1,No,Yes,60,Yes,Yes,DSL,Yes,Yes,Yes,Yes,Yes,No,Two year,Yes,Mailed check,47.89,2878.88,No
CUST-01996,Female,0,Yes,Yes,52,Yes,Yes,DSL,Yes,Yes,Yes,No,Yes,Yes,Month-to-month,Yes,Bank transfer (automatic),57.61,3002.69,No
CUST-01997,Male,0,No,No,25,Yes,Yes,Fiber optic,Yes,No,No,No,No,No,Month-to-month,Yes,Mailed check,103.36,2583.66,No
CUST-01998,Male,0,No,No,60,Yes,Yes,Fiber optic,Yes,Yes,Yes,No,Yes,Yes,Month-to-month,No,Electronic check,108.0,6472.82,No
CUST-01999,Male,0,No,No,9,Yes,Yes,DSL,Yes,No,Yes,Yes,No,No,Two year,No,Mailed check,109.46,983.69,No
CUST-02000,Male,0,Yes,No,11,Yes,No,DSL,Yes,Yes,Yes,Yes,Yes,No,Month-to-month,No,Credit card (automatic),112.79,1233.44,Yes
CUST-02001,Female,0,Yes,No,21,Yes,Yes,Fiber optic,Yes,No,Yes,No,Yes,Yes,Month-to-month,Yes,Mailed check,68.05,1435.49,No
CUST-02002,Female,0,No,No,52,Yes,No,Fiber optic,No,Yes,Yes,Yes,Yes,No,Month-to-month,No,Credit card (automatic),104.15,5418.07,No
CUST-02003,Female,0,Yes,No,20,Yes,No,Fiber optic,No,Yes,No,No,Yes,Yes,Month-to-month,Yes,Mailed check,52.7,1051.44,No
CUST-02004,Female,0,Yes,Yes,34,Yes,No,No,No internet service,No internet service,No internet service,No internet service,No internet service,No internet service,Two year,Yes,Bank transfer (automatic),101.81,3465.25,No
CUST-02005,Male,0,No,No,70,Yes,Yes,Fiber optic,No,No,Yes,Yes,Yes,No,Two year,No,Mailed check,52.75,3699.85,No
CUST-02006,Female,1,Yes,No,26,Yes,No,Fiber optic,Yes,No,No,Yes,Yes,No,One year,Yes,Mailed check,78.83,2053.5,No
CUST-02007,Male,0,Yes,No,59,Yes,Yes,Fiber optic,Yes,No,Yes,No,No,No,Month-to-month,No,Electronic check,64.85,3836.15,No
CUST-02008,Male,0,Yes,No,46,Yes,No,Fiber optic,No,No,No,Yes,Yes,Yes,Month-to-month,Yes,Bank transfer (automatic),107.29,4930.91,No
CUST-02009,Male,0,Yes,No,65,Yes,Yes,DSL,Yes,No,Yes,No,Yes,Yes,Month-to-month,No,Credit card (automatic),24.65,1607.11,No
CUST-02010,Male,0,No,No,14,Yes,Yes,Fiber optic,No,No,Yes,Yes,Yes,No,Month-to-month,No,Electronic check,112.88,1573.02,No
CUST-02011,Male,1,No,No,23,Yes,Yes,Fiber optic,Yes,No,Yes,No,No,No,Month-to-month,Yes,Mailed check,64.21,1486.3,No
CUST-02012,Female,0,Yes,No,9,Yes,Yes,Fiber optic,Yes,No,No,No,No,Yes,Month-to-month,Yes,Electronic check,66.14,598.9,No
CUST-02013,Female,0,Yes,No,23,Yes,Yes,DSL,No,No,Yes,No,No,No,Month-to-month,No,Credit card (automatic),100.78,2316.07,No
CUST-02014,Female,0,Yes,No,56,Yes,No,Fiber optic,No,No,No,Yes,No,Yes,Month-to-month,Yes,Credit card (automatic),84.62,4732.94,No
CUST-02015,Female,0,No,Yes,33,Yes,Yes,No,No internet service,No internet service,No internet service,No internet service,No internet service,No internet service,Month-to-month,Yes,Electronic check,113.37,3738.51,No
CUST-02016,Male,0,Yes,No,40,Yes,No,Fiber optic,No,No,Yes,No,No,No,Month-to-month,No,Bank transfer (automatic),72.66,2905.1,No
CUST-02017,Female,0,Yes,Yes,39,No,No phone service,DSL,No,No,Yes,No,Yes,Yes,One year,No,Credit card (automatic),73.87,2882.01,No
CUST-02018,Male,0,No,No,10,Yes,Yes,Fiber optic,No,No,Yes,No,Yes,No,Month-to-month,Yes,Bank transfer (automatic),115.17,1151.61,No
CUST-02019,Female,1,Yes,No,0,Yes,Yes,No,No internet service,No internet service,No internet service,No internet service,No internet service,No internet service,One year,No,Credit card (automatic),110.64,0.0,No
CUST-02020,Male,0,No,No,29,Yes,Yes,Fiber optic,No,No,Yes,No,No,No,One year,No,Bank transfer (automatic),38.87,1133.02,No
CUST-02021,Male,0,Yes,No,42,Yes,Yes,DSL,Yes,Yes,No,No,Yes,No,Month-to-month,No,Credit card (automatic),48.69,2036.48,No
CUST-02022,Female,0,No,Yes,25,No,No phone service,Fiber optic,Yes,Yes,No,Yes,No,Yes,Two year,Yes,Electronic check,80.53,2016.12,Yes
CUST-02023,Male,0,Yes,Yes,52,Yes,Yes,No,No internet service,No internet service,No internet service,No internet service,No internet service,No internet service,Month-to-month,No,Bank transfer (automatic),111.94,5821.81,No
CUST-02024,Male,0,Yes,No,46,Yes,Yes,Fiber optic,No,No,No,Yes,Yes,Yes,Month-to-month,No,Electronic check,74.34,3419.61,No
CUST-02025,Female,0,No,Yes,8,Yes,Yes,DSL,Yes,No,No,No,No,Yes,Month-to-month,Yes,Electronic check,91.28,733.39,No
CUST-02026,Male,0,No,No,8,Yes,No,Fiber optic,No,No,Yes,No,Yes,No,Two year,Yes,Credit card (automatic),27.4,215.86,No
CUST-02027,Female,0,No,No,0,Yes,No,Fiber optic,No,Yes,Yes,No,Yes,No,Month-to-month,No,Mailed check,70.26,0.0,Yes
CUST-02028,Female,1,No,No,70,Yes,No,Fiber optic,No,No,No,No,Yes,Yes,Two year,Yes,Electronic check,32.76,2291.75,No
CUST-02029,Female,0,No,No,43,Yes,Yes,Fiber optic,Yes,Yes,Yes,No,No,Yes,Month-to-month,Yes,Mailed check,44.06,1891.95,Yes
CUST-02030,Male,0,Yes,No,58,Yes,No,Fiber optic,Yes,Yes,No,No,Yes,No,One year,Yes,Credit card (automatic),34.63,2007.36,No
CUST-02031,Male,0,No,No,55,Yes,Yes,DSL,Yes,Yes,No,Yes,No,No,One year,Yes,Electronic check,34.59,1906.05,No
CUST-02032,Male,1,No,Yes,50,Yes,Yes,Fiber optic,No,Yes,No,Yes,No,Yes,One year,No,Mailed check,117.17,5859.05,No
CUST-02033,Female,0,No,Yes,15,Yes,Yes,Fiber optic,No,No,No,Yes,No,No,One year,Yes,Bank transfer (automatic),47.82,717.45,No
CUST-02034,Male,0,No,No,37,Yes,No,Fiber optic,Yes,Yes,No,No,No,Yes,Month-to-month,Yes,Mailed check,74.55,2759.51,No
CUST-02035,Female,0,Yes,No,10,No,No phone service,DSL,No,No,Yes,No,No,No,Month-to-month,Yes,Electronic check,20.01,198.45,No
CUST-02036,Female,1,Yes,Yes,24,Yes,Yes,Fiber optic,No,Yes,Yes,No,No,No,Month-to-month,Yes,Mailed check,98.64,2371.88,Yes
CUST-02037,Male,1,Yes,No,58,No,No phone service,DSL,No,No,No,Yes,No,No,Month-to-month,No,Credit card (automatic),86.02,4991.99,Yes
CUST-02038,Female,0,Yes,No,28,Yes,No,Fiber optic,Yes,No,Yes,Yes,Yes,No,Month-to-month,No,Mailed check,40.88,1144.67,No
CUST-02039,Male,0,Yes,No,39,Yes,No,DSL,No,Yes,Yes,No,Yes,No,One year,Yes,Bank transfer (automatic),21.61,837.13,No
CUST-02040,Male,0,No,No,7,Yes,No,DSL,Yes,Yes,Yes,No,Yes,No,Month-to-month,No,Mailed check,45.46,324.77,No
CUST-02041,Male,0,Yes,No,5,Yes,No,Fiber optic,No,Yes,Yes,No,Yes,No,Month-to-month,Yes,Bank transfer (automatic),80.86,407.62,No
CUST-02042,Male,0,Yes,No,44,Yes,No,No,No internet service,No internet service,No internet service,No internet service,No internet service,No internet service,Month-to-month,No,Mailed check,19.52,861.72,No
CUST-02043,Male,0,No,No,52,Yes,No,No,No internet service,No internet service,No internet service,No internet service,No internet service,No internet service,Two year,Yes,Credit card (automatic),25.54,1336.58,No
CUST-02044,Female,1,No,No,20,Yes,No,Fiber optic,Yes,Yes,Yes,Yes,Yes,No,Month-to-month,No,Credit card (automatic),58.93,1182.08,No
CUST-02045,Female,0,Yes,No,56,Yes,No,Fiber optic,No,Yes,No,No,Yes,Yes,One year,No,Mailed check,35.6,1993.36,No
CUST-02046,Female,0,Yes,No,5,Yes,No,DSL,No,No,No,No,No,Yes,Two year,Yes,Electronic check,81.18,403.35,No
CUST-02047,Male,0,No,Yes,62,Yes,Yes,DSL,Yes,No,No,No,Yes,Yes,Two year,Yes,Electronic check,35.47,2196.39,No
CUST-02048,Male,0,Yes,Yes,5,Yes,Yes,Fiber optic,No,No,No,Yes,No,No,Month-to-month,Yes,Bank transfer (automatic),117.36,588.18,No
CUST-02049,Male,0,No,No,52,Yes,Yes,No,No internet service,No internet service,No internet service,No internet service,No internet service,No internet service,Month-to-month,No,Bank transfer (automatic),61.58,3206.99,No
CUST-02050,Female,0,No,No,3,Yes,Yes,No,No internet service,No internet service,No internet service,No internet service,No internet service,No internet service,One year,Yes,Electronic check,32.83,103.38,No
CUST-02051,Male,0,Yes,No,8,Yes,No,No,No internet service,No internet service,No internet service,No internet service,No internet service,No internet service,One year,No,Bank transfer (automatic),25.38,196.14,No
CUST-02052,Female,1,Yes,No,68,Yes,Yes,No,No internet service,No internet service,No internet service,No internet service,No internet service,No internet service,Month-to-month,No,Electronic check,60.06,4088.7,No
CUST-02053,Female,0,Yes,Yes,71,Yes,Yes,DSL,Yes,Yes,No,Yes,Yes,No,Month-to-month,Yes,Mailed check,98.91,7021.13,No
CUST-02054,Male,0,No,No,3,Yes,Yes,No,No internet service,No internet service,No internet service,No internet service,No internet service,No internet service,Month-to-month,Yes,Bank transfer (automatic),61.88,182.7,No
CUST-02055,Male,0,No,Yes,57,Yes,No,Fiber optic,No,Yes,Yes,No,Yes,No,Two year,Yes,Mailed check,32.11,1832.1,No
CUST-02056,Female,0,Yes,No,36,Yes,No,No,No internet service,No internet service,No internet service,No internet service,No internet service,No internet service,Month-to-month,No,Electronic check,66.87,2411.26,Yes
CUST-02057,Male,0,Yes,No,70,Yes,No,Fiber optic,Yes,Yes,No,No,No,No,Two year,Yes,Bank transfer (automatic),51.74,3615.63,No
CUST-02058,Female,0,Yes,No,5,Yes,Yes,Fiber optic,Yes,No,Yes,No,No,No,Month-to-month,No,Bank transfer (automatic),68.19,342.04,Yes
CUST-02059,Male,0,No,Yes,50,Yes,Yes,DSL,Yes,No,No,Yes,No,No,Month-to-month,Yes,Bank transfer (automatic),57.11,2847.39,No
CUST-02060,Male,0,No,No,49,Yes,Yes,DSL,Yes,Yes,Yes,Yes,No,Yes,Month-to-month,No,Bank transfer (automatic),82.79,4060.67,No
CUST-02061,Female,0,No,No,13,Yes,Yes,Fiber optic,Yes,Yes,No,Yes,No,Yes,Month-to-month,Yes,Mailed check,98.36,1273.13,No
CUST-02062,Male,0,Yes,No,10,No,No phone service,No,No internet service,No internet service,No internet service,No internet service,No internet service,No internet service,Month-to-month,Yes,Bank transfer (automatic),106.65,1067.45,Yes
CUST-02063,Female,0,No,No,9,Yes,No,DSL,No,Yes,No,Yes,Yes,Yes,Month-to-month,Yes,Bank transfer (automatic),92.13,827.34,No
CUST-02064,Male,1,No,No,60,Yes,Yes,DSL,No,No,No,No,No,Yes,Two year,No,Credit card (automatic),53.5,3207.15,No
CUST-02065,Female,0,Yes,No,12,Yes,Yes,DSL,Yes,No,Yes,Yes,Yes,No,Two year,No,Bank transfer (automatic),62.85,744.2,No
CUST-02066,Female,0,No,No,33,Yes,No,DSL,No,No,No,No,Yes,No,One year,Yes,Bank transfer (automatic),82.18,2704.94,No
CUST-02067,Male,1,Yes,Yes,59,Yes,Yes,DSL,Yes,No,Yes,No,No,No,Two year,No,Credit card (automatic),39.98,2358.44,No
CUST-02068,Female,0,No,No,50,Yes,No,DSL,No,No,Yes,Yes,No,No,Month-to-month,Yes,Electronic check,88.18,4404.35,No
CUST-02069,Male,0,Yes,No,4,Yes,No,DSL,No,Yes,Yes,No,No,No,Month-to-month,No,Mailed check,82.98,330.33,No
CUST-02070,Male,1,Yes,No,31,Yes,No,No,No internet service,No internet service,No internet service,No internet service,No internet service,No internet service,One year,No,Electronic check,83.65,2589.22,No
CUST-02071,Male,0,No,Yes,11,Yes,Yes,No,No internet service,No internet service,No internet service,No internet service,No internet service,No internet service,Two year,Yes,Credit card (automatic),51.33,563.24,No
CUST-02072,Female,1,Yes,Yes,51,No,No phone service,DSL,No,Yes,No,No,No,No,Two year,Yes,Credit card (automatic),78.16,3980.15,No
CUST-02073,Female,1,No,Yes,12,No,No phone service,No,No internet service,No internet service,No internet service,No internet service,No internet service,No internet service,Month-to-month,No,Mailed check,37.77,450.86,No
CUST-02074,Male,0,Yes,No,53,Yes,Yes,DSL,No,Yes,Yes,Yes,Yes,No,One year,Yes,Bank transfer (automatic),36.97,1958.07,No
CUST-02075,Male,0,Yes,No,53,Yes,No,Fiber optic,Yes,No,No,No,No,Yes,Month-to-month,No,Bank transfer (automatic),94.85,5027.2,No
CUST-02076,Female,0,Yes,No,40,Yes,Yes,Fiber optic,Yes,No,Yes,No,No,Yes,Two year,No,Electronic check,55.96,2229.28,No
CUST-02077,Male,0,No,No,47,Yes,Yes,DSL,No,No,Yes,Yes,Yes,Yes,One year,No,Credit card (automatic),72.46,3405.88,Yes
CUST-02078,Male,0,Yes,No,50,Yes,No,Fiber optic,No,Yes,No,Yes,Yes,No,Month-to-month,No,Mailed check,47.27,2357.94,No
CUST-02079,Female,0,Yes,No,46,Yes,Yes,No,No internet service,No internet service,No internet service,No internet service,No internet service,No internet service,Month-to-month,No,Credit card (automatic),41.59,1906.31,No
CUST-02080,Male,0,No,No,49,No,No phone service,DSL,No,Yes,Yes,No,Yes,No,Month-to-month,No,Bank transfer (automatic),95.99,4709.67,No
CUST-02081,Female,0,Yes,No,45,Yes,Yes,DSL,Yes,No,No,Yes,No,No,Month-to-month,Yes,Credit card (automatic),97.42,4387.55,No
CUST-02082,Male,0,Yes,No,37,Yes,Yes,No,No internet service,No internet service,No internet service,No internet service,No internet service,No internet service,Month-to-month,Yes,Mailed check,101.63,3763.06,No
CUST-02083,Female,0,Yes,No,12,Yes,Yes,DSL,No,Yes,Yes,Yes,Yes,No,Month-to-month,Yes,Credit card (automatic),103.44,1240.18,No
CUST-02084,Male,0,Yes,Yes,21,Yes,Yes,Fiber optic,No,No,No,Yes,Yes,No,Month-to-month,Yes,Mailed check,59.14,1239.04,No
CUST-02085,Male,0,No,No,1,No,No phone service,No,No internet service,No internet service,No internet service,No internet service,No internet service,No internet service,Month-to-month,Yes,Mailed check,98.9,106.34,No
CUST-02086,Female,1,Yes,No,12,Yes,Yes,No,No internet service,No internet service,No internet service,No internet service,No internet service,No internet service,Two year,No,Mailed check,52.59,631.75,No
CUST-02087,Male,1,Yes,No,56,Yes,Yes,No,No internet service,No internet service,No internet service,No internet service,No internet service,No internet service,Two year,No,Electronic check,23.25,1297.51,No
CUST-02088,Female,0,No,No,33,Yes,Yes,Fiber optic,Yes,Yes,Yes,No,No,Yes,Two year,No,Bank transfer (automatic),86.93,2863.72,No
CUST-02089,Male,1,Yes,Yes,18,No,No phone service,DSL,Yes,Yes,Yes,Yes,No,Yes,Month-to-month,No,Bank transfer (automatic),37.9,683.76,No
CUST-02090,Female,0,Yes,No,8,Yes,Yes,Fiber optic,Yes,Yes,No,No,Yes,Yes,One year,Yes,Bank transfer (automatic),63.15,503.46,No
CUST-02091,Female,0,No,No,32,Yes,No,Fiber optic,No,No,Yes,No,No,Yes,Month-to-month,Yes,Mailed check,34.39,1105.65,No
CUST-02092,Female,0,No,No,26,Yes,Yes,Fiber optic,Yes,No,No,No,Yes,Yes,Two year,No,Mailed check,57.15,1486.26,No
CUST-02093,Female,0,No,Yes,44,Yes,Yes,No,No internet service,No internet service,No internet service,No internet service,No internet service,No internet service,Two year,Yes,Credit card (automatic),106.49,4679.56,No
CUST-02094,Male,1,No,No,1,Yes,Yes,No,No internet service,No internet service,No internet service,No internet service,No internet service,No internet service,Two year,No,Mailed check,79.32,88.62,No
CUST-02095,Male,0,Yes,No,56,Yes,No,Fiber optic,Yes,Yes,No,Yes,Yes,Yes,Month-to-month,Yes,Mailed check,32.81,1832.26,No
CUST-02096,Female,0,No,No,56,Yes,Yes,DSL,No,Yes,No,Yes,No,Yes,Month-to-month,No,Electronic check,90.55,5064.69,No
CUST-02097,Female,0,Yes,Yes,15,Yes,Yes,DSL,Yes,Yes,Yes,No,No,No,One year,Yes,Mailed check,102.78,1541.28,No
CUST-02098,Female,0,No,Yes,5,No,No phone service,Fiber optic,Yes,No,Yes,No,Yes,Yes,Month-to-month,No,Mailed check,34.64,175.53,No
CUST-02099,Male,0,Yes,No,13,Yes,Yes,DSL,Yes,No,Yes,Yes,No,Yes,Two year,No,Mailed check,92.41,1196.83,No
CUST-02100,Male,0,No,No,26,Yes,No,DSL,Yes,No,No,No,Yes,No,One year,Yes,Mailed check,72.91,1899.14,No
CUST-02101,Male,0,No,No,37,Yes,Yes,Fiber optic,No,Yes,No,Yes,No,Yes,Month-to-month,Yes,Credit card (automatic),78.43,2899.44,No
CUST-02102,Male,0,Yes,No,18,Yes,No,Fiber optic,Yes,Yes,No,No,No,No,Two year,Yes,Electronic check,111.9,2026.43,No
CUST-02103,Female,0,No,No,36,No,No phone service,Fiber optic,No,Yes,No,Yes,No,No,Month-to-month,Yes,Mailed check,21.66,781.43,No
CUST-02104,Female,0,No,No,3,Yes,Yes,DSL,Yes,Yes,No,No,Yes,No,One year,Yes,Bank transfer (automatic),81.88,240.22,No
CUST-02105,Female,0,No,Yes,57,Yes,No,DSL,No,No,Yes,Yes,Yes,No,Month-to-month,Yes,Mailed check,26.15,1487.03,No
CUST-02106,Male,0,Yes,No,8,Yes,No,DSL,Yes,No,No,No,No,Yes,Month-to-month,No,Electronic check,96.96,778.15,No
CUST-02107,Male,0,No,No,39,Yes,Yes,Fiber optic,Yes,Yes,No,No,No,No,Two year,Yes,Mailed check,107.61,4192.73,No
CUST-02108,Male,0,No,No,14,Yes,No,Fiber optic,Yes,Yes,No,Yes,No,Yes,Month-to-month,No,Bank transfer (automatic),26.65,372.72,Yes
CUST-02109,Female,0,Yes,No,3,Yes,Yes,Fiber optic,Yes,Yes,Yes,Yes,Yes,Yes,Month-to-month,Yes,Credit card (automatic),20.58,71.59,No
CUST-02110,Female,0,Yes,No,51,Yes,Yes,DSL,No,No,Yes,No,No,No,One year,Yes,Mailed check,113.57,5795.27,No
CUST-02111,Male,1,No,Yes,17,Yes,Yes,DSL,Yes,Yes,Yes,No,No,Yes,One year,Yes,Electronic check,110.65,1884.02,No
CUST-02112,Female,0,Yes,No,52,Yes,No,No,No internet service,No internet service,No internet service,No internet service,No internet service,No internet service,Month-to-month,No,Mailed check,110.37,5749.16,No
CUST-02113,Male,0,Yes,No,58,Yes,No,DSL,Yes,Yes,No,Yes,No,No,Month-to-month,Yes,Electronic check,111.97,6490.47,No
CUST-02114,Male,1,Yes,No,53,Yes,Yes,Fiber optic,Yes,Yes,No,No,No,No,Month-to-month,Yes,Mailed check,68.01,3604.45,No
CUST-02115,Female,0,No,No,40,Yes,Yes,DSL,No,No,Yes,Yes,No,Yes,Month-to-month,Yes,Mailed check,115.69,4626.08,No
CUST-02116,Male,0,No,Yes,59,Yes,Yes,DSL,Yes,No,No,Yes,No,No,Month-to-month,No,Credit card (automatic),107.23,6323.44,No
CUST-02117,Female,0,Yes,No,3,Yes,No,DSL,No,No,No,No,Yes,No,Two year,No,Credit card (automatic),27.77,82.03,No
CUST-02118,Male,0,No,No,38,Yes,No,No,No internet service,No internet service,No internet service,No internet service,No internet service,No internet service,Month-to-month,Yes,Mailed check,99.27,3769.98,No
CUST-02119,Female,0,Yes,Yes,6,Yes,Yes,DSL,Yes,No,Yes,No,No,No,One year,Yes,Electronic check,89.24,532.15,No
CUST-02120,Female,1,No,No,22,Yes,Yes,No,No internet service,No internet service,No internet service,No internet service,No internet service,No internet service,Month-to-month,Yes,Bank transfer (automatic),31.41,689.54,Yes
CUST-02121,Female,0,Yes,Yes,62,Yes,No,No,No internet service,No internet service,No internet service,No internet service,No internet service,No internet service,Month-to-month,No,Credit card (automatic),91.79,5687.71,No
CUST-02122,Male,0,No,No,64,Yes,No,Fiber optic,No,Yes,Yes,Yes,No,Yes,Month-to-month,No,Mailed check,66.49,4256.98,No
CUST-02123,Male,1,Yes,No,40,Yes,No,Fiber optic,Yes,Yes,Yes,No,Yes,No,Two year,Yes,Electronic check,103.38,4130.43,No
CUST-02124,Female,1,No,No,43,Yes,No,No,No internet service,No internet service,No internet service,No internet service,No internet service,No internet service,Two year,Yes,Mailed check,99.88,4299.92,No
CUST-02125,Female,0,No,Yes,44,Yes,Yes,Fiber optic,No,Yes,Yes,No,Yes,No,Month-to-month,Yes,Mailed check,112.23,4941.75,No
CUST-02126,Male,0,Yes,No,68,Yes,No,Fiber optic,Yes,No,No,No,No,Yes,Month-to-month,No,Credit card (automatic),25.53,1738.27,Yes
CUST-02127,Male,0,No,No,50,Yes,No,Fiber optic,Yes,Yes,Yes,No,Yes,No,One year,No,Electronic check,89.02,4448.71,No
CUST-02128,Male,0,No,No,64,Yes,Yes,DSL,No,Yes,No,Yes,Yes,Yes,Month-to-month,No,Mailed check,55.71,3565.66,Yes
CUST-02129,Female,0,No,No,53,Yes,No,DSL,No,No,Yes,Yes,Yes,No,Month-to-month,Yes,Credit card (automatic),95.6,5066.17,No
CUST-02130,Male,1,No,Yes,55,Yes,No,No,No internet service,No internet service,No internet service,No internet service,No internet service,No internet service,Month-to-month,No,Electronic check,78.26,4304.43,No
CUST-02131,Male,0,No,No,71,Yes,Yes,No,No internet service,No internet service,No internet service,No internet service,No internet service,No internet service,Month-to-month,Yes,Electronic check,67.56,4790.06,No
CUST-02132,Female,0,No,No,39,Yes,Yes,Fiber optic,No,Yes,No,No,No,No,Month-to-month,No,Mailed check,18.42,718.9,No
CUST-02133,Male,0,No,No,57,Yes,Yes,Fiber optic,No,Yes,No,No,No,No,Month-to-month,No,Mailed check,78.72,4488.67,Yes
CUST-02134,Male,0,No,No,14,Yes,Yes,No,No internet service,No internet service,No internet service,No internet service,No internet service,No internet service,Month-to-month,No,Electronic check,60.04,847.78,No
CUST-02135,Male,0,Yes,No,18,Yes,No,Fiber optic,Yes,No,Yes,Yes,No,No,Month-to-month,Yes,Electronic check,51.25,917.47,No
CUST-02136,Female,0,No,No,9,Yes,Yes,Fiber optic,Yes,No,No,No,No,Yes,One year,No,Credit card (automatic),116.88,1045.99,Yes
CUST-02137,Female,0,Yes,No,15,Yes,Yes,Fiber optic,No,No,No,Yes,No,No,Month-to-month,No,Bank transfer (automatic),88.04,1325.52,Yes
CUST-02138,Female,0,No,Yes,42,Yes,No,DSL,Yes,Yes,Yes,No,No,Yes,Month-to-month,Yes,Electronic check,71.99,3016.02,No
CUST-02139,Female,0,Yes,No,30,Yes,Yes,DSL,Yes,No,Yes,No,Yes,Yes,Two year,No,Mailed check,104.87,3153.38,No
CUST-02140,Female,0,No,Yes,15,Yes,Yes,No,No internet service,No internet service,No internet service,No internet service,No internet service,No internet service,Month-to-month,No,Electronic check,40.71,616.57,No
CUST-02141,Female,0,Yes,No,27,Yes,Yes,No,No internet service,No internet service,No internet service,No internet service,No internet service,No internet service,Month-to-month,Yes,Mailed check,79.99,2162.64,Yes
CUST-02142,Female,0,Yes,Yes,61,Yes,No,Fiber optic,Yes,Yes,No,No,Yes,No,Month-to-month,Yes,Bank transfer (automatic),104.09,6341.9,No
CUST-02143,Male,0,No,No,19,Yes,No,Fiber optic,No,No,Yes,Yes,No,No,One year,Yes,Electronic check,30.36,576.04,No
CUST-02144,Male,0,Yes,Yes,34,No,No phone service,No,No internet service,No internet service,No internet service,No internet service,No internet service,No internet service,Month-to-month,Yes,Mailed check,41.61,1414.48,No
CUST-02145,Female,0,No,Yes,58,Yes,No,Fiber optic,No,Yes,No,No,Yes,Yes,Month-to-month,Yes,Mailed check,26.26,1524.53,No
CUST-02146,Male,0,No,No,8,Yes,Yes,DSL,Yes,No,Yes,Yes,Yes,No,Two year,No,Mailed check,117.24,940.69,No
CUST-02147,Male,0,Yes,Yes,9,Yes,No,Fiber optic,No,No,Yes,Yes,Yes,Yes,Month-to-month,No,Credit card (automatic),76.09,681.06,No
CUST-02148,Female,0,No,No,44,Yes,No,DSL,Yes,Yes,Yes,No,Yes,Yes,Month-to-month,Yes,Mailed check,66.95,2951.11,No
CUST-02149,Male,1,Yes,No,14,Yes,Yes,No,No internet service,No internet service,No internet service,No internet service,No internet service,No internet service,One year,Yes,Bank transfer (automatic),51.84,728.36,No
CUST-02150,Male,0,Yes,Yes,29,No,No phone service,Fiber optic,Yes,No,No,No,No,Yes,One year,Yes,Mailed check,62.95,1828.1,No
CUST-02151,Male,0,No,No,47,Yes,No,DSL,Yes,Yes,Yes,No,Yes,Yes,Two year,No,Electronic check,95.59,4491.61,No
CUST-02152,Male,0,No,No,39,Yes,No,No,No internet service,No internet service,No internet service,No internet service,No internet service,No internet service,Two year,Yes,Bank transfer (automatic),109.67,4279.07,No
CUST-02153,Male,0,No,No,43,Yes,No,No,No internet service,No internet service,No internet service,No internet service,No internet service,No internet service,Month-to-month,No,Mailed check,28.49,1214.36,No
CUST-02154,Female,1,No,No,45,Yes,No,DSL,No,Yes,No,No,No,Yes,Month-to-month,Yes,Bank transfer (automatic),47.96,2160.19,No
CUST-02155,Female,0,No,No,5,Yes,Yes,Fiber optic,No,Yes,Yes,Yes,No,Yes,Two year,Yes,Electronic check,36.91,192.84,Yes
CUST-02156,Female,0,Yes,No,23,Yes,Yes,Fiber optic,Yes,No,No,Yes,Yes,No,Two year,No,Bank transfer (automatic),61.55,1419.55,No
CUST-02157,Male,0,Yes,Yes,6,Yes,Yes,Fiber optic,Yes,Yes,No,Yes,Yes,Yes,Month-to-month,Yes,Credit card (automatic),71.05,429.62,No
CUST-02158,Female,0,No,No,5,No,No phone service,Fiber optic,Yes,No,No,Yes,No,Yes,Month-to-month,Yes,Credit card (automatic),90.13,454.51,No
CUST-02159,Male,0,No,No,32,Yes,Yes,Fiber optic,No,No,Yes,Yes,Yes,No,One year,No,Bank transfer (automatic),105.57,3384.29,No
CUST-02160,Male,0,No,No,37,Yes,Yes,No,No internet service,No internet service,No internet service,No internet service,No internet service,No internet service,Month-to-month,Yes,Mailed check,72.21,2670.77,No
CUST-02161,Male,0,Yes,No,43,Yes,No,Fiber optic,Yes,No,No,Yes,No,No,Two year,No,Mailed check,66.88,2880.77,No
CUST-02162,Male,0,Yes,No,16,Yes,Yes,DSL,Yes,No,Yes,Yes,No,No,Two year,Yes,Mailed check,75.58,1211.57,No
CUST-02163,Female,1,Yes,Yes,30,Yes,Yes,DSL,Yes,Yes,Yes,No,No,Yes,Two year,No,Mailed check,106.84,3205.52,No
CUST-02164,Female,1,No,No,36,Yes,No,DSL,No,No,No,No,No,No,Month-to-month,No,Electronic check,82.85,2989.35,No
CUST-02165,Male,0,No,No,10,Yes,Yes,Fiber optic,No,No,Yes,Yes,No,No,Two year,Yes,Electronic check,96.74,963.96,No
CUST-02166,Female,0,Yes,Yes,4,Yes,Yes,DSL,No,Yes,No,Yes,Yes,Yes,One year,No,Credit card (automatic),89.95,356.55,No
CUST-02167,Male,0,No,Yes,63,Yes,No,No,No internet service,No internet service,No internet service,No internet service,No internet service,No internet service,Month-to-month,Yes,Bank transfer (automatic),110.35,6940.27,No
CUST-02168,Female,0,No,Yes,2,Yes,No,No,No internet service,No internet service,No internet service,No internet service,No internet service,No internet service,Month-to-month,No,Electronic check,99.69,194.73,No
CUST-02169,Female,1,Yes,No,55,Yes,No,No,No internet service,No internet service,No internet service,No internet service,No internet service,No internet service,Month-to-month,Yes,Credit card (automatic),52.12,2864.4,No
CUST-02170,Male,0,Yes,No,62,Yes,No,No,No internet service,No internet service,No internet service,No internet service,No internet service,No internet service,One year,No,Mailed check,103.44,6413.03,No
CUST-02171,Female,0,No,Yes,37,Yes,No,DSL,No,Yes,Yes,Yes,No,Yes,Month-to-month,No,Credit card (automatic),64.74,2397.62,No
CUST-02172,Male,0,Yes,Yes,53,Yes,No,Fiber optic,No,No,No,No,No,Yes,Month-to-month,No,Electronic check,102.72,5448.57,Yes
CUST-02173,Female,0,No,No,1,Yes,No,DSL,Yes,Yes,No,Yes,Yes,Yes,Two year,No,Bank transfer (automatic),108.57,101.92,No
CUST-02174,Male,1,Yes,No,1,Yes,Yes,DSL,No,Yes,No,Yes,Yes,Yes,Two year,Yes,Electronic check,86.53,87.08,No
CUST-02175,Male,1,Yes,No,11,Yes,No,No,No internet service,No internet service,No internet service,No internet service,No internet service,No internet service,Two year,Yes,Bank transfer (automatic),89.89,983.87,No
CUST-02176,Female,0,No,No,39,No,No phone service,Fiber optic,Yes,No,Yes,No,No,Yes,Two year,Yes,Bank transfer (automatic),32.11,1245.64,No
CUST-02177,Female,0,No,No,1,No,No phone service,DSL,No,No,Yes,Yes,No,Yes,Two year,Yes,Mailed check,50.38,52.0,No
CUST-02178,Male,1,Yes,Yes,56,Yes,No,DSL,No,No,No,No,No,No,Two year,Yes,Bank transfer (automatic),73.77,4131.63,No
CUST-02179,Female,1,No,No,46,Yes,No,Fiber optic,No,No,Yes,No,Yes,Yes,Two year,No,Bank transfer (automatic),18.35,846.57,No
CUST-02180,Female,0,Yes,No,35,No,No phone service,DSL,No,No,Yes,Yes,Yes,Yes,Month-to-month,No,Mailed check,102.73,3598.45,No
CUST-02181,Male,0,No,No,3,Yes,Yes,DSL,No,Yes,Yes,No,No,Yes,Month-to-month,No,Credit card (automatic),54.95,162.44,No
CUST-02182,Male,0,Yes,No,23,Yes,Yes,Fiber optic,No,No,Yes,No,No,Yes,One year,No,Bank transfer (automatic),90.34,2083.29,No
CUST-02183,Female,0,Yes,No,61,Yes,Yes,No,No internet service,No internet service,No internet service,No internet service,No internet service,No internet service,Month-to-month,No,Electronic check,94.93,5786.14,No
CUST-02184,Male,1,Yes,No,1,Yes,Yes,No,No internet service,No internet service,No internet service,No internet service,No internet service,No internet service,Month-to-month,Yes,Electronic check,72.81,67.53,Yes
CUST-02185,Male,0,No,No,14,Yes,No,Fiber optic,No,No,Yes,Yes,No,Yes,Two year,No,Credit card (automatic),97.02,1360.27,No
CUST-02186,Male,1,Yes,No,48,Yes,Yes,DSL,Yes,No,No,Yes,Yes,Yes,Two year,No,Credit card (automatic),86.24,4140.59,No
CUST-02187,Female,0,Yes,No,34,Yes,Yes,No,No internet service,No internet service,No internet service,No internet service,No internet service,No internet service,Month-to-month,No,Electronic check,53.98,1831.27,No
CUST-02188,Female,0,Yes,No,46,Yes,Yes,No,No internet service,No internet service,No internet service,No internet service,No internet service,No internet service,Month-to-month,Yes,Bank transfer (automatic),99.62,4578.36,No
CUST-02189,Male,0,Yes,Yes,23,Yes,No,Fiber optic,No,No,Yes,No,No,Yes,Month-to-month,Yes,Bank transfer (automatic),81.61,1878.93,No
CUST-02190,Female,0,No,Yes,59,Yes,Yes,No,No internet service,No internet service,No internet service,No internet service,No internet service,No internet service,Month-to-month,Yes,Mailed check,34.02,2008.43,No
CUST-02191,Male,0,No,No,47,Yes,No,Fiber optic,Yes,Yes,Yes,No,Yes,Yes,Month-to-month,Yes,Credit card (automatic),95.28,4472.97,No
CUST-02192,Female,0,Yes,Yes,22,Yes,No,DSL,No,Yes,No,No,No,No,One year,No,Bank transfer (automatic),85.62,1880.43,No
CUST-02193,Male,0,Yes,No,11,Yes,No,No,No internet service,No internet service,No internet service,No internet service,No internet service,No internet service,Month-to-month,No,Credit card (automatic),46.47,506.62,No
CUST-02194,Male,0,No,Yes,40,Yes,Yes,Fiber optic,Yes,No,Yes,No,No,No,One year,No,Bank transfer (automatic),102.2,4077.4,No
CUST-02195,Female,0,Yes,No,28,Yes,No,Fiber optic,No,No,Yes,Yes,Yes,Yes,Month-to-month,Yes,Credit card (automatic),55.4,1558.02,No
CUST-02196,Male,0,No,No,69,No,No phone service,Fiber optic,No,Yes,Yes,Yes,No,Yes,Two year,Yes,Electronic check,73.27,5056.82,No
CUST-02197,Female,0,Yes,No,50,Yes,Yes,DSL,No,No,Yes,Yes,Yes,No,Month-to-month,Yes,Electronic check,52.32,2621.79,No
CUST-02198,Female,0,No,Yes,22,Yes,Yes,DSL,Yes,Yes,No,No,No,Yes,One year,No,Bank transfer (automatic),90.44,1988.15,No
CUST-02199,Male,0,Yes,No,30,No,No phone service,DSL,No,No,Yes,No,No,Yes,Month-to-month,No,Mailed check,76.12,2278.74,No
CUST-02200,Male,0,No,No,20,Yes,No,DSL,No,No,No,Yes,No,No,Two year,Yes,Credit card (automatic),65.03,1296.23,No
CUST-02201,Female,0,No,No,23,Yes,No,DSL,Yes,No,Yes,No,Yes,No,One year,Yes,Electronic check,20.03,456.31,No
CUST-02202,Male,0,No,Yes,71,Yes,No,Fiber optic,Yes,No,Yes,No,Yes,Yes,One year,No,Credit card (automatic),78.72,5586.53,No
CUST-02203,Male,0,Yes,Yes,8,Yes,No,No,No internet service,No internet service,No internet service,No internet service,No internet service,No internet service,One year,Yes,Bank transfer (automatic),80.24,634.18,No
CUST-02204,Male,0,No,No,21,Yes,Yes,No,No internet service,No internet service,No internet service,No internet service,No internet service,No internet service,Two year,Yes,Mailed check,36.12,756.59,No
CUST-02205,Male,1,No,Yes,3,Yes,No,DSL,No,Yes,Yes,Yes,No,Yes,One year,Yes,Mailed check,51.23,150.82,No
CUST-02206,Male,0,Yes,No,2,Yes,No,No,No internet service,No internet service,No internet service,No internet service,No internet service,No internet service,One year,No,Bank transfer (automatic),105.88,216.13,No
CUST-02207,Female,0,Yes,No,27,Yes,Yes,Fiber optic,No,Yes,No,No,Yes,Yes,Month-to-month,No,Electronic check,72.92,1971.53,No
CUST-02208,Female,0,Yes,Yes,14,Yes,No,Fiber optic,No,No,No,No,No,Yes,Two year,Yes,Mailed check,61.51,859.23,No
CUST-02209,Male,0,Yes,No,7,Yes,No,DSL,No,No,Yes,Yes,Yes,No,One year,Yes,Mailed check,111.6,783.58,No
CUST-02210,Male,0,No,Yes,47,Yes,No,Fiber optic,No,No,Yes,Yes,No,No,Month-to-month,Yes,Mailed check,99.19,4656.45,No
CUST-02211,Male,0,Yes,No,51,Yes,Yes,No,No internet service,No internet service,No internet service,No internet service,No internet service,No internet service,One year,Yes,Credit card (automatic),27.75,1408.94,No
CUST-02212,Female,0,Yes,No,54,Yes,No,Fiber optic,Yes,Yes,Yes,No,No,No,One year,No,Credit card (automatic),103.89,5609.59,No
CUST-02213,Male,0,Yes,No,36,Yes,Yes,DSL,No,Yes,No,Yes,No,No,Month-to-month,Yes,Electronic check,32.97,1187.43,No
CUST-02214,Female,0,Yes,No,3,No,No phone service,DSL,No,Yes,No,Yes,No,No,Month-to-month,Yes,Bank transfer (automatic),35.48,105.74,No
CUST-02215,Female,0,Yes,No,54,Yes,Yes,DSL,Yes,Yes,No,No,No,No,One year,Yes,Credit card (automatic),25.53,1385.4,No
CUST-02216,Female,0,Yes,No,11,Yes,No,Fiber optic,No,Yes,No,Yes,No,Yes,Month-to-month,Yes,Mailed check,66.14,730.98,Yes
CUST-02217,Male,0,Yes,No,18,No,No phone service,No,No internet service,No internet service,No internet service,No internet service,No internet service,No internet service,Two year,Yes,Electronic check,82.47,1489.63,No
CUST-02218,Female,0,No,No,56,Yes,No,Fiber optic,Yes,Yes,Yes,No,Yes,No,Month-to-month,No,Credit card (automatic),93.37,5225.95,No
CUST-02219,Male,0,No,No,36,Yes,No,No,No internet service,No internet service,No internet service,No internet service,No internet service,No internet service,One year,No,Electronic check,20.67,745.78,Yes
CUST-02220,Female,0,No,Yes,6,Yes,Yes,No,No internet service,No internet service,No internet service,No internet service,No internet service,No internet service,Month-to-month,Yes,Mailed check,35.79,209.52,No
CUST-02221,Male,0,No,Yes,54,Yes,No,DSL,No,No,No,No,Yes,Yes,Month-to-month,Yes,Electronic check,80.12,4322.82,No
CUST-02222,Female,0,No,No,27,Yes,Yes,DSL,Yes,Yes,Yes,Yes,Yes,Yes,Two year,Yes,Mailed check,70.56,1906.78,No
CUST-02223,Male,0,Yes,No,36,No,No phone service,Fiber optic,Yes,Yes,Yes,Yes,No,Yes,Month-to-month,Yes,Electronic check,23.14,828.59,No
CUST-02224,Female,0,Yes,No,60,Yes,No,DSL,No,Yes,Yes,Yes,No,Yes,One year,No,Bank transfer (automatic),111.54,6688.44,No
CUST-02225,Male,0,Yes,No,38,Yes,No,Fiber optic,No,Yes,No,No,No,No,Month-to-month,Yes,Electronic check,93.85,3568.45,No
CUST-02226,Male,0,Yes,Yes,22,Yes,No,DSL,Yes,No,Yes,No,No,No,Two year,Yes,Bank transfer (automatic),53.88,1181.54,No
CUST-02227,Male,0,No,Yes,51,Yes,No,Fiber optic,Yes,No,No,Yes,Yes,No,Month-to-month,Yes,Bank transfer (automatic),71.64,3658.45,No
CUST-02228,Male,0,No,Yes,10,Yes,No,Fiber optic,No,Yes,No,No,No,No,Month-to-month,Yes,Mailed check,55.43,553.23,Yes
CUST-02229,Female,1,Yes,No,65,Yes,Yes,Fiber optic,No,No,No,No,No,Yes,Two year,Yes,Electronic check,63.53,4128.59,No
CUST-02230,Female,0,Yes,No,12,Yes,No,Fiber optic,Yes,No,No,No,No,No,Two year,Yes,Credit card (automatic),77.62,932.7,No
CUST-02231,Male,0,No,No,40,Yes,No,No,No internet service,No internet service,No internet service,No internet service,No internet service,No internet service,Two year,Yes,Bank transfer (automatic),57.85,2313.33,No
CUST-02232,Female,1,No,Yes,48,Yes,No,DSL,Yes,No,No,No,Yes,Yes,Month-to-month,Yes,Mailed check,80.07,3844.76,No
CUST-02233,Male,0,No,No,14,Yes,Yes,Fiber optic,No,No,No,No,No,No,Month-to-month,No,Credit card (automatic),64.51,898.55,No
CUST-02234,Male,0,Yes,No,55,Yes,Yes,DSL,No,No,No,Yes,Yes,Yes,Two year,Yes,Electronic check,83.73,4591.54,No
CUST-02235,Female,0,Yes,No,53,Yes,Yes,DSL,Yes,No,No,No,No,No,Two year,No,Bank transfer (automatic),44.22,2336.6,No
CUST-02236,Male,0,No,No,30,Yes,No,DSL,No,No,No,No,Yes,No,Month-to-month,No,Electronic check,35.12,1051.32,Yes
CUST-02237,Male,0,No,No,60,Yes,Yes,Fiber optic,Yes,No,Yes,No,No,No,Month-to-month,Yes,Electronic check,19.36,1164.05,No
CUST-02238,Female,0,Yes,No,57,Yes,Yes,Fiber optic,Yes,No,Yes,Yes,No,No,Month-to-month,Yes,Credit card (automatic),78.2,4468.19,No
CUST-02239,Male,0,Yes,Yes,59,No,No phone service,DSL,Yes,No,Yes,No,No,No,Month-to-month,No,Mailed check,116.08,6845.75,No
CUST-02240,Male,0,Yes,Yes,52,Yes,No,Fiber optic,Yes,Yes,Yes,No,No,Yes,Month-to-month,Yes,Mailed check,60.04,3118.81,No
CUST-02241,Male,1,Yes,Yes,60,Yes,No,DSL,No,No,Yes,Yes,No,No,Month-to-month,No,Credit card (automatic),39.26,2357.29,Yes
CUST-02242,Male,1,No,No,41,Yes,Yes,Fiber optic,No,No,Yes,No,No,No,Two year,No,Mailed check,19.31,792.82,No
CUST-02243,Female,0,No,No,28,Yes,Yes,Fiber optic,Yes,No,Yes,Yes,No,No,Month-to-month,Yes,Electronic check,69.28,1941.12,No
CUST-02244,Female,0,No,Yes,26,Yes,Yes,No,No internet service,No internet service,No internet service,No internet service,No internet service,No internet service,Two year,Yes,Credit card (automatic),117.27,3047.74,No
CUST-02245,Female,0,Yes,No,43,Yes,No,Fiber optic,No,Yes,No,No,Yes,No,One year,No,Bank transfer (automatic),116.38,4994.44,No
CUST-02246,Male,1,Yes,No,4,Yes,No,Fiber optic,No,No,No,Yes,No,No,Month-to-month,No,Credit card (automatic),28.14,113.55,No
CUST-02247,Male,0,Yes,No,51,Yes,Yes,DSL,No,Yes,No,Yes,Yes,Yes,One year,Yes,Credit card (automatic),99.64,5081.4,No
CUST-02248,Female,0,No,No,52,Yes,Yes,DSL,No,Yes,No,Yes,Yes,Yes,Two year,No,Credit card (automatic),35.33,1829.22,No
CUST-02249,Male,0,No,No,51,Yes,Yes,Fiber optic,No,No,Yes,No,Yes,Yes,Month-to-month,No,Electronic check,98.94,5048.85,Yes
CUST-02250,Male,0,No,No,37,Yes,No,Fiber optic,Yes,Yes,Yes,No,No,Yes,One year,Yes,Credit card (automatic),103.35,3827.6,No
CUST-02251,Male,0,Yes,No,43,Yes,No,No,No internet service,No internet service,No internet service,No internet service,No internet service,No internet service,Month-to-month,Yes,Electronic check,18.77,809.9,No
CUST-02252,Male,0,Yes,No,52,Yes,Yes,No,No internet service,No internet service,No internet service,No internet service,No internet service,No internet service,Month-to-month,Yes,Mailed check,41.73,2167.93,No
CUST-02253,Female,0,No,No,1,Yes,No,No,No internet service,No internet service,No internet service,No internet service,No internet service,No internet service,One year,Yes,Electronic check,23.66,24.76,No
CUST-02254,Female,0,Yes,Yes,53,No,No phone service,No,No internet service,No internet service,No internet service,No internet service,No internet service,No internet service,One year,Yes,Bank transfer (automatic),67.89,3593.68,No
CUST-02255,Female,0,No,No,34,Yes,No,Fiber optic,Yes,Yes,Yes,Yes,No,No,One year,No,Mailed check,20.67,695.85,No
CUST-02256,Male,0,No,No,45,Yes,Yes,DSL,No,Yes,No,Yes,Yes,No,Two year,Yes,Credit card (automatic),80.61,3626.96,No
CUST-02257,Female,1,No,No,71,Yes,Yes,DSL,Yes,No,Yes,No,No,Yes,Two year,Yes,Electronic check,73.83,5234.42,No
CUST-02258,Female,1,No,No,54,Yes,No,No,No internet service,No internet service,No internet service,No internet service,No internet service,No internet service,Two year,Yes,Bank transfer (automatic),55.94,3020.09,No
CUST-02259,Male,1,Yes,No,71,No,No phone service,DSL,No,Yes,Yes,No,No,Yes,One year,Yes,Credit card (automatic),64.18,4556.52,No
CUST-02260,Male,1,Yes,No,10,Yes,Yes,DSL,Yes,Yes,No,No,Yes,No,Month-to-month,Yes,Electronic check,117.01,1166.01,No
CUST-02261,Female,0,Yes,Yes,28,No,No phone service,Fiber optic,No,No,Yes,No,No,No,One year,Yes,Mailed check,34.77,983.26,No
CUST-02262,Female,0,Yes,No,68,Yes,Yes,DSL,No,No,Yes,No,Yes,No,Month-to-month,Yes,Electronic check,91.1,6191.81,No
CUST-02263,Female,0,Yes,Yes,62,Yes,Yes,Fiber optic,No,No,Yes,Yes,No,No,Month-to-month,No,Bank transfer (automatic),82.53,5117.92,No
CUST-02264,Female,1,Yes,Yes,46,Yes,No,Fiber optic,No,Yes,Yes,No,Yes,No,Month-to-month,No,Electronic check,84.37,3880.07,No
CUST-02265,Male,0,No,No,6,No,No phone service,Fiber optic,No,No,No,Yes,No,Yes,One year,No,Bank transfer (automatic),52.57,320.12,Yes
CUST-02266,Female,0,Yes,Yes,63,Yes,Yes,Fiber optic,No,Yes,No,Yes,Yes,Yes,One year,Yes,Electronic check,39.65,2496.28,No
CUST-02267,Female,0,Yes,No,63,Yes,Yes,Fiber optic,No,No,No,Yes,No,No,Two year,Yes,Bank transfer (automatic),83.08,5227.7,No
CUST-02268,Male,0,Yes,No,11,Yes,Yes,DSL,No,Yes,No,No,No,Yes,Two year,Yes,Electronic check,109.27,1204.04,No
CUST-02269,Female,0,No,No,11,No,No phone service,No,No internet service,No internet service,No internet service,No internet service,No internet service,No internet service,One year,Yes,Electronic check,115.6,1264.09,No
CUST-02270,Male,0,Yes,Yes,35,Yes,No,DSL,Yes,Yes,No,No,No,No,Month-to-month,Yes,Electronic check,66.09,2308.91,No
CUST-02271,Male,0,No,No,28,Yes,No,Fiber optic,No,No,Yes,Yes,No,Yes,Month-to-month,No,Bank transfer (automatic),60.56,1693.13,No
CUST-02272,Male,0,Yes,No,10,Yes,No,Fiber optic,No,No,Yes,Yes,No,No,Month-to-month,Yes,Credit card (automatic),52.89,526.54,No
CUST-02273,Female,0,Yes,No,52,Yes,Yes,DSL,No,No,No,No,Yes,No,Month-to-month,No,Electronic check,99.0,5146.27,No
CUST-02274,Female,0,Yes,No,69,Yes,Yes,DSL,No,No,No,No,Yes,Yes,Two year,Yes,Electronic check,43.54,3002.13,No
CUST-02275,Male,1,No,Yes,46,Yes,No,DSL,No,No,No,Yes,No,No,Two year,No,Mailed check,69.3,3188.43,No
CUST-02276,Female,0,No,No,32,Yes,Yes,DSL,Yes,Yes,No,Yes,Yes,No,Month-to-month,Yes,Electronic check,52.51,1676.92,No
CUST-02277,Female,0,Yes,No,66,Yes,Yes,DSL,Yes,Yes,Yes,Yes,Yes,Yes,Month-to-month,Yes,Electronic check,105.57,6969.79,No
CUST-02278,Male,0,Yes,Yes,42,Yes,Yes,No,No internet service,No internet service,No internet service,No internet service,No internet service,No internet service,One year,No,Credit card (automatic),46.27,1939.13,No
CUST-02279,Male,0,Yes,No,17,Yes,Yes,Fiber optic,Yes,Yes,Yes,Yes,Yes,Yes,Month-to-month,Yes,Bank transfer (automatic),86.65,1466.7,No
CUST-02280,Female,0,No,No,52,Yes,Yes,DSL,Yes,No,Yes,Yes,No,Yes,Two year,Yes,Mailed check,76.87,3991.58,No
CUST-02281,Male,0,No,Yes,38,Yes,Yes,Fiber optic,No,Yes,Yes,No,No,No,Month-to-month,No,Mailed check,50.84,1929.86,No
CUST-02282,Female,0,Yes,No,71,Yes,No,DSL,No,Yes,Yes,No,Yes,Yes,Month-to-month,Yes,Mailed check,43.48,3091.94,No
CUST-02283,Female,0,No,Yes,33,Yes,Yes,DSL,No,No,No,Yes,No,Yes,One year,Yes,Credit card (automatic),98.38,3246.4,No
CUST-02284,Female,0,No,No,36,No,No phone service,No,No internet service,No internet service,No internet service,No internet service,No internet service,No internet service,Month-to-month,Yes,Mailed check,69.05,2483.5,No
CUST-02285,Female,0,No,No,40,Yes,Yes,No,No internet service,No internet service,No internet service,No internet service,No internet service,No internet service,Two year,Yes,Bank transfer (automatic),79.15,3165.8,No
CUST-02286,Male,0,No,No,48,Yes,Yes,Fiber optic,No,Yes,No,Yes,Yes,No,Two year,Yes,Electronic check,114.21,5476.03,Yes
CUST-02287,Male,0,Yes,No,9,Yes,Yes,No,No internet service,No internet service,No internet service,No internet service,No internet service,No internet service,Two year,Yes,Electronic check,57.8,511.67,No
CUST-02288,Male,0,Yes,Yes,39,Yes,Yes,No,No internet service,No internet service,No internet service,No internet service,No internet service,No internet service,One year,Yes,Bank transfer (automatic),99.43,3872.83,No
CUST-02289,Male,1,No,Yes,17,Yes,No,Fiber optic,Yes,Yes,No,No,Yes,Yes,One year,No,Bank transfer (automatic),81.88,1386.72,No
CUST-02290,Female,0,No,Yes,24,No,No phone service,No,No internet service,No internet service,No internet service,No internet service,No internet service,No internet service,Month-to-month,Yes,Bank transfer (automatic),77.35,1868.4,No
CUST-02291,Female,0,No,No,40,Yes,No,Fiber optic,No,No,No,Yes,No,No,Two year,Yes,Credit card (automatic),23.46,948.01,No
CUST-02292,Male,0,Yes,No,35,Yes,No,DSL,Yes,Yes,Yes,Yes,No,No,One year,Yes,Electronic check,109.24,3832.96,No
CUST-02293,Female,0,Yes,No,1,Yes,No,No,No internet service,No internet service,No internet service,No internet service,No internet service,No internet service,Month-to-month,No,Credit card (automatic),40.86,34.78,No
CUST-02294,Female,0,No,Yes,48,Yes,No,DSL,No,No,Yes,No,No,Yes,Month-to-month,Yes,Electronic check,65.32,3144.13,No
CUST-02295,Female,0,No,No,66,Yes,Yes,DSL,No,No,No,No,Yes,No,Month-to-month,No,Bank transfer (automatic),93.2,6147.64,No
CUST-02296,Male,0,No,No,52,Yes,No,Fiber optic,Yes,Yes,Yes,No,Yes,No,Two year,Yes,Mailed check,70.23,3660.18,No
CUST-02297,Male,0,No,No,18,Yes,Yes,No,No internet service,No internet service,No internet service,No internet service,No internet service,No internet service,One year,Yes,Bank transfer (automatic),18.43,333.93,No
CUST-02298,Male,0,Yes,No,25,Yes,No,DSL,Yes,No,No,No,No,Yes,Two year,Yes,Bank transfer (automatic),112.9,2817.54,No
CUST-02299,Female,0,Yes,Yes,53,No,No phone service,Fiber optic,Yes,No,Yes,Yes,Yes,No,Two year,No,Credit card (automatic),20.05,1070.93,No
CUST-02300,Male,0,Yes,Yes,50,Yes,No,Fiber optic,Yes,No,No,Yes,Yes,Yes,One year,Yes,Mailed check,26.99,1357.57,No
CUST-02301,Male,0,Yes,No,24,Yes,Yes,Fiber optic,No,Yes,No,Yes,No,Yes,Month-to-month,Yes,Credit card (automatic),40.41,964.54,No
CUST-02302,Male,1,Yes,No,16,Yes,No,Fiber optic,No,Yes,No,Yes,Yes,No,Two year,No,Mailed check,77.9,1248.03,No
CUST-02303,Male,0,Yes,Yes,60,Yes,Yes,Fiber optic,No,No,No,Yes,No,No,One year,Yes,Mailed check,115.11,6896.92,No
CUST-02304,Male,0,No,Yes,45,Yes,No,No,No internet service,No internet service,No internet service,No internet service,No internet service,No internet service,One year,Yes,Mailed check,110.27,4960.17,No
CUST-02305,Male,0,No,No,54,No,No phone service,DSL,No,No,No,No,No,Yes,Month-to-month,No,Bank transfer (automatic),83.13,4487.08,No
CUST-02306,Female,0,Yes,No,49,Yes,No,No,No internet service,No internet service,No internet service,No internet service,No internet service,No internet service,Month-to-month,Yes,Credit card (automatic),92.17,4514.29,No
CUST-02307,Female,0,Yes,Yes,10,Yes,Yes,DSL,No,No,Yes,No,Yes,No,Month-to-month,Yes,Bank transfer (automatic),89.19,899.96,No
CUST-02308,Male,0,Yes,No,11,Yes,Yes,Fiber optic,No,No,No,Yes,No,Yes,One year,No,Electronic check,86.69,946.91,No
CUST-02309,Male,0,No,No,39,Yes,Yes,Fiber optic,Yes,Yes,No,No,No,No,Two year,Yes,Credit card (automatic),99.24,3869.24,No
CUST-02310,Female,0,No,No,47,Yes,No,No,No internet service,No internet service,No internet service,No internet service,No internet service,No internet service,Month-to-month,Yes,Electronic check,51.99,2447.3,No
CUST-02311,Female,1,No,No,55,Yes,No,DSL,Yes,No,Yes,Yes,Yes,No,Two year,Yes,Bank transfer (automatic),40.11,2199.47,No
CUST-02312,Male,0,No,Yes,7,Yes,No,Fiber optic,No,Yes,Yes,No,Yes,Yes,Month-to-month,Yes,Electronic check,52.76,364.9,Yes
CUST-02313,Male,0,Yes,No,13,Yes,No,DSL,Yes,Yes,Yes,No,No,No,One year,Yes,Electronic check,22.86,302.76,No
CUST-02314,Male,1,No,No,55,Yes,Yes,Fiber optic,No,Yes,Yes,No,No,Yes,Month-to-month,No,Electronic check,114.7,6315.22,Yes
CUST-02315,Male,0,Yes,No,53,Yes,No,Fiber optic,No,Yes,No,Yes,No,No,Two year,No,Credit card (automatic),91.95,4871.18,No
CUST-02316,Female,0,No,No,16,Yes,Yes,DSL,Yes,Yes,No,No,No,No,Month-to-month,No,Mailed check,39.34,633.73,No
CUST-02317,Male,0,No,No,44,No,No phone service,Fiber optic,Yes,Yes,No,Yes,No,Yes,Month-to-month,Yes,Mailed check,43.58,1925.3,Yes
CUST-02318,Male,1,No,No,4,Yes,Yes,DSL,Yes,Yes,No,No,Yes,Yes,Two year,No,Credit card (automatic),117.26,467.0,No
CUST-02319,Male,0,No,No,2,Yes,No,Fiber optic,Yes,Yes,Yes,Yes,No,Yes,One year,Yes,Mailed check,94.81,193.58,No
CUST-02320,Male,0,Yes,Yes,8,Yes,Yes,Fiber optic,No,No,Yes,Yes,No,No,Month-to-month,Yes,Bank transfer (automatic),60.57,482.45,No
CUST-02321,Female,0,Yes,Yes,19,Yes,Yes,Fiber optic,No,No,No,No,No,Yes,Two year,No,Credit card (automatic),38.67,727.96,No
CUST-02322,Female,0,Yes,No,20,Yes,Yes,DSL,Yes,Yes,No,Yes,No,No,One year,No,Credit card (automatic),22.04,440.82,No
CUST-02323,Female,0,Yes,No,32,Yes,No,DSL,No,No,No,Yes,Yes,Yes,Month-to-month,No,Mailed check,84.93,2716.54,No
CUST-02324,Male,0,Yes,No,4,Yes,Yes,No,No internet service,No internet service,No internet service,No internet service,No internet service,No internet service,One year,Yes,Credit card (automatic),96.0,379.37,No
CUST-02325,Male,0,Yes,No,23,Yes,Yes,No,No internet service,No internet service,No internet service,No internet service,No internet service,No internet service,Month-to-month,Yes,Electronic check,28.77,660.01,Yes
CUST-02326,Female,0,Yes,No,62,Yes,Yes,Fiber optic,Yes,Yes,Yes,Yes,No,No,Two year,No,Credit card (automatic),18.24,1129.75,No
CUST-02327,Male,0,No,No,25,Yes,Yes,Fiber optic,No,No,No,No,No,Yes,Two year,No,Credit card (automatic),53.74,1344.89,No
CUST-02328,Male,1,Yes,No,32,Yes,Yes,Fiber optic,No,No,Yes,Yes,No,No,Month-to-month,Yes,Credit card (automatic),84.74,2716.88,Yes
CUST-02329,Female,1,No,No,17,Yes,Yes,Fiber optic,Yes,No,No,No,No,Yes,Month-to-month,No,Bank transfer (automatic),110.38,1881.66,No
CUST-02330,Female,0,Yes,No,17,Yes,No,DSL,Yes,No,Yes,Yes,Yes,Yes,Two year,Yes,Bank transfer (automatic),105.95,1800.72,No
CUST-02331,Female,0,No,No,37,Yes,Yes,Fiber optic,No,Yes,Yes,Yes,No,Yes,Month-to-month,No,Electronic check,86.85,3210.72,Yes
CUST-02332,Female,0,Yes,No,32,Yes,No,DSL,No,No,Yes,No,Yes,Yes,Month-to-month,Yes,Electronic check,99.41,3187.82,No
CUST-02333,Male,0,No,No,26,Yes,No,No,No internet service,No internet service,No internet service,No internet service,No internet service,No internet service,Month-to-month,No,Mailed check,53.59,1392.84,No
CUST-02334,Male,0,Yes,No,48,Yes,No,Fiber optic,No,No,No,Yes,Yes,Yes,One year,Yes,Electronic check,42.51,2037.49,No
CUST-02335,Female,0,Yes,Yes,49,Yes,No,Fiber optic,Yes,Yes,No,No,Yes,Yes,Month-to-month,No,Credit card (automatic),30.42,1491.43,Yes
CUST-02336,Male,1,Yes,Yes,14,Yes,Yes,Fiber optic,No,No,No,Yes,Yes,No,Month-to-month,No,Mailed check,36.16,497.11,No
CUST-02337,Female,0,Yes,No,51,Yes,No,DSL,Yes,Yes,No,No,Yes,No,Two year,No,Bank transfer (automatic),114.29,5826.44,No
CUST-02338,Female,0,No,No,67,Yes,Yes,Fiber optic,Yes,Yes,Yes,No,Yes,No,Month-to-month,No,Mailed check,111.0,7434.31,No
CUST-02339,Male,0,Yes,No,18,Yes,Yes,Fiber optic,No,Yes,No,No,No,Yes,Month-to-month,No,Bank transfer (automatic),22.69,404.47,Yes
CUST-02340,Female,0,Yes,Yes,24,No,No phone service,DSL,Yes,No,No,Yes,No,Yes,One year,Yes,Credit card (automatic),64.99,1561.66,No
CUST-02341,Male,0,No,No,24,Yes,No,Fiber optic,No,Yes,No,No,Yes,No,One year,Yes,Credit card (automatic),55.33,1333.31,No
CUST-02342,Male,0,Yes,No,32,Yes,Yes,DSL,No,Yes,No,No,Yes,Yes,Month-to-month,Yes,Bank transfer (automatic),83.18,2670.22,No
CUST-02343,Male,0,No,No,59,Yes,Yes,Fiber optic,No,Yes,Yes,Yes,No,No,Month-to-month,Yes,Mailed check,50.84,2997.08,Yes
CUST-02344,Male,1,No,Yes,36,Yes,No,DSL,No,No,No,No,Yes,Yes,Month-to-month,Yes,Bank transfer (automatic),46.06,1656.75,No
CUST-02345,Female,0,Yes,No,42,Yes,Yes,Fiber optic,No,No,Yes,No,No,No,Month-to-month,Yes,Electronic check,98.92,4151.24,No
CUST-02346,Male,1,Yes,No,8,Yes,Yes,DSL,Yes,Yes,Yes,Yes,Yes,Yes,Month-to-month,Yes,Credit card (automatic),112.71,904.37,No
CUST-02347,Female,0,No,Yes,13,Yes,Yes,Fiber optic,No,No,Yes,No,No,Yes,One year,No,Bank transfer (automatic),38.28,488.3,Yes
CUST-02348,Female,0,Yes,No,2,Yes,No,Fiber optic,No,No,Yes,No,Yes,Yes,Month-to-month,Yes,Mailed check,41.53,81.11,No
CUST-02349,Female,0,No,No,68,Yes,Yes,Fiber optic,No,No,Yes,Yes,No,No,Two year,No,Bank transfer (automatic),59.91,4075.34,No
CUST-02350,Female,0,Yes,No,55,Yes,Yes,No,No internet service,No internet service,No internet service,No internet service,No internet service,No internet service,Month-to-month,Yes,Mailed check,88.63,4871.53,No
CUST-02351,Male,0,Yes,No,25,Yes,Yes,DSL,Yes,No,Yes,Yes,Yes,Yes,Month-to-month,Yes,Credit card (automatic),34.71,865.61,No
CUST-02352,Male,0,No,No,52,Yes,Yes,No,No internet service,No internet service,No internet service,No internet service,No internet service,No internet service,One year,Yes,Mailed check,64.79,3374.04,No
CUST-02353,Female,0,Yes,No,40,Yes,No,DSL,Yes,Yes,Yes,Yes,Yes,Yes,Month-to-month,Yes,Credit card (automatic),102.08,4082.92,No
CUST-02354,Female,0,Yes,No,20,Yes,No,Fiber optic,No,Yes,No,Yes,No,No,Month-to-month,Yes,Credit card (automatic),41.41,834.17,No
CUST-02355,Male,0,Yes,Yes,38,Yes,No,DSL,No,No,Yes,Yes,No,No,Month-to-month,Yes,Mailed check,22.77,873.45,No
CUST-02356,Female,0,No,Yes,22,Yes,Yes,Fiber optic,Yes,No,No,No,No,Yes,Two year,Yes,Bank transfer (automatic),108.68,2393.61,No
CUST-02357,Male,0,Yes,No,57,Yes,Yes,No,No internet service,No internet service,No internet service,No internet service,No internet service,No internet service,Month-to-month,No,Electronic check,96.75,5513.3,No
CUST-02358,Female,0,No,Yes,68,Yes,Yes,No,No internet service,No internet service,No internet service,No internet service,No internet service,No internet service,Two year,No,Bank transfer (automatic),87.88,5983.75,Yes
CUST-02359,Male,0,Yes,No,28,Yes,No,DSL,Yes,Yes,Yes,No,Yes,No,Month-to-month,Yes,Mailed check,26.73,735.81,No
CUST-02360,Female,1,No,No,61,Yes,No,DSL,No,Yes,No,No,No,Yes,Two year,Yes,Credit card (automatic),107.93,6575.97,No
CUST-02361,Female,0,Yes,No,52,Yes,Yes,Fiber optic,Yes,No,No,No,Yes,Yes,Month-to-month,Yes,Mailed check,48.53,2527.41,No
CUST-02362,Male,0,Yes,No,44,Yes,Yes,No,No internet service,No internet service,No internet service,No internet service,No internet service,No internet service,One year,No,Bank transfer (automatic),39.15,1734.97,No
CUST-02363,Female,0,No,No,26,Yes,Yes,DSL,No,No,No,No,Yes,No,One year,Yes,Mailed check,66.75,1738.91,No
CUST-02364,Female,0,Yes,No,33,Yes,No,No,No internet service,No internet service,No internet service,No internet service,No internet service,No internet service,Month-to-month,Yes,Credit card (automatic),110.28,3640.16,No
CUST-02365,Male,0,No,Yes,13,Yes,Yes,Fiber optic,No,Yes,No,No,Yes,Yes,One year,No,Mailed check,117.46,1524.65,Yes
CUST-02366,Female,1,Yes,Yes,40,Yes,No,Fiber optic,No,No,No,No,Yes,No,Month-to-month,No,Credit card (automatic),79.41,3179.18,No
CUST-02367,Male,1,No,No,59,Yes,No,Fiber optic,Yes,No,Yes,Yes,No,Yes,Month-to-month,No,Credit card (automatic),113.55,6705.24,No
CUST-02368,Male,0,Yes,Yes,41,Yes,Yes,No,No internet service,No internet service,No internet service,No internet service,No internet service,No internet service,Month-to-month,Yes,Mailed check,63.33,2600.27,No
CUST-02369,Female,0,No,No,50,Yes,Yes,No,No internet service,No internet service,No internet service,No internet service,No internet service,No internet service,Month-to-month,Yes,Bank transfer (automatic),20.97,1048.81,No
CUST-02370,Female,0,Yes,No,10,Yes,Yes,DSL,Yes,Yes,Yes,No,Yes,No,Month-to-month,Yes,Bank transfer (automatic),45.57,460.87,No
CUST-02371,Female,0,No,No,34,Yes,No,Fiber optic,Yes,Yes,No,Yes,No,Yes,One year,Yes,Electronic check,48.18,1639.65,No
CUST-02372,Female,0,No,Yes,18,Yes,Yes,No,No internet service,No internet service,No internet service,No internet service,No internet service,No internet service,Month-to-month,No,Electronic check,96.27,1735.41,No
CUST-02373,Female,0,Yes,No,64,No,No phone service,DSL,No,No,No,Yes,Yes,Yes,One year,No,Bank transfer (automatic),30.42,1951.73,No
CUST-02374,Female,0,No,Yes,60,Yes,No,Fiber optic,Yes,No,Yes,Yes,Yes,Yes,Month-to-month,Yes,Credit card (automatic),35.49,2124.73,Yes
CUST-02375,Female,0,No,No,46,Yes,Yes,DSL,Yes,No,Yes,No,No,Yes,Month-to-month,No,Mailed check,79.43,3653.67,No
CUST-02376,Male,0,Yes,Yes,13,Yes,Yes,Fiber optic,No,Yes,No,No,No,No,Month-to-month,Yes,Mailed check,31.06,404.35,No
CUST-02377,Female,0,Yes,No,66,Yes,No,DSL,No,No,No,No,No,No,Two year,Yes,Mailed check,67.55,4452.3,No
CUST-02378,Male,1,Yes,Yes,51,Yes,No,Fiber optic,Yes,No,No,Yes,No,No,Month-to-month,No,Credit card (automatic),21.51,1091.56,No
CUST-02379,Female,0,Yes,Yes,31,Yes,Yes,Fiber optic,No,No,Yes,Yes,No,Yes,Month-to-month,Yes,Bank transfer (automatic),84.89,2628.46,No
CUST-02380,Female,1,Yes,No,9,Yes,No,DSL,No,Yes,Yes,No,No,Yes,Month-to-month,No,Bank transfer (automatic),108.84,984.77,Yes
CUST-02381,Male,0,Yes,Yes,16,Yes,Yes,Fiber optic,No,Yes,Yes,Yes,Yes,Yes,Month-to-month,Yes,Credit card (automatic),105.49,1686.86,No
CUST-02382,Female,0,No,No,39,Yes,Yes,DSL,No,Yes,Yes,No,No,No,Two year,No,Credit card (automatic),25.36,989.69,No
CUST-02383,Female,1,No,Yes,67,Yes,Yes,No,No internet service,No internet service,No internet service,No internet service,No internet service,No internet service,Month-to-month,Yes,Bank transfer (automatic),77.1,5167.24,No
CUST-02384,Male,0,No,No,62,No,No phone service,Fiber optic,Yes,Yes,No,Yes,Yes,No,Two year,Yes,Mailed check,28.38,1762.72,No
CUST-02385,Female,0,Yes,No,14,Yes,No,Fiber optic,Yes,Yes,No,Yes,Yes,No,Two year,No,Mailed check,23.35,329.41,No
CUST-02386,Female,0,Yes,Yes,38,Yes,Yes,Fiber optic,Yes,No,No,Yes,No,No,One year,No,Mailed check,79.04,3003.86,No
CUST-02387,Female,0,No,No,56,Yes,Yes,DSL,Yes,No,Yes,Yes,Yes,No,Month-to-month,No,Bank transfer (automatic),75.25,4213.31,No
CUST-02388,Male,0,No,No,9,Yes,No,Fiber optic,Yes,Yes,No,No,No,Yes,Month-to-month,Yes,Mailed check,27.38,251.89,Yes
CUST-02389,Female,1,Yes,Yes,70,Yes,No,No,No internet service,No internet service,No internet service,No internet service,No internet service,No internet service,Two year,Yes,Credit card (automatic),53.99,3776.84,No
CUST-02390,Female,1,No,Yes,16,No,No phone service,Fiber optic,No,No,Yes,Yes,Yes,Yes,Month-to-month,Yes,Bank transfer (automatic),49.67,801.52,No
CUST-02391,Female,1,Yes,No,16,Yes,Yes,Fiber optic,No,No,Yes,Yes,Yes,No,Two year,Yes,Bank transfer (automatic),52.25,833.15,No
CUST-02392,Female,0,Yes,No,15,No,No phone service,No,No internet service,No internet service,No internet service,No internet service,No internet service,No internet service,Month-to-month,No,Mailed check,51.32,768.38,Yes
CUST-02393,Male,0,No,No,2,Yes,No,Fiber optic,No,Yes,No,No,No,Yes,Month-to-month,Yes,Electronic check,100.47,204.48,No
CUST-02394,Male,0,Yes,No,50,Yes,Yes,Fiber optic,Yes,Yes,No,No,Yes,Yes,Two year,No,Bank transfer (automatic),53.36,2679.83,No
CUST-02395,Female,1,Yes,No,45,Yes,No,No,No internet service,No internet service,No internet service,No internet service,No internet service,No internet service,One year,No,Credit card (automatic),51.04,2287.12,No
CUST-02396,Female,0,Yes,Yes,54,Yes,No,Fiber optic,Yes,Yes,No,No,Yes,No,One year,Yes,Bank transfer (automatic),20.96,1136.17,No
CUST-02397,Male,0,Yes,No,25,Yes,No,DSL,No,No,Yes,Yes,No,Yes,Month-to-month,Yes,Mailed check,97.04,2428.36,No
CUST-02398,Male,0,No,No,30,Yes,No,DSL,No,No,No,Yes,Yes,No,Two year,Yes,Credit card (automatic),83.99,2517.43,No
CUST-02399,Female,0,Yes,No,71,No,No phone service,Fiber optic,No,Yes,No,Yes,No,Yes,Month-to-month,No,Electronic check,52.14,3703.74,No
CUST-02400,Male,0,Yes,No,18,Yes,Yes,Fiber optic,No,No,No,Yes,No,No,Two year,Yes,Electronic check,63.18,1131.24,No
CUST-02401,Female,1,No,No,67,Yes,Yes,DSL,Yes,No,No,No,Yes,Yes,Two year,No,Mailed check,97.41,6522.51,No
CUST-02402,Male,1,Yes,No,14,Yes,Yes,DSL,No,No,Yes,Yes,Yes,Yes,Month-to-month,Yes,Credit card (automatic),52.42,736.02,No
CUST-02403,Male,0,Yes,No,57,Yes,No,No,No internet service,No internet service,No internet service,No internet service,No internet service,No internet service,Month-to-month,Yes,Credit card (automatic),65.34,3719.34,No
CUST-02404,Male,0,No,Yes,29,Yes,No,DSL,No,No,Yes,No,No,No,Month-to-month,No,Electronic check,19.98,580.18,No
CUST-02405,Male,1,No,Yes,47,Yes,No,Fiber optic,Yes,Yes,No,Yes,Yes,Yes,Month-to-month,Yes,Mailed check,109.83,5158.69,No
CUST-02406,Female,0,Yes,No,55,Yes,No,DSL,Yes,Yes,Yes,Yes,No,No,Month-to-month,No,Mailed check,55.12,3029.33,No
CUST-02407,Male,0,Yes,No,41,Yes,Yes,Fiber optic,No,No,No,Yes,Yes,Yes,Month-to-month,Yes,Electronic check,47.64,1958.62,Yes
CUST-02408,Male,0,No,Yes,23,No,No phone service,Fiber optic,No,Yes,Yes,Yes,Yes,No,One year,Yes,Bank transfer (automatic),78.91,1809.1,No
CUST-02409,Female,0,Yes,No,51,Yes,No,No,No internet service,No internet service,No internet service,No internet service,No internet service,No internet service,Two year,No,Electronic check,70.67,3604.0,No
CUST-02410,Male,0,Yes,No,42,Yes,Yes,No,No internet service,No internet service,No internet service,No internet service,No internet service,No internet service,Month-to-month,Yes,Credit card (automatic),58.09,2442.17,No
CUST-02411,Male,0,Yes,Yes,33,Yes,Yes,DSL,No,Yes,Yes,Yes,Yes,Yes,One year,No,Bank transfer (automatic),110.24,3639.21,No
CUST-02412,Female,0,No,Yes,59,Yes,No,Fiber optic,Yes,No,Yes,No,Yes,Yes,Month-to-month,No,Bank transfer (automatic),54.3,3200.74,No
CUST-02413,Male,0,Yes,No,2,Yes,Yes,Fiber optic,Yes,Yes,Yes,Yes,Yes,Yes,One year,No,Bank transfer (automatic),117.84,237.51,No
CUST-02414,Female,1,No,No,67,Yes,Yes,DSL,No,No,No,No,Yes,Yes,One year,Yes,Credit card (automatic),96.91,6487.82,No
CUST-02415,Female,0,No,No,10,Yes,No,Fiber optic,Yes,No,No,Yes,Yes,Yes,Two year,No,Electronic check,108.33,1080.87,No
CUST-02416,Female,1,No,No,12,Yes,No,No,No internet service,No internet service,No internet service,No internet service,No internet service,No internet service,One year,No,Bank transfer (automatic),46.28,563.31,No
CUST-02417,Female,0,No,No,49,Yes,No,Fiber optic,No,Yes,No,No,Yes,No,Month-to-month,No,Mailed check,25.02,1229.18,No
CUST-02418,Male,0,Yes,Yes,18,Yes,Yes,Fiber optic,No,Yes,No,No,Yes,No,Two year,Yes,Mailed check,59.92,1078.57,No
CUST-02419,Female,0,No,No,43,Yes,No,Fiber optic,No,No,Yes,No,No,Yes,Month-to-month,Yes,Bank transfer (automatic),49.34,2123.87,No
CUST-02420,Male,1,Yes,No,32,Yes,No,Fiber optic,Yes,Yes,No,No,No,No,Two year,No,Electronic check,24.07,766.21,No
CUST-02421,Male,0,No,No,37,Yes,Yes,Fiber optic,No,No,No,No,No,No,Two year,Yes,Credit card (automatic),25.15,931.96,No
CUST-02422,Male,0,No,Yes,2,Yes,Yes,Fiber optic,No,Yes,Yes,Yes,Yes,No,Month-to-month,No,Bank transfer (automatic),35.43,68.6,No
CUST-02423,Male,0,Yes,Yes,64,Yes,No,Fiber optic,Yes,No,Yes,Yes,No,No,Month-to-month,No,Credit card (automatic),55.78,3567.02,No
CUST-02424,Male,0,No,No,34,Yes,Yes,DSL,Yes,No,No,Yes,Yes,Yes,Month-to-month,Yes,Mailed check,111.52,3791.06,No
CUST-02425,Male,0,No,No,35,Yes,Yes,No,No internet service,No internet service,No internet service,No internet service,No internet service,No internet service,Month-to-month,No,Mailed check,83.78,2929.29,No
CUST-02426,Male,1,Yes,No,37,Yes,No,DSL,Yes,Yes,No,Yes,No,No,Month-to-month,Yes,Bank transfer (automatic),57.84,2140.79,No
CUST-02427,Male,1,No,No,38,Yes,No,Fiber optic,No,No,No,Yes,Yes,Yes,Two year,Yes,Credit card (automatic),97.94,3723.8,No
CUST-02428,Male,0,No,No,24,Yes,Yes,No,No internet service,No internet service,No internet service,No internet service,No internet service,No internet service,Two year,Yes,Electronic check,74.85,1795.04,No
CUST-02429,Male,1,No,No,63,Yes,No,Fiber optic,No,Yes,Yes,Yes,No,Yes,One year,No,Mailed check,59.74,3749.36,No
CUST-02430,Female,0,Yes,No,12,Yes,Yes,DSL,Yes,Yes,No,Yes,Yes,No,Month-to-month,Yes,Credit card (automatic),32.44,384.94,Yes
CUST-02431,Female,0,No,No,67,Yes,Yes,No,No internet service,No internet service,No internet service,No internet service,No internet service,No internet service,Two year,No,Electronic check,110.7,7411.49,No
CUST-02432,Female,0,Yes,No,69,Yes,Yes,No,No internet service,No internet service,No internet service,No internet service,No internet service,No internet service,One year,No,Credit card (automatic),80.39,5548.76,Yes
CUST-02433,Male,0,Yes,Yes,0,Yes,Yes,Fiber optic,Yes,No,No,No,Yes,No,Month-to-month,No,Mailed check,61.93,0.0,No
CUST-02434,Female,0,Yes,Yes,71,Yes,No,Fiber optic,No,No,Yes,Yes,No,Yes,Two year,No,Mailed check,61.83,4387.43,No
CUST-02435,Female,1,No,No,53,Yes,Yes,Fiber optic,No,Yes,No,No,Yes,Yes,One year,No,Bank transfer (automatic),94.5,5012.7,No
CUST-02436,Female,0,No,No,8,No,No phone service,Fiber optic,No,Yes,No,Yes,No,Yes,One year,Yes,Credit card (automatic),35.95,283.7,Yes
CUST-02437,Male,0,No,No,35,Yes,Yes,Fiber optic,Yes,No,Yes,No,No,No,Two year,No,Mailed check,59.75,2092.26,No
CUST-02438,Male,0,No,No,36,No,No phone service,DSL,Yes,No,Yes,No,No,Yes,Two year,Yes,Credit card (automatic),24.3,871.71,No
CUST-02439,Male,1,Yes,No,58,Yes,No,DSL,No,Yes,Yes,Yes,Yes,No,Month-to-month,Yes,Bank transfer (automatic),25.99,1505.06,No
CUST-02440,Male,0,Yes,No,20,No,No phone service,DSL,Yes,Yes,No,Yes,Yes,No,Month-to-month,Yes,Mailed check,70.63,1406.78,No
CUST-02441,Female,0,No,No,19,No,No phone service,DSL,Yes,Yes,Yes,No,No,Yes,Month-to-month,No,Mailed check,56.08,1062.91,No
CUST-02442,Female,0,No,Yes,0,Yes,Yes,No,No internet service,No internet service,No internet service,No internet service,No internet service,No internet service,Month-to-month,Yes,Electronic check,89.95,2.54,No
CUST-02443,Female,0,Yes,No,58,Yes,No,Fiber optic,No,No,Yes,Yes,Yes,No,Month-to-month,Yes,Bank transfer (automatic),116.67,6762.03,No
CUST-02444,Female,0,No,No,27,Yes,No,Fiber optic,No,No,Yes,Yes,No,No,Month-to-month,No,Credit card (automatic),103.94,2802.8,Yes
CUST-02445,Male,0,No,No,70,No,No phone service,No,No internet service,No internet service,No internet service,No internet service,No internet service,No internet service,Month-to-month,No,Credit card (automatic),62.19,4364.25,No
CUST-02446,Male,0,No,No,55,Yes,Yes,DSL,Yes,Yes,Yes,No,Yes,No,Month-to-month,Yes,Electronic check,55.79,3069.73,No
CUST-02447,Male,0,No,Yes,8,Yes,No,No,No internet service,No internet service,No internet service,No internet service,No internet service,No internet service,Two year,Yes,Bank transfer (automatic),76.51,613.77,No
CUST-02448,Female,0,No,No,64,Yes,Yes,No,No internet service,No internet service,No internet service,No internet service,No internet service,No internet service,One year,Yes,Credit card (automatic),27.17,1735.75,No
CUST-02449,Male,0,No,No,35,Yes,No,No,No internet service,No internet service,No internet service,No internet service,No internet service,No internet service,Month-to-month,No,Credit card (automatic),116.77,4092.16,No
CUST-02450,Male,0,Yes,No,33,Yes,No,DSL,No,Yes,No,Yes,Yes,No,Month-to-month,Yes,Electronic check,116.1,3837.32,No
CUST-02451,Female,1,Yes,No,31,Yes,No,DSL,No,No,Yes,No,No,Yes,Two year,Yes,Mailed check,110.3,3416.28,No
CUST-02452,Female,0,Yes,No,65,Yes,Yes,Fiber optic,No,Yes,No,No,Yes,No,Month-to-month,Yes,Credit card (automatic),84.22,5479.64,No
CUST-02453,Male,1,Yes,No,24,No,No phone service,DSL,Yes,No,No,No,No,Yes,Month-to-month,No,Bank transfer (automatic),68.31,1646.14,No
CUST-02454,Male,0,No,Yes,50,Yes,No,Fiber optic,No,Yes,No,Yes,No,Yes,Two year,No,Credit card (automatic),88.67,4423.16,Yes
CUST-02455,Male,0,No,No,62,Yes,Yes,DSL,Yes,Yes,Yes,No,No,Yes,One year,Yes,Credit card (automatic),49.44,3069.58,No
CUST-02456,Male,0,Yes,No,44,Yes,No,Fiber optic,No,No,No,Yes,No,Yes,Month-to-month,Yes,Bank transfer (automatic),103.22,4537.86,No
CUST-02457,Male,1,Yes,No,25,No,No phone service,Fiber optic,No,No,No,No,No,Yes,Month-to-month,No,Bank transfer (automatic),31.46,793.13,No
CUST-02458,Male,0,Yes,No,20,Yes,Yes,Fiber optic,No,No,Yes,No,No,Yes,Month-to-month,Yes,Mailed check,98.35,1963.0,No
CUST-02459,Female,0,Yes,No,50,Yes,Yes,DSL,No,Yes,Yes,No,Yes,No,One year,No,Credit card (automatic),104.75,5240.53,No
CUST-02460,Female,1,Yes,No,23,Yes,No,No,No internet service,No internet service,No internet service,No internet service,No internet service,No internet service,One year,Yes,Mailed check,35.02,796.66,No
CUST-02461,Female,0,No,Yes,11,Yes,No,DSL,No,Yes,No,Yes,No,No,Month-to-month,No,Bank transfer (automatic),65.86,730.04,No
CUST-02462,Male,0,No,No,10,Yes,Yes,DSL,Yes,Yes,No,No,No,No,Month-to-month,No,Electronic check,107.17,1072.07,Yes
CUST-02463,Female,0,Yes,Yes,26,Yes,Yes,Fiber optic,No,No,Yes,No,Yes,No,One year,No,Electronic check,113.93,2968.64,No
CUST-02464,Male,0,Yes,Yes,22,Yes,Yes,Fiber optic,Yes,No,Yes,No,Yes,Yes,Month-to-month,Yes,Mailed check,99.14,2177.5,No
CUST-02465,Male,0,No,No,32,Yes,No,Fiber optic,No,No,No,No,No,Yes,Two year,Yes,Credit card (automatic),112.09,3587.95,No
CUST-02466,Female,0,No,Yes,37,No,No phone service,No,No internet service,No internet service,No internet service,No internet service,No internet service,No internet service,Month-to-month,Yes,Mailed check,111.7,4140.5,No
CUST-02467,Male,0,No,No,54,Yes,Yes,No,No internet service,No internet service,No internet service,No internet service,No internet service,No internet service,Month-to-month,No,Credit card (automatic),115.97,6262.25,No
CUST-02468,Male,0,Yes,No,69,Yes,No,DSL,Yes,Yes,Yes,No,No,Yes,Month-to-month,Yes,Electronic check,59.34,4096.61,No
CUST-02469,Female,1,No,No,41,Yes,No,Fiber optic,No,No,Yes,Yes,No,No,Two year,No,Electronic check,46.69,1917.79,No
CUST-02470,Female,1,Yes,No,28,Yes,Yes,Fiber optic,Yes,No,No,No,Yes,Yes,One year,No,Mailed check,81.29,2268.36,No
CUST-02471,Female,0,Yes,No,33,Yes,Yes,No,No internet service,No internet service,No internet service,No internet service,No internet service,No internet service,Two year,Yes,Credit card (automatic),36.89,1214.76,No
CUST-02472,Male,0,No,No,56,Yes,Yes,Fiber optic,Yes,No,Yes,Yes,Yes,Yes,Month-to-month,Yes,Credit card (automatic),73.7,4132.89,No
CUST-02473,Female,0,No,No,2,Yes,Yes,Fiber optic,No,Yes,Yes,No,Yes,No,One year,Yes,Credit card (automatic),75.93,141.62,No
CUST-02474,Female,0,No,Yes,5,Yes,No,Fiber optic,Yes,No,No,No,Yes,Yes,Month-to-month,No,Credit card (automatic),98.64,498.79,No
CUST-02475,Male,0,Yes,No,47,Yes,Yes,Fiber optic,Yes,No,No,Yes,No,Yes,One year,No,Electronic check,54.18,2543.52,No
CUST-02476,Female,0,No,No,63,Yes,No,No,No internet service,No internet service,No internet service,No internet service,No internet service,No internet service,Month-to-month,Yes,Electronic check,78.18,4935.62,No
CUST-02477,Female,0,No,No,12,Yes,No,DSL,Yes,Yes,No,No,Yes,Yes,Month-to-month,Yes,Electronic check,108.33,1302.14,No
CUST-02478,Female,0,Yes,No,35,Yes,Yes,No,No internet service,No internet service,No internet service,No internet service,No internet service,No internet service,Two year,Yes,Mailed check,60.18,2102.3,No
CUST-02479,Male,0,No,No,69,Yes,No,Fiber optic,Yes,Yes,No,Yes,No,Yes,One year,Yes,Electronic check,75.17,5191.63,No
CUST-02480,Male,1,No,No,32,Yes,Yes,Fiber optic,Yes,Yes,Yes,Yes,No,No,Two year,No,Bank transfer (automatic),96.74,3102.85,No
CUST-02481,Male,0,Yes,No,56,Yes,No,Fiber optic,No,Yes,Yes,No,Yes,No,Month-to-month,No,Mailed check,42.96,2408.78,No
CUST-02482,Male,0,Yes,No,54,No,No phone service,DSL,Yes,Yes,Yes,Yes,No,No,Month-to-month,Yes,Bank transfer (automatic),28.34,1528.13,No
CUST-02483,Female,0,Yes,Yes,12,Yes,No,No,No internet service,No internet service,No internet service,No internet service,No internet service,No internet service,Two year,Yes,Credit card (automatic),86.18,1041.35,No
CUST-02484,Male,0,Yes,No,50,Yes,No,DSL,No,Yes,No,No,No,Yes,Month-to-month,Yes,Bank transfer (automatic),55.05,2747.86,No
CUST-02485,Male,0,Yes,Yes,52,Yes,Yes,DSL,Yes,No,Yes,Yes,No,Yes,Month-to-month,No,Credit card (automatic),56.16,2925.68,No
CUST-02486,Female,0,No,No,35,Yes,No,DSL,Yes,Yes,No,Yes,Yes,Yes,Month-to-month,Yes,Electronic check,111.01,3873.31,No
CUST-02487,Female,0,No,No,4,Yes,No,DSL,No,No,Yes,Yes,No,Yes,Month-to-month,Yes,Bank transfer (automatic),58.79,235.75,Yes
CUST-02488,Female,0,Yes,Yes,24,Yes,No,Fiber optic,Yes,Yes,Yes,Yes,No,No,Two year,Yes,Mailed check,113.37,2718.09,No
CUST-02489,Male,0,No,No,36,Yes,No,DSL,Yes,No,Yes,No,No,Yes,Month-to-month,Yes,Credit card (automatic),28.64,1024.18,No
CUST-02490,Male,0,No,No,18,Yes,No,Fiber optic,No,Yes,Yes,No,Yes,Yes,Two year,Yes,Mailed check,52.3,947.92,Yes
CUST-02491,Male,1,Yes,No,34,Yes,No,Fiber optic,No,Yes,Yes,No,No,Yes,Two year,Yes,Mailed check,87.29,2957.12,No
CUST-02492,Female,0,Yes,Yes,33,Yes,No,No,No internet service,No internet service,No internet service,No internet service,No internet service,No internet service,Month-to-month,No,Mailed check,30.6,1016.72,No
CUST-02493,Female,0,Yes,No,53,Yes,No,DSL,Yes,No,Yes,Yes,Yes,Yes,Two year,Yes,Electronic check,56.7,2997.44,No
CUST-02494,Male,1,No,No,45,Yes,No,DSL,Yes,No,No,No,No,No,One year,Yes,Mailed check,103.17,4647.92,No
CUST-02495,Female,0,Yes,No,5,Yes,Yes,DSL,Yes,No,No,Yes,Yes,Yes,Two year,No,Bank transfer (automatic),94.18,467.0,No
CUST-02496,Female,0,No,No,0,Yes,No,No,No internet service,No internet service,No internet service,No internet service,No internet service,No internet service,Two year,No,Electronic check,46.21,0.0,No
CUST-02497,Female,0,No,No,70,Yes,No,Fiber optic,No,No,No,Yes,Yes,Yes,Month-to-month,No,Credit card (automatic),53.65,3753.24,Yes
CUST-02498,Male,0,No,No,33,Yes,Yes,Fiber optic,Yes,Yes,Yes,Yes,Yes,No,Two year,Yes,Credit card (automatic),68.51,2263.65,No
CUST-02499,Female,0,No,No,55,Yes,No,Fiber optic,No,No,No,Yes,No,Yes,Month-to-month,Yes,Mailed check,91.13,5007.66,No
CUST-02500,Female,0,Yes,Yes,25,Yes,No,DSL,No,No,No,Yes,No,Yes,One year,Yes,Credit card (automatic),33.19,831.05,No
CUST-02501,Male,1,No,Yes,41,Yes,Yes,DSL,No,Yes,No,No,Yes,Yes,Month-to-month,Yes,Credit card (automatic),70.77,2905.02,No
CUST-02502,Male,1,Yes,Yes,37,Yes,No,No,No internet service,No internet service,No internet service,No internet service,No internet service,No internet service,One year,No,Bank transfer (automatic),25.34,945.05,No
CUST-02503,Female,0,No,No,25,Yes,Yes,DSL,No,No,No,No,Yes,Yes,Month-to-month,Yes,Bank transfer (automatic),57.78,1444.82,No
CUST-02504,Female,0,Yes,No,58,No,No phone service,No,No internet service,No internet service,No internet service,No internet service,No internet service,No internet service,Month-to-month,No,Mailed check,37.1,2157.63,Yes
CUST-02505,Male,0,Yes,No,23,Yes,No,No,No internet service,No internet service,No internet service,No internet service,No internet service,No internet service,One year,Yes,Mailed check,48.9,1128.95,No
CUST-02506,Male,0,Yes,No,20,Yes,Yes,Fiber optic,No,No,No,No,Yes,Yes,Month-to-month,Yes,Bank transfer (automatic),51.15,1022.54,No
CUST-02507,Female,0,No,No,59,Yes,Yes,No,No internet service,No internet service,No internet service,No internet service,No internet service,No internet service,One year,No,Bank transfer (automatic),95.01,5611.33,No
CUST-02508,Female,0,No,No,19,Yes,No,DSL,Yes,No,Yes,No,No,Yes,Two year,Yes,Mailed check,44.52,850.35,No
CUST-02509,Female,1,No,Yes,5,Yes,No,DSL,Yes,No,No,Yes,Yes,Yes,Month-to-month,No,Bank transfer (automatic),84.38,421.07,No
CUST-02510,Female,1,Yes,Yes,66,Yes,Yes,DSL,Yes,No,No,Yes,No,Yes,One year,Yes,Mailed check,71.33,4711.35,No
CUST-02511,Male,0,No,No,9,No,No phone service,DSL,Yes,No,Yes,No,No,No,One year,Yes,Electronic check,98.42,887.14,No
CUST-02512,Female,0,No,No,11,Yes,Yes,DSL,Yes,Yes,No,Yes,No,Yes,Two year,Yes,Electronic check,50.16,554.5,No
CUST-02513,Female,0,No,No,21,Yes,Yes,Fiber optic,Yes,No,Yes,No,No,Yes,One year,No,Credit card (automatic),117.47,2476.28,No
CUST-02514,Male,0,Yes,No,61,Yes,No,DSL,No,No,No,Yes,Yes,Yes,Month-to-month,No,Credit card (automatic),47.58,2898.36,No
CUST-02515,Female,0,No,No,60,Yes,Yes,Fiber optic,No,No,No,Yes,No,No,Month-to-month,No,Mailed check,75.95,4558.27,No
CUST-02516,Male,0,No,No,16,Yes,No,DSL,No,No,Yes,No,Yes,Yes,Two year,No,Mailed check,81.22,1299.67,No
CUST-02517,Female,0,Yes,No,9,Yes,No,DSL,Yes,Yes,No,No,No,Yes,Month-to-month,Yes,Mailed check,71.82,650.32,Yes
CUST-02518,Female,0,Yes,Yes,11,Yes,No,Fiber optic,No,No,Yes,Yes,Yes,Yes,Month-to-month,No,Credit card (automatic),103.88,1140.42,No
CUST-02519,Male,0,Yes,No,39,Yes,No,Fiber optic,Yes,No,No,No,Yes,Yes,Two year,No,Bank transfer (automatic),29.3,1139.87,No
CUST-02520,Male,0,Yes,No,22,Yes,Yes,No,No internet service,No internet service,No internet service,No internet service,No internet service,No internet service,Month-to-month,No,Bank transfer (automatic),77.73,1709.74,No
CUST-02521,Female,0,Yes,No,39,No,No phone service,No,No internet service,No internet service,No internet service,No internet service,No internet service,No internet service,Month-to-month,Yes,Credit card (automatic),68.63,2678.95,No
CUST-02522,Female,0,Yes,Yes,49,Yes,No,Fiber optic,Yes,No,Yes,No,Yes,Yes,Two year,Yes,Electronic check,59.72,2923.99,No
CUST-02523,Female,0,No,No,9,Yes,No,No,No internet service,No internet service,No internet service,No internet service,No internet service,No internet service,One year,Yes,Mailed check,52.62,460.31,No
CUST-02524,Male,1,No,No,3,Yes,Yes,DSL,No,Yes,No,No,Yes,No,Month-to-month,No,Mailed check,33.29,95.11,No
CUST-02525,Female,0,Yes,No,0,Yes,No,Fiber optic,No,No,Yes,Yes,No,Yes,Month-to-month,No,Credit card (automatic),83.0,7.07,No
CUST-02526,Male,0,No,Yes,42,Yes,Yes,Fiber optic,No,No,Yes,No,No,No,Month-to-month,No,Mailed check,29.77,1258.07,Yes
CUST-02527,Male,0,Yes,Yes,4,Yes,Yes,Fiber optic,Yes,No,No,Yes,No,Yes,Month-to-month,No,Bank transfer (automatic),100.93,401.24,No
CUST-02528,Female,0,No,No,33,Yes,Yes,Fiber optic,No,No,No,Yes,Yes,No,Month-to-month,No,Mailed check,62.77,2080.4,No
CUST-02529,Male,0,Yes,No,65,No,No phone service,No,No internet service,No internet service,No internet service,No internet service,No internet service,No internet service,Month-to-month,No,Bank transfer (automatic),78.54,5103.47,No
CUST-02530,Female,0,Yes,Yes,23,Yes,No,Fiber optic,No,Yes,No,No,Yes,Yes,Month-to-month,Yes,Credit card (automatic),25.78,585.27,No
CUST-02531,Female,0,No,No,13,Yes,No,DSL,No,No,Yes,Yes,Yes,Yes,Two year,No,Electronic check,27.34,353.89,No
CUST-02532,Female,0,No,Yes,40,Yes,Yes,Fiber optic,Yes,Yes,Yes,Yes,No,No,Two year,Yes,Mailed check,41.59,1667.23,No
CUST-02533,Female,0,No,No,41,Yes,Yes,Fiber optic,Yes,Yes,No,Yes,No,Yes,Month-to-month,Yes,Credit card (automatic),95.97,3931.94,Yes
CUST-02534,Female,0,No,No,12,Yes,No,Fiber optic,Yes,No,Yes,Yes,Yes,Yes,Month-to-month,Yes,Mailed check,66.58,801.98,No
CUST-02535,Male,0,No,No,28,Yes,Yes,DSL,No,No,Yes,Yes,No,Yes,Two year,Yes,Bank transfer (automatic),49.09,1375.85,No
CUST-02536,Male,0,No,No,64,Yes,Yes,No,No internet service,No internet service,No internet service,No internet service,No internet service,No internet service,Month-to-month,Yes,Mailed check,102.95,6587.37,No
CUST-02537,Female,0,No,No,45,Yes,Yes,No,No internet service,No internet service,No internet service,No internet service,No internet service,No internet service,One year,Yes,Credit card (automatic),37.19,1677.43,No
CUST-02538,Female,0,No,No,33,Yes,No,Fiber optic,Yes,Yes,No,No,No,No,Two year,Yes,Credit card (automatic),43.95,1456.5,No
CUST-02539,Male,0,Yes,No,62,Yes,Yes,DSL,No,Yes,No,Yes,No,No,Month-to-month,Yes,Bank transfer (automatic),95.67,5932.45,No
CUST-02540,Male,1,No,No,3,Yes,Yes,Fiber optic,Yes,No,Yes,Yes,No,Yes,Month-to-month,No,Mailed check,20.7,65.05,Yes
CUST-02541,Male,0,No,No,27,No,No phone service,Fiber optic,No,No,No,Yes,Yes,No,Two year,Yes,Electronic check,40.03,1073.53,No
CUST-02542,Male,1,Yes,No,0,Yes,No,Fiber optic,Yes,Yes,No,No,Yes,Yes,One year,Yes,Credit card (automatic),70.13,6.96,No
CUST-02543,Female,1,Yes,Yes,35,No,No phone service,DSL,No,No,Yes,Yes,No,Yes,Month-to-month,Yes,Mailed check,109.5,3829.84,No
CUST-02544,Female,0,Yes,Yes,12,Yes,No,Fiber optic,Yes,Yes,No,No,No,No,Two year,Yes,Bank transfer (automatic),44.59,530.77,No
CUST-02545,Male,0,Yes,No,4,No,No phone service,Fiber optic,No,No,Yes,Yes,No,No,Two year,No,Credit card (automatic),39.31,161.67,No
CUST-02546,Female,0,No,No,13,Yes,No,No,No internet service,No internet service,No internet service,No internet service,No internet service,No internet service,Month-to-month,Yes,Mailed check,115.49,1499.45,No
CUST-02547,Male,1,No,Yes,31,Yes,No,Fiber optic,No,No,No,Yes,Yes,No,Month-to-month,No,Bank transfer (automatic),70.45,2180.48,No
CUST-02548,Female,0,Yes,No,49,Yes,Yes,No,No internet service,No internet service,No internet service,No internet service,No internet service,No internet service,Month-to-month,Yes,Mailed check,24.25,1186.78,No
CUST-02549,Male,0,Yes,No,26,Yes,Yes,No,No internet service,No internet service,No internet service,No internet service,No internet service,No internet service,Two year,Yes,Bank transfer (automatic),45.65,1180.82,No
CUST-02550,Female,0,No,No,34,Yes,No,Fiber optic,Yes,No,Yes,Yes,No,No,Month-to-month,No,Mailed check,71.37,2423.06,No
CUST-02551,Male,0,No,Yes,2,Yes,Yes,Fiber optic,No,Yes,Yes,No,Yes,No,Month-to-month,No,Electronic check,25.2,55.51,Yes
CUST-02552,Male,0,No,No,3,Yes,Yes,DSL,Yes,Yes,No,No,Yes,No,Month-to-month,No,Mailed check,87.26,267.61,No
CUST-02553,Female,0,No,No,6,Yes,No,Fiber optic,No,Yes,No,No,Yes,No,Month-to-month,Yes,Bank transfer (automatic),70.25,421.83,No
CUST-02554,Male,0,Yes,No,2,Yes,No,DSL,Yes,No,No,No,Yes,No,Two year,No,Electronic check,88.97,174.54,No
CUST-02555,Female,1,No,Yes,58,Yes,Yes,DSL,Yes,No,Yes,No,No,Yes,Two year,Yes,Electronic check,52.17,3027.93,No
CUST-02556,Female,0,Yes,No,0,Yes,Yes,No,No internet service,No internet service,No internet service,No internet service,No internet service,No internet service,Month-to-month,Yes,Credit card (automatic),60.0,0.0,No
CUST-02557,Male,0,Yes,No,27,Yes,Yes,No,No internet service,No internet service,No internet service,No internet service,No internet service,No internet service,Two year,Yes,Credit card (automatic),110.81,2997.72,No
CUST-02558,Female,0,Yes,No,58,No,No phone service,DSL,Yes,Yes,Yes,Yes,Yes,Yes,Month-to-month,Yes,Credit card (automatic),39.07,2265.71,No
CUST-02559,Female,0,No,No,52,Yes,No,Fiber optic,No,Yes,Yes,No,Yes,Yes,One year,No,Bank transfer (automatic),21.95,1136.23,No
CUST-02560,Female,0,Yes,No,9,No,No phone service,Fiber optic,No,Yes,Yes,No,Yes,Yes,Two year,Yes,Bank transfer (automatic),116.22,1053.42,Yes
CUST-02561,Female,0,No,No,70,Yes,No,Fiber optic,Yes,Yes,No,No,Yes,Yes,Month-to-month,No,Mailed check,18.74,1312.01,No
CUST-02562,Female,0,Yes,Yes,2,No,No phone service,DSL,No,Yes,No,No,Yes,No,Two year,No,Electronic check,106.82,211.51,No
CUST-02563,Male,0,No,No,6,Yes,No,Fiber optic,Yes,No,No,Yes,No,No,One year,Yes,Bank transfer (automatic),100.6,613.85,No
CUST-02564,Female,0,Yes,Yes,8,Yes,Yes,Fiber optic,No,No,Yes,Yes,No,Yes,One year,Yes,Mailed check,66.76,531.45,No
CUST-02565,Female,0,Yes,Yes,68,Yes,No,DSL,Yes,No,Yes,Yes,Yes,Yes,Month-to-month,No,Mailed check,88.53,6023.78,No
CUST-02566,Female,0,No,No,12,Yes,Yes,Fiber optic,No,No,No,Yes,No,Yes,Two year,Yes,Bank transfer (automatic),28.51,345.59,No
CUST-02567,Female,0,No,No,39,Yes,Yes,No,No internet service,No internet service,No internet service,No internet service,No internet service,No internet service,Two year,Yes,Electronic check,94.37,3676.19,No
CUST-02568,Female,0,Yes,No,61,Yes,No,No,No internet service,No internet service,No internet service,No internet service,No internet service,No internet service,Month-to-month,Yes,Bank transfer (automatic),96.38,5878.48,No
CUST-02569,Male,0,Yes,No,61,Yes,No,Fiber optic,No,Yes,Yes,Yes,Yes,No,One year,No,Mailed check,23.13,1409.67,No
CUST-02570,Female,0,No,No,9,Yes,Yes,DSL,Yes,Yes,No,Yes,No,No,One year,Yes,Bank transfer (automatic),67.72,600.65,No
CUST-02571,Male,0,Yes,Yes,10,Yes,Yes,Fiber optic,No,No,No,No,Yes,Yes,Two year,Yes,Credit card (automatic),112.81,1118.28,No
CUST-02572,Male,1,No,Yes,61,Yes,No,No,No internet service,No internet service,No internet service,No internet service,No internet service,No internet service,Month-to-month,No,Mailed check,113.11,6888.83,No
CUST-02573,Male,1,No,Yes,55,Yes,Yes,Fiber optic,No,No,Yes,No,Yes,No,One year,Yes,Bank transfer (automatic),116.45,6402.5,No
CUST-02574,Male,0,Yes,No,48,Yes,Yes,No,No internet service,No internet service,No internet service,No internet service,No internet service,No internet service,Month-to-month,Yes,Bank transfer (automatic),83.67,4011.19,No
CUST-02575,Female,0,No,Yes,15,Yes,Yes,DSL,Yes,No,Yes,Yes,No,Yes,Month-to-month,No,Electronic check,32.11,476.99,Yes
CUST-02576,Male,0,Yes,No,8,Yes,No,Fiber optic,No,Yes,No,Yes,Yes,Yes,Month-to-month,No,Electronic check,59.29,472.22,Yes
CUST-02577,Male,0,No,No,32,Yes,Yes,DSL,Yes,Yes,No,Yes,No,No,Month-to-month,No,Credit card (automatic),90.69,2902.1,No
CUST-02578,Female,0,No,Yes,34,No,No phone service,No,No internet service,No internet service,No internet service,No internet service,No internet service,No internet service,Month-to-month,Yes,Mailed check,46.38,1575.36,No
CUST-02579,Female,0,Yes,Yes,38,Yes,Yes,DSL,No,No,Yes,No,No,No,Two year,Yes,Credit card (automatic),99.01,3758.86,No
CUST-02580,Female,0,No,No,24,Yes,No,DSL,No,Yes,Yes,No,No,No,Two year,No,Credit card (automatic),104.14,2509.01,No
CUST-02581,Male,0,Yes,No,55,Yes,No,Fiber optic,Yes,No,Yes,Yes,No,Yes,Month-to-month,Yes,Credit card (automatic),94.35,5188.24,No
CUST-02582,Female,0,No,No,47,Yes,No,Fiber optic,Yes,Yes,Yes,Yes,Yes,No,Month-to-month,Yes,Electronic check,52.21,2458.86,No
CUST-02583,Female,0,No,No,9,Yes,Yes,No,No internet service,No internet service,No internet service,No internet service,No internet service,No internet service,Two year,Yes,Bank transfer (automatic),92.15,823.17,No
CUST-02584,Male,0,No,No,40,Yes,Yes,Fiber optic,No,Yes,Yes,Yes,No,No,Month-to-month,No,Credit card (automatic),25.23,1015.88,No
CUST-02585,Female,0,No,No,58,Yes,Yes,No,No internet service,No internet service,No internet service,No internet service,No internet service,No internet service,One year,No,Electronic check,51.52,2985.42,No
CUST-02586,Female,0,Yes,No,27,Yes,Yes,DSL,Yes,No,Yes,Yes,No,No,Month-to-month,Yes,Bank transfer (automatic),94.56,2567.13,No
CUST-02587,Female,0,No,No,40,Yes,Yes,Fiber optic,Yes,Yes,No,No,Yes,No,Two year,Yes,Bank transfer (automatic),97.48,3892.64,No
CUST-02588,Female,0,No,No,65,Yes,Yes,No,No internet service,No internet service,No internet service,No internet service,No internet service,No internet service,One year,Yes,Mailed check,49.88,3236.86,No
CUST-02589,Male,0,No,No,50,Yes,No,Fiber optic,Yes,Yes,No,No,Yes,No,Month-to-month,Yes,Electronic check,114.03,5700.56,No
CUST-02590,Female,0,Yes,No,61,No,No phone service,No,No internet service,No internet service,No internet service,No internet service,No internet service,No internet service,Month-to-month,No,Credit card (automatic),45.33,2763.36,No
CUST-02591,Female,0,Yes,No,29,Yes,No,Fiber optic,Yes,Yes,No,Yes,No,Yes,Month-to-month,Yes,Mailed check,84.0,2430.14,No
CUST-02592,Male,0,Yes,Yes,39,Yes,Yes,Fiber optic,Yes,Yes,Yes,Yes,No,Yes,One year,No,Bank transfer (automatic),105.9,4137.47,No
CUST-02593,Female,1,Yes,No,39,Yes,Yes,Fiber optic,Yes,Yes,Yes,Yes,No,No,Month-to-month,Yes,Credit card (automatic),73.14,2859.3,No
CUST-02594,Male,0,No,No,68,Yes,No,No,No internet service,No internet service,No internet service,No internet service,No internet service,No internet service,Month-to-month,No,Credit card (automatic),59.25,4027.3,No
CUST-02595,Female,0,No,No,61,Yes,No,No,No internet service,No internet service,No internet service,No internet service,No internet service,No internet service,Month-to-month,Yes,Bank transfer (automatic),39.14,2392.59,No
CUST-02596,Male,0,No,Yes,14,Yes,Yes,Fiber optic,Yes,Yes,Yes,No,No,No,Month-to-month,Yes,Mailed check,37.64,534.07,Yes
CUST-02597,Male,0,Yes,No,2,No,No phone service,DSL,No,No,Yes,Yes,Yes,Yes,Month-to-month,No,Mailed check,33.89,67.73,No
CUST-02598,Male,0,Yes,Yes,23,Yes,Yes,DSL,No,No,No,No,Yes,Yes,Two year,Yes,Mailed check,62.3,1429.55,Yes
CUST-02599,Male,0,No,Yes,40,Yes,No,Fiber optic,Yes,Yes,Yes,No,Yes,Yes,Month-to-month,Yes,Bank transfer (automatic),72.79,2918.01,No
CUST-02600,Female,0,No,Yes,62,Yes,Yes,DSL,Yes,No,No,Yes,Yes,No,Two year,Yes,Electronic check,101.9,6323.43,No
CUST-02601,Male,0,No,No,47,Yes,Yes,Fiber optic,No,Yes,No,Yes,Yes,No,Month-to-month,Yes,Bank transfer (automatic),39.73,1861.04,No
CUST-02602,Female,0,Yes,No,60,Yes,No,No,No internet service,No internet service,No internet service,No internet service,No internet service,No internet service,Month-to-month,No,Bank transfer (automatic),93.52,5618.28,No
CUST-02603,Male,1,No,No,47,No,No phone service,Fiber optic,Yes,No,Yes,No,No,No,Two year,No,Credit card (automatic),87.41,4103.17,No
CUST-02604,Male,0,No,No,46,No,No phone service,Fiber optic,No,Yes,No,Yes,No,No,Month-to-month,Yes,Bank transfer (automatic),81.45,3748.6,No
CUST-02605,Male,0,Yes,No,55,Yes,Yes,DSL,No,No,Yes,No,Yes,No,One year,No,Bank transfer (automatic),51.93,2852.07,No
CUST-02606,Female,0,Yes,No,7,Yes,No,Fiber optic,No,No,Yes,No,No,No,One year,Yes,Electronic check,49.8,349.42,No
CUST-02607,Male,0,No,Yes,17,Yes,Yes,Fiber optic,No,No,No,No,No,No,One year,Yes,Bank transfer (automatic),93.89,1596.71,Yes
CUST-02608,Female,0,Yes,No,22,Yes,No,Fiber optic,Yes,No,No,Yes,No,Yes,One year,No,Credit card (automatic),45.45,1011.06,No
CUST-02609,Female,0,No,No,68,Yes,No,Fiber optic,No,Yes,No,Yes,No,Yes,One year,Yes,Mailed check,50.97,3457.85,No
CUST-02610,Female,1,No,No,64,Yes,Yes,DSL,No,Yes,No,Yes,No,Yes,Month-to-month,Yes,Credit card (automatic),114.52,7325.43,No
CUST-02611,Female,0,No,No,45,Yes,No,Fiber optic,No,Yes,Yes,No,Yes,Yes,One year,Yes,Electronic check,117.85,5300.92,No
CUST-02612,Female,0,No,No,65,Yes,No,No,No internet service,No internet service,No internet service,No internet service,No internet service,No internet service,Month-to-month,Yes,Credit card (automatic),18.17,1182.69,No
CUST-02613,Female,0,Yes,Yes,68,Yes,Yes,DSL,No,No,Yes,Yes,Yes,Yes,Month-to-month,Yes,Mailed check,86.68,5892.68,Yes
CUST-02614,Female,0,Yes,No,21,Yes,No,No,No internet service,No internet service,No internet service,No internet service,No internet service,No internet service,Two year,Yes,Mailed check,71.55,1491.56,No
CUST-02615,Female,0,Yes,Yes,64,Yes,No,Fiber optic,No,No,No,Yes,No,Yes,One year,Yes,Bank transfer (automatic),64.02,4100.96,No
CUST-02616,Female,0,No,Yes,11,Yes,Yes,Fiber optic,Yes,No,Yes,No,No,No,Two year,Yes,Credit card (automatic),45.57,507.94,No
CUST-02617,Male,1,No,No,18,Yes,Yes,Fiber optic,Yes,Yes,Yes,Yes,No,Yes,Month-to-month,Yes,Credit card (automatic),68.72,1239.12,No
CUST-02618,Male,0,No,No,21,Yes,No,Fiber optic,No,No,Yes,Yes,No,Yes,Two year,Yes,Credit card (automatic),63.66,1334.58,No
CUST-02619,Male,0,Yes,Yes,54,Yes,Yes,Fiber optic,Yes,No,Yes,No,No,No,One year,Yes,Electronic check,58.13,3140.04,No
CUST-02620,Male,1,Yes,No,61,Yes,No,No,No internet service,No internet service,No internet service,No internet service,No internet service,No internet service,Month-to-month,No,Bank transfer (automatic),102.98,6275.7,No
CUST-02621,Male,0,No,No,50,Yes,No,DSL,Yes,No,No,No,Yes,Yes,Two year,No,Electronic check,45.06,2258.31,No
CUST-02622,Female,0,Yes,No,47,Yes,No,Fiber optic,Yes,No,No,Yes,No,No,Two year,Yes,Electronic check,77.75,3656.74,No
CUST-02623,Female,0,Yes,No,16,Yes,Yes,No,No internet service,No internet service,No internet service,No internet service,No internet service,No internet service,Two year,Yes,Mailed check,104.42,1668.05,No
CUST-02624,Female,0,Yes,No,12,Yes,No,DSL,No,Yes,No,Yes,Yes,No,Month-to-month,No,Electronic check,115.9,1391.21,No
CUST-02625,Female,0,Yes,No,27,Yes,No,No,No internet service,No internet service,No internet service,No internet service,No internet service,No internet service,Month-to-month,Yes,Mailed check,78.28,2118.72,Yes
CUST-02626,Female,0,No,No,66,Yes,Yes,Fiber optic,Yes,No,Yes,No,Yes,Yes,Month-to-month,Yes,Credit card (automatic),70.0,4625.82,No
CUST-02627,Female,1,Yes,No,4,Yes,Yes,DSL,Yes,No,No,Yes,Yes,No,Two year,Yes,Bank transfer (automatic),102.05,407.83,No
CUST-02628,Female,0,No,No,59,Yes,Yes,Fiber optic,No,No,Yes,Yes,No,Yes,One year,No,Mailed check,36.84,2184.29,No
CUST-02629,Male,0,Yes,No,14,Yes,Yes,DSL,No,No,Yes,Yes,No,Yes,One year,No,Mailed check,81.0,1140.84,No
CUST-02630,Male,0,No,Yes,43,Yes,No,DSL,Yes,Yes,Yes,No,Yes,No,One year,Yes,Electronic check,24.42,1052.7,No
CUST-02631,Male,0,No,Yes,45,Yes,Yes,DSL,Yes,Yes,Yes,No,No,No,One year,No,Credit card (automatic),84.0,3778.02,No
CUST-02632,Male,0,Yes,Yes,28,Yes,Yes,DSL,No,No,Yes,No,No,No,Month-to-month,Yes,Electronic check,97.58,2730.41,Yes
CUST-02633,Female,0,No,No,67,Yes,No,DSL,No,No,Yes,Yes,No,No,One year,Yes,Mailed check,24.3,1629.1,No
CUST-02634,Female,0,No,No,48,Yes,No,DSL,Yes,Yes,No,Yes,No,Yes,Two year,Yes,Bank transfer (automatic),102.84,4935.77,No
CUST-02635,Female,0,Yes,No,42,Yes,Yes,DSL,No,Yes,Yes,No,Yes,Yes,One year,No,Credit card (automatic),30.34,1282.78,No
CUST-02636,Male,1,No,No,67,Yes,Yes,No,No internet service,No internet service,No internet service,No internet service,No internet service,No internet service,Two year,Yes,Credit card (automatic),35.58,2379.17,No
CUST-02637,Female,0,Yes,No,19,Yes,Yes,No,No internet service,No internet service,No internet service,No internet service,No internet service,No internet service,Month-to-month,No,Mailed check,101.64,1933.69,Yes
CUST-02638,Female,0,No,No,17,Yes,Yes,No,No internet service,No internet service,No internet service,No internet service,No internet service,No internet service,Month-to-month,No,Bank transfer (automatic),30.47,507.98,No
CUST-02639,Female,1,Yes,No,63,Yes,No,DSL,Yes,No,No,Yes,No,Yes,Month-to-month,No,Bank transfer (automatic),85.39,5381.46,No
CUST-02640,Male,0,Yes,Yes,48,Yes,Yes,DSL,Yes,Yes,No,Yes,No,Yes,Month-to-month,Yes,Electronic check,47.48,2283.4,No
CUST-02641,Female,0,Yes,Yes,41,No,No phone service,DSL,Yes,No,Yes,No,Yes,No,Month-to-month,No,Bank transfer (automatic),42.84,1763.64,No
CUST-02642,Male,1,Yes,No,11,Yes,No,Fiber optic,Yes,No,No,Yes,Yes,Yes,One year,No,Mailed check,83.02,910.26,No
CUST-02643,Male,0,Yes,No,35,No,No phone service,No,No internet service,No internet service,No internet service,No internet service,No internet service,No internet service,Two year,No,Electronic check,28.68,1000.24,No
CUST-02644,Male,0,No,No,7,Yes,No,No,No internet service,No internet service,No internet service,No internet service,No internet service,No internet service,Two year,No,Credit card (automatic),75.46,533.34,No
CUST-02645,Male,0,No,Yes,27,No,No phone service,DSL,Yes,Yes,No,No,Yes,No,Month-to-month,Yes,Electronic check,110.45,2988.12,Yes
CUST-02646,Female,0,Yes,Yes,59,No,No phone service,Fiber optic,No,No,No,No,No,No,Month-to-month,No,Electronic check,103.14,6084.12,Yes
CUST-02647,Male,0,No,No,48,No,No phone service,No,No internet service,No internet service,No internet service,No internet service,No internet service,No internet service,Month-to-month,Yes,Bank transfer (automatic),103.11,4939.48,No
CUST-02648,Male,0,No,No,37,Yes,Yes,Fiber optic,No,Yes,Yes,Yes,No,No,One year,Yes,Mailed check,48.29,1781.44,No
CUST-02649,Female,0,No,No,57,Yes,No,DSL,No,No,Yes,Yes,No,Yes,Two year,No,Credit card (automatic),88.13,5022.95,No
CUST-02650,Female,0,Yes,No,4,No,No phone service,DSL,Yes,No,No,Yes,Yes,Yes,Month-to-month,No,Mailed check,96.01,376.95,Yes
CUST-02651,Male,0,Yes,No,45,Yes,No,Fiber optic,No,No,No,No,Yes,Yes,Month-to-month,No,Electronic check,108.14,4869.94,No
CUST-02652,Female,0,No,No,1,Yes,Yes,DSL,Yes,Yes,Yes,No,Yes,Yes,Month-to-month,Yes,Bank transfer (automatic),44.41,40.55,No
CUST-02653,Male,1,Yes,No,24,Yes,No,No,No internet service,No internet service,No internet service,No internet service,No internet service,No internet service,Month-to-month,Yes,Mailed check,94.09,2257.8,Yes
CUST-02654,Male,0,Yes,No,0,Yes,No,DSL,No,Yes,No,No,No,No,Month-to-month,No,Credit card (automatic),41.23,5.47,No
CUST-02655,Male,1,No,No,68,Yes,Yes,DSL,No,Yes,No,No,No,Yes,Month-to-month,Yes,Bank transfer (automatic),20.78,1414.88,Yes
CUST-02656,Male,0,Yes,No,39,Yes,Yes,DSL,Yes,No,No,No,No,Yes,One year,Yes,Credit card (automatic),66.18,2590.74,No
CUST-02657,Female,0,Yes,No,67,Yes,No,DSL,Yes,No,No,No,Yes,Yes,Month-to-month,No,Credit card (automatic),94.59,6344.52,No
CUST-02658,Male,0,Yes,Yes,68,Yes,No,Fiber optic,No,Yes,No,Yes,Yes,Yes,Month-to-month,Yes,Electronic check,39.44,2676.73,Yes
CUST-02659,Female,0,Yes,No,68,Yes,No,DSL,No,Yes,Yes,No,No,No,Month-to-month,No,Mailed check,22.86,1557.44,No
CUST-02660,Female,0,Yes,No,15,Yes,Yes,DSL,No,No,No,Yes,No,Yes,Month-to-month,Yes,Mailed check,55.38,831.46,No
CUST-02661,Female,0,No,Yes,53,Yes,Yes,Fiber optic,Yes,No,No,Yes,Yes,No,Month-to-month,Yes,Credit card (automatic),38.29,2035.31,No
CUST-02662,Female,0,Yes,No,62,Yes,Yes,DSL,Yes,Yes,Yes,No,Yes,Yes,Month-to-month,Yes,Bank transfer (automatic),56.21,3487.64,No
CUST-02663,Male,0,Yes,Yes,17,Yes,Yes,DSL,Yes,No,Yes,Yes,Yes,No,Two year,Yes,Bank transfer (automatic),110.08,1868.86,No
CUST-02664,Female,0,No,No,16,Yes,No,DSL,No,Yes,Yes,Yes,No,Yes,Two year,Yes,Electronic check,92.39,1480.62,No
CUST-02665,Male,0,No,No,3,Yes,No,DSL,No,No,Yes,Yes,Yes,Yes,Month-to-month,No,Electronic check,55.29,164.02,No
CUST-02666,Female,0,Yes,Yes,8,Yes,No,Fiber optic,Yes,Yes,Yes,Yes,No,No,Month-to-month,Yes,Mailed check,50.5,400.77,Yes
CUST-02667,Female,0,No,No,30,Yes,No,DSL,Yes,No,Yes,No,Yes,No,One year,Yes,Credit card (automatic),110.12,3303.04,No
CUST-02668,Male,0,Yes,No,4,Yes,No,Fiber optic,Yes,Yes,Yes,Yes,Yes,No,Month-to-month,No,Mailed check,106.88,428.76,No
CUST-02669,Male,0,No,No,15,Yes,Yes,Fiber optic,No,Yes,No,No,Yes,No,Month-to-month,Yes,Electronic check,78.41,1182.65,Yes
CUST-02670,Male,0,Yes,No,41,Yes,Yes,Fiber optic,No,No,Yes,Yes,Yes,Yes,Month-to-month,No,Mailed check,53.76,2201.68,No
CUST-02671,Female,1,No,No,40,No,No phone service,No,No internet service,No internet service,No internet service,No internet service,No internet service,No internet service,Month-to-month,Yes,Credit card (automatic),97.23,3879.62,No
CUST-02672,Female,0,Yes,No,29,Yes,Yes,DSL,Yes,No,Yes,No,No,Yes,Month-to-month,No,Mailed check,84.37,2445.74,No
CUST-02673,Male,0,No,No,25,Yes,Yes,Fiber optic,Yes,Yes,Yes,No,No,No,Month-to-month,No,Credit card (automatic),74.47,1863.03,No
CUST-02674,Male,0,Yes,Yes,48,No,No phone service,No,No internet service,No internet service,No internet service,No internet service,No internet service,No internet service,One year,No,Bank transfer (automatic),91.86,4410.19,No
CUST-02675,Male,1,Yes,No,30,Yes,Yes,No,No internet service,No internet service,No internet service,No internet service,No internet service,No internet service,Month-to-month,Yes,Mailed check,31.45,942.23,Yes
CUST-02676,Male,0,Yes,Yes,49,Yes,Yes,Fiber optic,No,Yes,No,No,No,No,Month-to-month,Yes,Bank transfer (automatic),111.01,5444.24,Yes
CUST-02677,Female,1,No,No,14,Yes,No,DSL,No,Yes,No,No,No,Yes,One year,No,Electronic check,115.29,1615.62,Yes
CUST-02678,Male,0,No,No,51,Yes,No,DSL,No,Yes,Yes,No,No,Yes,One year,Yes,Electronic check,53.44,2728.46,No
CUST-02679,Male,0,Yes,Yes,37,Yes,Yes,DSL,No,No,No,No,No,No,Month-to-month,Yes,Credit card (automatic),112.68,4159.98,No
CUST-02680,Male,1,Yes,No,37,No,No phone service,No,No internet service,No internet service,No internet service,No internet service,No internet service,No internet service,Month-to-month,Yes,Electronic check,97.58,3609.59,No
CUST-02681,Male,0,Yes,Yes,59,Yes,No,Fiber optic,Yes,No,No,No,No,No,Month-to-month,No,Bank transfer (automatic),112.1,6613.2,No
CUST-02682,Female,0,Yes,No,19,Yes,Yes,Fiber optic,Yes,No,No,Yes,No,No,Month-to-month,Yes,Credit card (automatic),109.75,2093.67,Yes
CUST-02683,Male,0,No,No,43,Yes,Yes,Fiber optic,Yes,No,Yes,Yes,Yes,Yes,Two year,Yes,Credit card (automatic),38.09,1637.34,No
CUST-02684,Female,1,No,No,62,Yes,Yes,DSL,No,No,Yes,Yes,No,No,Month-to-month,Yes,Credit card (automatic),44.0,2724.7,No
CUST-02685,Male,0,No,No,49,Yes,Yes,DSL,Yes,No,No,No,Yes,No,Two year,Yes,Electronic check,44.06,2155.35,No
CUST-02686,Male,0,Yes,No,21,Yes,No,No,No internet service,No internet service,No internet service,No internet service,No internet service,No internet service,Month-to-month,Yes,Credit card (automatic),27.43,580.93,No
CUST-02687,Female,0,Yes,No,71,Yes,Yes,Fiber optic,Yes,Yes,No,No,No,Yes,One year,Yes,Credit card (automatic),57.77,4098.77,No
CUST-02688,Male,0,No,No,53,Yes,Yes,Fiber optic,No,No,No,No,No,Yes,Month-to-month,Yes,Bank transfer (automatic),54.26,2871.52,No
CUST-02689,Female,1,No,No,8,Yes,No,Fiber optic,Yes,Yes,No,No,No,No,One year,No,Credit card (automatic),52.4,423.78,No
CUST-02690,Female,0,No,No,14,Yes,Yes,Fiber optic,Yes,Yes,Yes,Yes,Yes,No,One year,Yes,Mailed check,52.89,742.42,Yes
CUST-02691,Male,0,No,No,47,Yes,No,DSL,No,Yes,No,No,No,No,Month-to-month,Yes,Credit card (automatic),24.21,1136.69,No
CUST-02692,Female,1,Yes,No,19,Yes,No,DSL,No,Yes,No,Yes,No,No,Month-to-month,Yes,Credit card (automatic),36.6,688.76,Yes
CUST-02693,Female,0,Yes,No,34,Yes,Yes,DSL,No,Yes,No,No,Yes,No,Two year,Yes,Bank transfer (automatic),47.59,1620.83,No
CUST-02694,Female,0,Yes,No,66,Yes,No,Fiber optic,Yes,No,Yes,Yes,Yes,No,Two year,No,Mailed check,106.9,7059.53,No
CUST-02695,Female,0,No,No,59,Yes,Yes,DSL,Yes,Yes,No,Yes,No,No,Month-to-month,Yes,Electronic check,110.65,6523.58,No
CUST-02696,Female,0,Yes,Yes,33,Yes,No,DSL,No,Yes,Yes,No,No,Yes,Month-to-month,No,Mailed check,46.52,1536.98,No
CUST-02697,Female,0,No,No,53,Yes,Yes,Fiber optic,Yes,No,Yes,No,Yes,Yes,One year,Yes,Credit card (automatic),87.42,4632.76,No
CUST-02698,Female,0,No,No,11,Yes,Yes,No,No internet service,No internet service,No internet service,No internet service,No internet service,No internet service,Two year,No,Mailed check,103.06,1129.24,No
CUST-02699,Female,0,No,No,18,Yes,No,DSL,Yes,Yes,No,Yes,No,Yes,One year,Yes,Electronic check,68.62,1232.94,No
CUST-02700,Male,0,No,No,25,Yes,Yes,DSL,Yes,No,Yes,No,Yes,Yes,Two year,Yes,Mailed check,93.55,2338.51,No
CUST-02701,Male,0,No,No,22,Yes,No,Fiber optic,No,No,No,Yes,Yes,No,Month-to-month,Yes,Mailed check,115.59,2536.39,Yes
CUST-02702,Female,0,Yes,No,32,Yes,No,No,No internet service,No internet service,No internet service,No internet service,No internet service,No internet service,Month-to-month,Yes,Credit card (automatic),34.22,1097.89,No
CUST-02703,Male,0,Yes,No,56,Yes,Yes,Fiber optic,No,Yes,No,Yes,No,Yes,Month-to-month,No,Bank transfer (automatic),25.04,1398.69,No
CUST-02704,Female,0,Yes,No,29,Yes,No,Fiber optic,Yes,Yes,No,No,Yes,No,Month-to-month,Yes,Credit card (automatic),82.0,2374.65,Yes
CUST-02705,Female,1,No,Yes,22,Yes,Yes,DSL,No,Yes,Yes,No,No,No,Two year,No,Credit card (automatic),68.85,1517.23,No
CUST-02706,Male,0,Yes,No,35,Yes,No,No,No internet service,No internet service,No internet service,No internet service,No internet service,No internet service,Month-to-month,Yes,Mailed check,47.66,1665.84,No
CUST-02707,Female,0,No,No,42,Yes,Yes,No,No internet service,No internet service,No internet service,No internet service,No internet service,No internet service,One year,No,Electronic check,109.66,4604.64,No
CUST-02708,Female,0,Yes,No,65,Yes,No,Fiber optic,Yes,Yes,No,Yes,Yes,Yes,Two year,No,Bank transfer (automatic),102.58,6667.17,No
CUST-02709,Female,0,No,Yes,52,No,No phone service,No,No internet service,No internet service,No internet service,No internet service,No internet service,No internet service,Month-to-month,Yes,Credit card (automatic),44.44,2307.0,Yes
CUST-02710,Female,0,No,Yes,59,Yes,No,DSL,Yes,Yes,Yes,No,Yes,Yes,Month-to-month,Yes,Mailed check,95.42,5627.19,No
CUST-02711,Male,0,Yes,Yes,36,No,No phone service,DSL,No,Yes,No,No,Yes,Yes,Month-to-month,No,Credit card (automatic),100.84,3630.15,No
CUST-02712,Female,0,No,Yes,60,Yes,No,Fiber optic,Yes,Yes,No,Yes,No,Yes,One year,Yes,Electronic check,50.53,3031.72,No
CUST-02713,Female,1,Yes,No,52,Yes,Yes,DSL,Yes,Yes,Yes,No,Yes,No,Two year,Yes,Credit card (automatic),27.91,1453.96,No
CUST-02714,Female,0,Yes,No,11,Yes,Yes,No,No internet service,No internet service,No internet service,No internet service,No internet service,No internet service,Two year,Yes,Bank transfer (automatic),103.04,1136.3,No
CUST-02715,Male,0,Yes,No,34,Yes,No,Fiber optic,No,Yes,Yes,Yes,Yes,No,Two year,No,Bank transfer (automatic),27.68,947.21,No
CUST-02716,Female,0,No,No,66,Yes,Yes,Fiber optic,No,No,No,No,Yes,No,Month-to-month,No,Mailed check,65.86,4339.23,No
CUST-02717,Male,0,No,No,37,Yes,Yes,DSL,No,Yes,No,Yes,Yes,No,Month-to-month,Yes,Credit card (automatic),37.44,1389.84,No
CUST-02718,Male,0,No,No,23,Yes,Yes,Fiber optic,Yes,No,No,Yes,No,No,Month-to-month,Yes,Bank transfer (automatic),110.75,2545.55,No
CUST-02719,Female,0,No,No,39,Yes,No,DSL,Yes,Yes,No,Yes,Yes,No,Month-to-month,No,Credit card (automatic),28.71,1122.98,No
CUST-02720,Female,0,Yes,No,64,Yes,Yes,DSL,Yes,No,No,No,Yes,No,Month-to-month,No,Bank transfer (automatic),29.69,1901.86,No
CUST-02721,Male,0,No,No,56,Yes,Yes,Fiber optic,No,No,No,Yes,No,Yes,Month-to-month,Yes,Electronic check,88.17,4934.63,Yes
CUST-02722,Female,0,Yes,No,71,Yes,No,DSL,No,Yes,No,No,No,No,Two year,Yes,Electronic check,38.56,2745.36,No
CUST-02723,Male,0,Yes,Yes,44,Yes,No,No,No internet service,No internet service,No internet service,No internet service,No internet service,No internet service,Month-to-month,No,Bank transfer (automatic),31.24,1378.37,No
CUST-02724,Male,0,No,No,71,Yes,No,DSL,Yes,Yes,Yes,No,Yes,Yes,Month-to-month,Yes,Bank transfer (automatic),34.82,2474.32,No
CUST-02725,Female,0,No,No,12,Yes,No,Fiber optic,No,Yes,No,Yes,Yes,No,Month-to-month,Yes,Credit card (automatic),77.59,942.03,No
CUST-02726,Female,0,Yes,No,5,Yes,No,No,No internet service,No internet service,No internet service,No internet service,No internet service,No internet service,Two year,Yes,Credit card (automatic),40.26,196.43,Yes
CUST-02727,Male,0,No,No,70,Yes,Yes,Fiber optic,Yes,No,Yes,Yes,No,No,Month-to-month,Yes,Bank transfer (automatic),55.72,3900.53,No
CUST-02728,Male,0,Yes,No,46,Yes,Yes,Fiber optic,No,Yes,No,Yes,Yes,No,Month-to-month,No,Bank transfer (automatic),102.97,4739.43,No
CUST-02729,Male,1,No,Yes,43,Yes,Yes,Fiber optic,No,No,No,No,No,Yes,Month-to-month,Yes,Credit card (automatic),35.57,1524.17,Yes
CUST-02730,Male,0,No,No,31,Yes,No,Fiber optic,No,No,Yes,Yes,No,No,Month-to-month,No,Bank transfer (automatic),100.63,3116.21,Yes
CUST-02731,Female,0,Yes,Yes,2,Yes,Yes,Fiber optic,No,Yes,No,Yes,Yes,Yes,Two year,No,Electronic check,95.54,196.06,No
CUST-02732,Female,0,Yes,No,53,Yes,No,No,No internet service,No internet service,No internet service,No internet service,No internet service,No internet service,Month-to-month,Yes,Credit card (automatic),101.12,5356.88,No
CUST-02733,Female,0,Yes,No,37,Yes,Yes,No,No internet service,No internet service,No internet service,No internet service,No internet service,No internet service,Two year,Yes,Electronic check,52.7,1954.26,No
CUST-02734,Female,0,No,Yes,3,Yes,Yes,Fiber optic,Yes,Yes,Yes,Yes,No,Yes,Two year,No,Credit card (automatic),65.24,192.57,No
CUST-02735,Female,1,No,No,16,Yes,No,Fiber optic,No,No,Yes,No,Yes,No,Month-to-month,Yes,Bank transfer (automatic),88.7,1429.3,No
CUST-02736,Male,0,No,Yes,36,Yes,Yes,No,No internet service,No internet service,No internet service,No internet service,No internet service,No internet service,Month-to-month,No,Mailed check,21.74,770.93,No
CUST-02737,Female,1,Yes,Yes,35,Yes,Yes,Fiber optic,No,No,No,No,No,No,Month-to-month,No,Credit card (automatic),84.38,2958.34,No
CUST-02738,Female,1,Yes,No,57,Yes,No,No,No internet service,No internet service,No internet service,No internet service,No internet service,No internet service,Month-to-month,Yes,Credit card (automatic),30.01,1711.82,No
CUST-02739,Female,0,No,Yes,40,Yes,Yes,Fiber optic,Yes,Yes,Yes,No,No,Yes,Month-to-month,No,Mailed check,46.81,1864.75,No
CUST-02740,Female,0,Yes,No,7,Yes,Yes,No,No internet service,No internet service,No internet service,No internet service,No internet service,No internet service,Two year,No,Mailed check,98.98,691.74,No
CUST-02741,Female,0,No,Yes,66,Yes,Yes,No,No internet service,No internet service,No internet service,No internet service,No internet service,No internet service,Month-to-month,No,Electronic check,81.54,5372.01,No
CUST-02742,Male,0,Yes,Yes,29,Yes,No,No,No internet service,No internet service,No internet service,No internet service,No internet service,No internet service,Two year,No,Bank transfer (automatic),80.19,2327.27,No
CUST-02743,Male,1,No,No,51,Yes,No,Fiber optic,Yes,No,No,No,No,No,One year,Yes,Mailed check,40.69,2072.21,No
CUST-02744,Male,0,No,No,24,Yes,Yes,Fiber optic,No,No,Yes,Yes,Yes,Yes,Month-to-month,Yes,Credit card (automatic),84.79,2025.21,No
CUST-02745,Female,1,No,Yes,51,Yes,Yes,Fiber optic,Yes,No,No,Yes,No,No,One year,No,Mailed check,31.17,1590.5,No
CUST-02746,Male,0,Yes,No,58,Yes,No,DSL,Yes,Yes,Yes,No,Yes,No,Two year,Yes,Mailed check,114.48,6640.56,No
CUST-02747,Male,1,Yes,No,29,Yes,No,DSL,No,Yes,No,Yes,Yes,Yes,Month-to-month,Yes,Bank transfer (automatic),43.27,1265.36,No
CUST-02748,Female,1,No,No,66,Yes,No,No,No internet service,No internet service,No internet service,No internet service,No internet service,No internet service,Month-to-month,No,Bank transfer (automatic),100.67,6648.36,No
CUST-02749,Female,0,No,Yes,3,No,No phone service,Fiber optic,No,Yes,No,No,Yes,Yes,Month-to-month,Yes,Electronic check,110.02,318.12,No
CUST-02750,Female,0,No,No,56,Yes,Yes,DSL,No,No,Yes,Yes,Yes,No,Month-to-month,No,Bank transfer (automatic),35.18,1967.44,No
CUST-02751,Male,0,No,No,62,Yes,No,Fiber optic,No,No,No,No,No,Yes,Month-to-month,No,Electronic check,18.97,1181.66,Yes
CUST-02752,Male,0,No,Yes,31,No,No phone service,DSL,No,No,Yes,Yes,Yes,No,One year,No,Mailed check,105.43,3260.2,No
CUST-02753,Female,1,No,No,50,No,No phone service,Fiber optic,Yes,Yes,Yes,No,Yes,No,Month-to-month,Yes,Electronic check,94.4,4716.14,Yes
CUST-02754,Female,0,Yes,No,62,Yes,No,No,No internet service,No internet service,No internet service,No internet service,No internet service,No internet service,Month-to-month,Yes,Electronic check,33.43,2072.67,No
CUST-02755,Male,0,Yes,No,0,Yes,Yes,No,No internet service,No internet service,No internet service,No internet service,No internet service,No internet service,Month-to-month,Yes,Bank transfer (automatic),101.04,0.0,No
CUST-02756,Male,0,Yes,No,18,Yes,No,DSL,No,No,No,No,No,No,Two year,Yes,Mailed check,99.05,1790.86,No
CUST-02757,Female,1,Yes,No,34,Yes,No,DSL,No,Yes,No,Yes,No,No,Month-to-month,No,Electronic check,64.13,2181.34,No
CUST-02758,Female,0,No,No,62,Yes,Yes,DSL,Yes,No,No,Yes,Yes,Yes,One year,Yes,Mailed check,112.68,6986.33,No
CUST-02759,Male,0,No,No,25,Yes,No,DSL,No,No,No,Yes,Yes,No,Month-to-month,Yes,Credit card (automatic),76.21,1900.67,No
CUST-02760,Female,0,No,No,12,Yes,No,Fiber optic,No,Yes,No,No,No,No,Two year,No,Credit card (automatic),62.29,741.97,No
CUST-02761,Male,0,Yes,No,22,Yes,Yes,Fiber optic,No,No,No,No,Yes,Yes,Month-to-month,No,Credit card (automatic),19.32,425.56,No
CUST-02762,Male,0,Yes,No,34,Yes,Yes,DSL,No,No,No,Yes,Yes,Yes,Two year,Yes,Mailed check,113.28,3851.12,No
CUST-02763,Male,0,No,No,11,Yes,Yes,DSL,Yes,No,No,Yes,No,No,Month-to-month,No,Credit card (automatic),30.84,333.15,Yes
CUST-02764,Male,0,Yes,No,8,Yes,Yes,DSL,No,No,No,Yes,Yes,Yes,Month-to-month,Yes,Bank transfer (automatic),47.62,382.13,No
CUST-02765,Female,0,Yes,Yes,66,Yes,Yes,No,No internet service,No internet service,No internet service,No internet service,No internet service,No internet service,One year,Yes,Mailed check,90.94,6002.33,No
CUST-02766,Female,0,No,No,43,Yes,No,DSL,No,Yes,No,Yes,No,Yes,One year,Yes,Credit card (automatic),18.53,795.25,No
CUST-02767,Male,0,No,No,60,Yes,No,DSL,No,Yes,No,Yes,No,No,Month-to-month,No,Credit card (automatic),72.26,4341.56,No
CUST-02768,Male,0,No,No,20,No,No phone service,DSL,Yes,Yes,Yes,Yes,No,No,Two year,No,Electronic check,33.89,677.74,No
CUST-02769,Male,0,Yes,No,6,Yes,Yes,Fiber optic,Yes,No,Yes,Yes,No,No,Month-to-month,No,Mailed check,20.25,120.31,No
CUST-02770,Male,1,No,No,10,Yes,No,Fiber optic,Yes,Yes,No,Yes,No,Yes,Month-to-month,Yes,Credit card (automatic),82.17,827.36,No
CUST-02771,Male,0,No,Yes,44,Yes,Yes,Fiber optic,No,No,Yes,Yes,Yes,Yes,Month-to-month,No,Mailed check,78.3,3444.45,Yes
CUST-02772,Female,1,No,No,31,Yes,Yes,Fiber optic,No,No,No,No,Yes,Yes,Two year,Yes,Mailed check,91.43,2832.32,No
CUST-02773,Female,0,Yes,Yes,35,Yes,Yes,DSL,Yes,Yes,Yes,Yes,No,No,Month-to-month,Yes,Bank transfer (automatic),79.82,2787.85,No
CUST-02774,Female,0,Yes,No,36,Yes,No,DSL,No,No,Yes,No,Yes,Yes,One year,No,Credit card (automatic),62.2,2239.5,No
CUST-02775,Female,0,No,No,40,Yes,Yes,No,No internet service,No internet service,No internet service,No internet service,No internet service,No internet service,Month-to-month,No,Bank transfer (automatic),65.86,2639.06,No
CUST-02776,Male,0,No,Yes,48,Yes,No,No,No internet service,No internet service,No internet service,No internet service,No internet service,No internet service,Month-to-month,Yes,Credit card (automatic),40.01,1918.4,No
CUST-02777,Male,0,Yes,No,14,Yes,No,Fiber optic,Yes,No,No,No,No,No,Month-to-month,Yes,Mailed check,26.37,362.53,No
CUST-02778,Male,0,Yes,No,12,Yes,Yes,DSL,Yes,Yes,No,No,No,Yes,Month-to-month,Yes,Mailed check,104.09,1254.13,No
CUST-02779,Male,0,No,No,52,Yes,Yes,DSL,No,Yes,Yes,No,Yes,No,Two year,Yes,Mailed check,87.13,4536.01,No
CUST-02780,Male,0,Yes,No,32,Yes,Yes,Fiber optic,Yes,No,No,No,Yes,No,One year,No,Mailed check,30.29,972.2,No
CUST-02781,Female,0,No,Yes,71,Yes,No,No,No internet service,No internet service,No internet service,No internet service,No internet service,No internet service,Two year,Yes,Credit card (automatic),44.42,3154.3,Yes
CUST-02782,Male,0,No,Yes,31,No,No phone service,Fiber optic,No,Yes,No,Yes,No,No,Month-to-month,No,Electronic check,104.32,3236.02,No
CUST-02783,Female,0,Yes,No,47,Yes,No,DSL,Yes,No,No,No,Yes,No,Two year,Yes,Mailed check,113.98,5349.31,No
CUST-02784,Female,0,No,No,67,No,No phone service,Fiber optic,No,Yes,Yes,No,No,No,One year,No,Credit card (automatic),97.11,6503.46,No
CUST-02785,Female,0,No,No,56,Yes,No,No,No internet service,No internet service,No internet service,No internet service,No internet service,No internet service,Month-to-month,Yes,Mailed check,75.0,4203.38,No
CUST-02786,Female,0,Yes,Yes,61,Yes,Yes,Fiber optic,Yes,No,Yes,No,Yes,No,One year,No,Electronic check,104.91,6401.2,No
CUST-02787,Male,0,No,No,1,Yes,No,No,No internet service,No internet service,No internet service,No internet service,No internet service,No internet service,One year,Yes,Credit card (automatic),80.68,85.19,No
CUST-02788,Female,1,Yes,No,15,Yes,No,Fiber optic,Yes,No,No,Yes,Yes,No,One year,Yes,Mailed check,87.94,1326.77,Yes
CUST-02789,Female,1,No,No,7,Yes,Yes,DSL,Yes,No,Yes,No,No,Yes,Month-to-month,No,Bank transfer (automatic),100.69,698.65,No
CUST-02790,Female,0,No,Yes,18,Yes,Yes,DSL,Yes,Yes,No,No,Yes,No,One year,No,Electronic check,53.4,963.62,No
CUST-02791,Male,0,Yes,No,31,Yes,Yes,DSL,No,No,No,Yes,No,Yes,Month-to-month,Yes,Bank transfer (automatic),96.45,2988.66,No
CUST-02792,Male,0,Yes,Yes,66,Yes,No,Fiber optic,No,No,Yes,No,Yes,No,Month-to-month,No,Bank transfer (automatic),38.7,2551.97,No
CUST-02793,Male,0,Yes,Yes,31,Yes,No,Fiber optic,Yes,Yes,Yes,No,Yes,No,Two year,Yes,Mailed check,37.43,1172.69,No
CUST-02794,Female,0,Yes,No,24,Yes,Yes,Fiber optic,No,Yes,No,No,Yes,Yes,Month-to-month,No,Bank transfer (automatic),99.13,2371.27,No
CUST-02795,Female,0,Yes,No,52,Yes,No,DSL,No,No,No,Yes,No,Yes,Two year,No,Credit card (automatic),74.38,3866.85,No
CUST-02796,Male,0,Yes,No,24,Yes,No,No,No internet service,No internet service,No internet service,No internet service,No internet service,No internet service,Month-to-month,No,Electronic check,59.39,1424.18,No
CUST-02797,Female,0,No,No,32,Yes,Yes,DSL,No,Yes,No,Yes,Yes,Yes,Month-to-month,Yes,Credit card (automatic),70.35,2251.44,No
CUST-02798,Male,0,Yes,No,30,Yes,No,DSL,Yes,No,Yes,Yes,No,No,Two year,Yes,Bank transfer (automatic),115.79,3463.84,No
CUST-02799,Male,0,No,No,35,Yes,No,DSL,Yes,Yes,Yes,Yes,Yes,No,One year,No,Credit card (automatic),107.42,3754.79,No
CUST-02800,Female,0,Yes,No,48,Yes,Yes,DSL,Yes,No,No,No,No,No,Month-to-month,No,Electronic check,68.76,3300.72,No
CUST-02801,Female,0,No,No,43,Yes,Yes,No,No internet service,No internet service,No internet service,No internet service,No internet service,No internet service,Month-to-month,Yes,Bank transfer (automatic),72.72,3119.98,No
CUST-02802,Female,0,No,Yes,47,No,No phone service,DSL,No,No,Yes,No,No,No,Month-to-month,Yes,Electronic check,79.42,3737.51,No
CUST-02803,Female,0,Yes,Yes,29,Yes,No,DSL,Yes,No,No,No,Yes,No,Month-to-month,No,Mailed check,97.08,2818.22,No
CUST-02804,Male,0,No,No,12,No,No phone service,Fiber optic,Yes,No,Yes,Yes,Yes,Yes,Two year,No,Mailed check,105.38,1256.62,No
CUST-02805,Male,0,No,No,42,Yes,Yes,Fiber optic,Yes,No,No,Yes,Yes,No,Month-to-month,Yes,Credit card (automatic),32.65,1370.15,No
CUST-02806,Male,0,No,Yes,15,Yes,Yes,DSL,Yes,Yes,Yes,No,Yes,No,Two year,No,Credit card (automatic),80.82,1214.18,No
CUST-02807,Male,1,Yes,No,25,Yes,Yes,DSL,Yes,No,No,No,Yes,Yes,One year,Yes,Bank transfer (automatic),40.72,1011.12,No
CUST-02808,Male,0,Yes,No,46,Yes,Yes,DSL,Yes,No,Yes,No,No,Yes,Two year,Yes,Bank transfer (automatic),80.18,3680.39,No
CUST-02809,Female,1,No,No,36,Yes,Yes,No,No internet service,No internet service,No internet service,No internet service,No internet service,No internet service,Month-to-month,No,Mailed check,35.13,1259.89,No
CUST-02810,Male,0,Yes,Yes,2,Yes,Yes,Fiber optic,No,Yes,No,No,No,Yes,Month-to-month,No,Mailed check,98.8,211.04,No
CUST-02811,Male,0,Yes,No,25,Yes,Yes,No,No internet service,No internet service,No internet service,No internet service,No internet service,No internet service,One year,Yes,Electronic check,84.09,2107.72,No
CUST-02812,Male,0,No,No,14,Yes,No,DSL,Yes,Yes,No,No,Yes,Yes,Two year,No,Mailed check,104.6,1461.36,No
CUST-02813,Female,0,No,No,65,Yes,Yes,Fiber optic,Yes,No,No,No,Yes,Yes,Month-to-month,No,Mailed check,112.44,7301.94,No
CUST-02814,Female,0,Yes,Yes,27,Yes,Yes,Fiber optic,No,Yes,Yes,Yes,Yes,No,Two year,Yes,Electronic check,111.39,3003.4,No
CUST-02815,Female,0,Yes,Yes,37,Yes,Yes,DSL,No,No,Yes,Yes,Yes,No,Month-to-month,Yes,Mailed check,32.52,1210.85,No
CUST-02816,Female,0,Yes,No,43,No,No phone service,Fiber optic,Yes,No,Yes,Yes,No,Yes,Month-to-month,No,Credit card (automatic),55.68,2404.41,No
CUST-02817,Male,1,No,No,52,Yes,No,Fiber optic,Yes,No,Yes,Yes,No,No,Month-to-month,Yes,Electronic check,66.31,3444.06,Yes
CUST-02818,Male,0,Yes,No,3,Yes,Yes,Fiber optic,No,No,No,Yes,No,No,Month-to-month,Yes,Mailed check,96.89,292.23,No
CUST-02819,Female,0,Yes,No,71,Yes,Yes,Fiber optic,Yes,No,No,No,Yes,Yes,Two year,Yes,Electronic check,19.48,1381.77,No
CUST-02820,Female,0,Yes,No,43,Yes,No,Fiber optic,Yes,No,Yes,No,Yes,Yes,Month-to-month,No,Mailed check,110.54,4759.57,No
CUST-02821,Male,0,No,Yes,45,Yes,Yes,No,No internet service,No internet service,No internet service,No internet service,No internet service,No internet service,One year,Yes,Mailed check,58.72,2636.93,No
CUST-02822,Male,0,No,No,25,Yes,No,No,No internet service,No internet service,No internet service,No internet service,No internet service,No internet service,Month-to-month,No,Bank transfer (automatic),81.11,2032.64,No
CUST-02823,Female,0,No,Yes,12,Yes,Yes,Fiber optic,No,No,Yes,Yes,Yes,Yes,Two year,Yes,Electronic check,116.06,1386.02,No
CUST-02824,Female,1,Yes,No,68,Yes,Yes,DSL,Yes,Yes,No,Yes,Yes,No,Two year,Yes,Credit card (automatic),106.27,7231.1,No
CUST-02825,Female,0,Yes,No,43,Yes,No,Fiber optic,No,Yes,Yes,No,No,No,One year,No,Mailed check,54.22,2327.21,No
CUST-02826,Female,0,No,No,52,Yes,No,DSL,No,No,Yes,No,No,No,One year,No,Credit card (automatic),66.45,3453.83,No
CUST-02827,Male,0,Yes,Yes,50,Yes,No,DSL,Yes,Yes,Yes,Yes,Yes,No,One year,No,Bank transfer (automatic),94.99,4746.27,No
CUST-02828,Male,1,Yes,Yes,12,No,No phone service,Fiber optic,No,Yes,No,Yes,No,Yes,Month-to-month,Yes,Credit card (automatic),92.36,1118.13,No
CUST-02829,Male,0,Yes,No,40,Yes,No,Fiber optic,No,Yes,Yes,No,Yes,No,Month-to-month,No,Bank transfer (automatic),88.48,3544.17,Yes
CUST-02830,Female,0,No,No,10,No,No phone service,No,No internet service,No internet service,No internet service,No internet service,No internet service,No internet service,One year,Yes,Electronic check,19.07,188.64,No
CUST-02831,Female,0,Yes,No,36,Yes,No,No,No internet service,No internet service,No internet service,No internet service,No internet service,No internet service,Month-to-month,No,Bank transfer (automatic),37.9,1360.28,No
CUST-02832,Male,0,Yes,No,59,Yes,No,No,No internet service,No internet service,No internet service,No internet service,No internet service,No internet service,Month-to-month,Yes,Mailed check,40.17,2376.6,No
CUST-02833,Male,0,No,No,31,Yes,No,No,No internet service,No internet service,No internet service,No internet service,No internet service,No internet service,Month-to-month,No,Bank transfer (automatic),43.06,1317.87,No
CUST-02834,Male,0,Yes,No,44,No,No phone service,Fiber optic,Yes,No,No,Yes,No,No,One year,Yes,Electronic check,27.62,1217.68,No
CUST-02835,Male,1,No,Yes,17,Yes,Yes,DSL,Yes,No,No,Yes,Yes,Yes,Month-to-month,No,Electronic check,98.66,1672.42,Yes
CUST-02836,Female,1,Yes,No,19,No,No phone service,Fiber optic,Yes,No,No,Yes,Yes,Yes,Two year,No,Mailed check,52.13,1001.74,No
CUST-02837,Male,0,No,No,43,Yes,Yes,Fiber optic,No,Yes,No,Yes,No,No,Month-to-month,Yes,Mailed check,95.56,4122.73,No
CUST-02838,Male,0,No,No,35,Yes,Yes,Fiber optic,Yes,No,Yes,No,Yes,No,Month-to-month,Yes,Credit card (automatic),111.15,3890.4,No
CUST-02839,Male,1,Yes,No,68,Yes,No,Fiber optic,Yes,No,No,No,No,No,Month-to-month,No,Mailed check,49.3,3350.57,No
CUST-02840,Male,1,Yes,Yes,36,Yes,Yes,No,No internet service,No internet service,No internet service,No internet service,No internet service,No internet service,One year,Yes,Bank transfer (automatic),63.38,2282.02,No
CUST-02841,Male,0,No,Yes,32,Yes,Yes,DSL,No,No,Yes,No,Yes,Yes,Month-to-month,Yes,Mailed check,26.75,852.89,No
CUST-02842,Male,0,Yes,Yes,18,Yes,Yes,DSL,Yes,Yes,No,Yes,No,Yes,One year,Yes,Credit card (automatic),47.48,850.67,No
CUST-02843,Male,0,No,No,50,Yes,No,Fiber optic,Yes,Yes,Yes,No,No,Yes,Month-to-month,Yes,Mailed check,72.62,3632.17,No
CUST-02844,Female,0,Yes,No,31,Yes,No,No,No internet service,No internet service,No internet service,No internet service,No internet service,No internet service,Two year,Yes,Credit card (automatic),36.02,1119.74,No
CUST-02845,Female,0,Yes,No,21,Yes,No,DSL,Yes,Yes,No,Yes,No,Yes,Two year,Yes,Mailed check,71.7,1506.37,No
CUST-02846,Female,0,Yes,Yes,0,Yes,Yes,No,No internet service,No internet service,No internet service,No internet service,No internet service,No internet service,Month-to-month,Yes,Electronic check,49.29,1.45,No
CUST-02847,Female,0,Yes,Yes,53,Yes,Yes,No,No internet service,No internet service,No internet service,No internet service,No internet service,No internet service,One year,Yes,Mailed check,117.0,6197.84,No
CUST-02848,Male,1,No,Yes,19,Yes,Yes,DSL,No,No,Yes,Yes,Yes,Yes,Month-to-month,No,Bank transfer (automatic),55.57,1051.16,No
CUST-02849,Female,0,No,No,57,Yes,Yes,No,No internet service,No internet service,No internet service,No internet service,No internet service,No internet service,Month-to-month,Yes,Electronic check,21.91,1244.15,No
CUST-02850,Female,0,Yes,Yes,34,Yes,Yes,DSL,No,Yes,No,Yes,No,No,Month-to-month,No,Mailed check,65.3,2224.06,No
CUST-02851,Male,0,Yes,Yes,69,Yes,Yes,Fiber optic,Yes,No,No,No,Yes,No,Month-to-month,Yes,Mailed check,51.4,3547.0,No
CUST-02852,Male,0,Yes,No,69,No,No phone service,Fiber optic,No,No,Yes,No,Yes,Yes,Two year,No,Electronic check,55.0,3796.01,No
CUST-02853,Female,0,Yes,No,60,Yes,No,No,No internet service,No internet service,No internet service,No internet service,No internet service,No internet service,Two year,Yes,Electronic check,55.05,3304.71,No
CUST-02854,Female,0,Yes,No,62,Yes,No,Fiber optic,No,No,No,No,Yes,Yes,Month-to-month,Yes,Electronic check,106.12,6579.15,No
CUST-02855,Male,0,No,Yes,60,Yes,No,Fiber optic,Yes,Yes,No,Yes,Yes,No,Month-to-month,Yes,Bank transfer (automatic),67.83,4070.34,Yes
CUST-02856,Female,1,No,No,56,Yes,Yes,Fiber optic,No,No,Yes,Yes,Yes,No,Month-to-month,Yes,Mailed check,43.28,2430.16,No
CUST-02857,Male,0,Yes,No,2,Yes,Yes,Fiber optic,Yes,Yes,Yes,No,Yes,Yes,Month-to-month,No,Credit card (automatic),97.25,198.38,No
CUST-02858,Male,0,No,Yes,44,Yes,Yes,Fiber optic,No,Yes,Yes,Yes,No,No,One year,Yes,Mailed check,62.34,2742.1,No
CUST-02859,Male,0,No,Yes,14,Yes,Yes,No,No internet service,No internet service,No internet service,No internet service,No internet service,No internet service,Two year,Yes,Mailed check,32.54,453.2,No
CUST-02860,Male,0,Yes,No,16,Yes,Yes,DSL,Yes,No,Yes,No,No,Yes,Two year,Yes,Electronic check,117.85,1890.74,No
CUST-02861,Female,0,No,No,14,Yes,Yes,Fiber optic,No,No,No,No,Yes,No,Month-to-month,No,Credit card (automatic),20.74,292.02,No
CUST-02862,Male,1,No,Yes,4,Yes,Yes,DSL,Yes,No,No,No,Yes,No,One year,No,Mailed check,88.92,354.14,No
CUST-02863,Male,0,No,No,45,Yes,Yes,No,No internet service,No internet service,No internet service,No internet service,No internet service,No internet service,Month-to-month,No,Mailed check,102.76,4617.74,No
CUST-02864,Female,0,No,No,10,No,No phone service,DSL,No,Yes,Yes,Yes,No,Yes,Month-to-month,No,Electronic check,53.38,542.27,No
CUST-02865,Male,1,Yes,Yes,63,Yes,Yes,DSL,Yes,Yes,Yes,No,Yes,No,Month-to-month,No,Mailed check,33.73,2119.35,No
CUST-02866,Female,0,No,No,13,Yes,No,No,No internet service,No internet service,No internet service,No internet service,No internet service,No internet service,Month-to-month,No,Bank transfer (automatic),61.66,803.0,No
CUST-02867,Female,0,No,No,38,Yes,Yes,Fiber optic,Yes,No,No,Yes,Yes,No,Two year,Yes,Mailed check,66.25,2526.63,No
CUST-02868,Female,0,No,No,66,Yes,Yes,Fiber optic,No,No,Yes,Yes,Yes,No,Month-to-month,Yes,Bank transfer (automatic),117.97,7784.31,Yes
CUST-02869,Male,0,Yes,No,54,Yes,No,No,No internet service,No internet service,No internet service,No internet service,No internet service,No internet service,Two year,Yes,Electronic check,19.95,1077.07,No
CUST-02870,Female,0,No,Yes,41,Yes,Yes,Fiber optic,No,No,Yes,No,Yes,No,Month-to-month,Yes,Mailed check,83.59,3431.46,No
CUST-02871,Female,0,No,Yes,4,Yes,Yes,DSL,No,Yes,No,No,Yes,Yes,Month-to-month,Yes,Bank transfer (automatic),98.44,387.79,Yes
CUST-02872,Male,0,No,No,51,Yes,No,DSL,No,No,No,No,No,Yes,One year,Yes,Mailed check,79.79,4060.94,No
CUST-02873,Female,0,Yes,No,21,Yes,Yes,Fiber optic,No,No,No,Yes,Yes,No,Month-to-month,Yes,Electronic check,80.99,1699.0,No
CUST-02874,Female,0,Yes,No,43,Yes,No,DSL,Yes,No,Yes,No,No,No,Two year,Yes,Electronic check,105.53,4538.19,No
CUST-02875,Female,1,Yes,No,58,Yes,Yes,Fiber optic,Yes,No,Yes,No,Yes,Yes,One year,Yes,Mailed check,74.52,4322.51,No
CUST-02876,Female,0,Yes,No,24,Yes,Yes,DSL,Yes,Yes,No,No,Yes,Yes,Month-to-month,No,Electronic check,106.16,2554.93,No
CUST-02877,Female,1,Yes,No,20,Yes,No,Fiber optic,Yes,Yes,No,Yes,Yes,No,Two year,Yes,Bank transfer (automatic),39.02,775.67,Yes
CUST-02878,Male,0,No,No,63,Yes,Yes,DSL,Yes,Yes,No,No,Yes,No,Two year,No,Electronic check,69.61,4384.71,No
CUST-02879,Female,0,Yes,No,67,Yes,No,Fiber optic,No,Yes,No,Yes,Yes,Yes,Month-to-month,Yes,Electronic check,21.36,1438.66,No
CUST-02880,Female,0,No,No,46,Yes,Yes,DSL,No,Yes,Yes,No,Yes,No,Two year,No,Bank transfer (automatic),98.35,4522.71,No
CUST-02881,Male,0,Yes,Yes,34,Yes,Yes,DSL,No,No,Yes,No,No,Yes,Two year,Yes,Mailed check,95.73,3264.75,No
CUST-02882,Male,1,Yes,No,6,Yes,No,Fiber optic,Yes,No,Yes,Yes,Yes,No,Month-to-month,Yes,Electronic check,71.9,430.23,No
CUST-02883,Male,0,Yes,No,55,Yes,Yes,DSL,No,No,Yes,No,Yes,No,Month-to-month,Yes,Mailed check,57.58,3163.43,No
CUST-02884,Female,0,No,Yes,51,Yes,No,No,No internet service,No internet service,No internet service,No internet service,No internet service,No internet service,One year,Yes,Bank transfer (automatic),55.01,2805.31,No
CUST-02885,Male,0,No,No,45,Yes,Yes,Fiber optic,Yes,Yes,Yes,Yes,Yes,Yes,Two year,Yes,Mailed check,38.11,1716.25,No
CUST-02886,Female,0,No,No,8,Yes,No,DSL,Yes,No,No,Yes,Yes,Yes,One year,No,Electronic check,60.79,484.26,No
CUST-02887,Female,0,Yes,No,57,Yes,No,No,No internet service,No internet service,No internet service,No internet service,No internet service,No internet service,Month-to-month,No,Electronic check,48.39,2760.22,No
CUST-02888,Male,0,Yes,Yes,22,Yes,No,Fiber optic,No,No,Yes,Yes,No,Yes,Month-to-month,No,Electronic check,75.77,1666.19,Yes
CUST-02889,Male,0,Yes,No,2,Yes,No,Fiber optic,No,No,No,No,Yes,Yes,Two year,Yes,Bank transfer (automatic),96.65,199.65,No
CUST-02890,Female,0,Yes,Yes,60,Yes,Yes,DSL,No,No,No,No,Yes,No,Month-to-month,Yes,Electronic check,87.41,5247.14,No
CUST-02891,Male,0,Yes,No,8,Yes,No,DSL,No,Yes,Yes,Yes,No,No,Month-to-month,Yes,Mailed check,69.4,555.25,No
CUST-02892,Female,0,Yes,Yes,52,No,No phone service,Fiber optic,Yes,Yes,Yes,No,No,No,Month-to-month,Yes,Credit card (automatic),112.86,5867.14,Yes
CUST-02893,Male,0,No,No,67,Yes,Yes,DSL,No,Yes,Yes,No,Yes,No,Month-to-month,No,Credit card (automatic),37.73,2531.92,No
CUST-02894,Male,1,No,No,48,Yes,Yes,Fiber optic,No,Yes,Yes,No,No,Yes,Month-to-month,Yes,Electronic check,82.0,3936.16,No
CUST-02895,Male,0,Yes,No,69,Yes,No,Fiber optic,No,No,No,No,No,Yes,Month-to-month,Yes,Bank transfer (automatic),26.8,1846.94,No
CUST-02896,Female,0,No,No,47,Yes,No,DSL,Yes,No,Yes,No,No,Yes,Month-to-month,No,Mailed check,85.3,4005.48,No
CUST-02897,Male,0,No,No,6,Yes,Yes,No,No internet service,No internet service,No internet service,No internet service,No internet service,No internet service,Month-to-month,No,Mailed check,90.53,546.68,No
CUST-02898,Female,0,No,Yes,30,No,No phone service,DSL,No,Yes,Yes,No,Yes,No,Two year,No,Bank transfer (automatic),96.26,2885.44,No
CUST-02899,Female,1,Yes,Yes,55,Yes,Yes,DSL,Yes,Yes,No,Yes,Yes,No,Month-to-month,Yes,Mailed check,84.38,4639.4,No
CUST-02900,Female,0,Yes,Yes,60,Yes,No,No,No internet service,No internet service,No internet service,No internet service,No internet service,No internet service,Two year,No,Electronic check,30.26,1818.37,No
CUST-02901,Female,0,Yes,Yes,4,Yes,No,DSL,Yes,No,No,Yes,Yes,No,Two year,Yes,Mailed check,22.43,95.07,No
CUST-02902,Male,0,Yes,No,29,Yes,No,No,No internet service,No internet service,No internet service,No internet service,No internet service,No internet service,One year,No,Credit card (automatic),89.43,2596.45,No
CUST-02903,Female,0,No,No,21,Yes,Yes,Fiber optic,No,Yes,No,No,No,No,One year,No,Bank transfer (automatic),97.82,2058.48,Yes
CUST-02904,Female,0,Yes,Yes,16,Yes,No,Fiber optic,No,Yes,No,Yes,Yes,Yes,Month-to-month,Yes,Mailed check,21.26,343.71,No
CUST-02905,Male,0,Yes,No,9,Yes,No,Fiber optic,No,No,No,Yes,No,No,One year,Yes,Mailed check,32.99,296.95,No
CUST-02906,Female,0,Yes,No,70,Yes,No,DSL,Yes,No,Yes,Yes,Yes,No,Two year,Yes,Bank transfer (automatic),97.03,6794.07,No
CUST-02907,Male,0,No,Yes,67,Yes,No,Fiber optic,No,No,Yes,Yes,No,Yes,Two year,No,Mailed check,114.78,7699.39,No
CUST-02908,Female,0,No,No,41,No,No phone service,No,No internet service,No internet service,No internet service,No internet service,No internet service,No internet service,Month-to-month,No,Bank transfer (automatic),70.05,2871.07,No
CUST-02909,Male,0,No,No,26,No,No phone service,DSL,Yes,Yes,No,Yes,Yes,Yes,Month-to-month,Yes,Electronic check,33.33,861.12,No
CUST-02910,Female,0,No,No,6,Yes,Yes,DSL,No,No,No,No,Yes,No,Month-to-month,No,Bank transfer (automatic),50.13,288.15,No
CUST-02911,Male,0,No,No,22,Yes,Yes,Fiber optic,No,Yes,Yes,No,Yes,Yes,Month-to-month,Yes,Mailed check,96.14,2124.76,No
CUST-02912,Female,0,Yes,No,7,Yes,No,DSL,Yes,No,Yes,Yes,No,No,Two year,Yes,Mailed check,72.32,516.14,No
CUST-02913,Female,0,No,Yes,7,Yes,Yes,Fiber optic,No,No,No,No,Yes,Yes,Month-to-month,No,Electronic check,23.78,161.51,No
CUST-02914,Male,0,No,No,4,Yes,Yes,Fiber optic,Yes,No,No,Yes,Yes,No,Month-to-month,Yes,Mailed check,48.84,201.79,No
CUST-02915,Male,0,Yes,No,70,Yes,Yes,DSL,No,Yes,No,Yes,No,No,One year,No,Credit card (automatic),93.28,6534.76,No
CUST-02916,Male,1,Yes,No,1,Yes,Yes,Fiber optic,No,No,Yes,Yes,No,Yes,Month-to-month,Yes,Credit card (automatic),50.58,53.79,Yes
CUST-02917,Male,1,Yes,No,50,Yes,Yes,Fiber optic,No,No,No,Yes,Yes,No,Month-to-month,No,Mailed check,61.23,3064.02,No
CUST-02918,Female,0,No,No,65,Yes,No,DSL,No,Yes,No,No,Yes,Yes,Month-to-month,Yes,Mailed check,108.5,7048.78,Yes
CUST-02919,Female,0,Yes,No,11,Yes,Yes,No,No internet service,No internet service,No internet service,No internet service,No internet service,No internet service,Month-to-month,Yes,Mailed check,116.46,1281.71,No
CUST-02920,Male,0,No,No,46,Yes,No,DSL,Yes,No,Yes,No,No,Yes,One year,No,Bank transfer (automatic),93.72,4312.86,No
CUST-02921,Female,0,Yes,No,54,Yes,No,Fiber optic,Yes,Yes,No,No,Yes,Yes,One year,No,Mailed check,42.01,2268.89,No
CUST-02922,Male,0,No,No,25,No,No phone service,Fiber optic,Yes,No,No,No,No,No,Two year,No,Bank transfer (automatic),42.31,1057.48,No
CUST-02923,Male,0,No,No,44,Yes,Yes,Fiber optic,Yes,No,No,No,No,No,One year,Yes,Mailed check,48.43,2137.42,No
CUST-02924,Female,1,No,No,61,Yes,Yes,DSL,Yes,Yes,No,Yes,No,No,One year,No,Mailed check,34.06,2082.74,Yes
CUST-02925,Female,0,No,No,69,Yes,No,No,No internet service,No internet service,No internet service,No internet service,No internet service,No internet service,Month-to-month,No,Mailed check,35.88,2480.09,No
CUST-02926,Female,0,Yes,No,1,Yes,Yes,No,No internet service,No internet service,No internet service,No internet service,No internet service,No internet service,Month-to-month,Yes,Electronic check,43.6,48.26,No
CUST-02927,Female,0,Yes,Yes,25,Yes,No,Fiber optic,Yes,No,No,No,No,Yes,Month-to-month,Yes,Bank transfer (automatic),83.99,2100.9,No
CUST-02928,Female,0,No,Yes,13,Yes,No,DSL,Yes,No,No,Yes,No,No,Two year,No,Electronic check,79.25,1036.08,No
CUST-02929,Female,0,Yes,No,56,Yes,Yes,No,No internet service,No internet service,No internet service,No internet service,No internet service,No internet service,Month-to-month,Yes,Mailed check,52.09,2911.05,No
CUST-02930,Female,0,No,No,31,Yes,Yes,No,No internet service,No internet service,No internet service,No internet service,No internet service,No internet service,Month-to-month,No,Electronic check,37.67,1168.12,No
CUST-02931,Male,0,Yes,Yes,61,Yes,No,Fiber optic,Yes,Yes,No,Yes,No,Yes,Two year,Yes,Electronic check,80.4,4907.94,No
CUST-02932,Male,0,Yes,No,29,Yes,Yes,DSL,Yes,Yes,No,Yes,No,No,Month-to-month,Yes,Credit card (automatic),31.09,904.33,No
CUST-02933,Male,0,No,No,12,Yes,No,DSL,No,No,Yes,No,No,Yes,Month-to-month,Yes,Electronic check,32.62,393.31,No
CUST-02934,Male,0,No,Yes,39,Yes,No,DSL,No,Yes,Yes,No,No,Yes,Month-to-month,No,Bank transfer (automatic),56.34,2201.9,No
CUST-02935,Male,0,Yes,Yes,30,No,No phone service,DSL,Yes,Yes,Yes,Yes,Yes,Yes,One year,No,Mailed check,74.74,2249.41,No
CUST-02936,Female,0,No,No,36,Yes,No,DSL,Yes,No,Yes,No,Yes,No,Two year,No,Mailed check,90.83,3264.56,No
CUST-02937,Male,0,Yes,Yes,44,Yes,Yes,No,No internet service,No internet service,No internet service,No internet service,No internet service,No internet service,Two year,Yes,Credit card (automatic),86.7,3816.3,No
CUST-02938,Male,1,Yes,No,58,Yes,Yes,Fiber optic,No,No,No,No,Yes,No,Month-to-month,Yes,Credit card (automatic),55.85,3235.69,No
CUST-02939,Male,0,Yes,No,27,Yes,No,DSL,No,Yes,No,No,Yes,No,Month-to-month,No,Bank transfer (automatic),83.47,2259.04,No
CUST-02940,Male,1,No,No,60,Yes,Yes,Fiber optic,No,No,Yes,Yes,No,Yes,Month-to-month,Yes,Bank transfer (automatic),39.13,2351.42,Yes
CUST-02941,Male,1,No,No,18,Yes,No,DSL,No,No,Yes,No,No,Yes,Month-to-month,Yes,Mailed check,67.37,1207.81,No
CUST-02942,Male,0,Yes,No,42,Yes,Yes,Fiber optic,Yes,No,Yes,No,No,Yes,Month-to-month,Yes,Mailed check,79.53,3340.23,No
CUST-02943,Male,0,No,No,58,No,No phone service,Fiber optic,No,Yes,Yes,No,Yes,Yes,Month-to-month,No,Electronic check,92.44,5354.01,Yes
CUST-02944,Female,1,No,No,15,Yes,No,DSL,No,Yes,Yes,No,Yes,No,Month-to-month,No,Bank transfer (automatic),25.96,394.15,No
CUST-02945,Female,0,Yes,No,68,Yes,No,DSL,No,Yes,No,Yes,Yes,No,Month-to-month,No,Credit card (automatic),28.11,1908.8,No
CUST-02946,Male,0,No,No,43,Yes,Yes,Fiber optic,No,No,Yes,No,Yes,Yes,One year,Yes,Mailed check,25.39,1086.12,No
CUST-02947,Female,1,No,No,65,Yes,No,Fiber optic,No,Yes,No,Yes,No,Yes,Month-to-month,Yes,Mailed check,72.65,4720.52,No
CUST-02948,Female,0,Yes,No,9,Yes,No,Fiber optic,No,Yes,Yes,Yes,Yes,No,Month-to-month,Yes,Electronic check,75.01,678.01,No
CUST-02949,Female,0,No,No,46,Yes,No,No,No internet service,No internet service,No internet service,No internet service,No internet service,No internet service,Two year,Yes,Credit card (automatic),19.1,880.03,No
CUST-02950,Female,0,Yes,Yes,18,Yes,Yes,Fiber optic,No,No,No,Yes,Yes,Yes,One year,Yes,Mailed check,83.67,1503.61,No
CUST-02951,Male,0,No,Yes,50,Yes,No,Fiber optic,No,Yes,No,Yes,Yes,Yes,One year,Yes,Bank transfer (automatic),94.33,4715.98,No
CUST-02952,Female,0,No,No,12,Yes,No,No,No internet service,No internet service,No internet service,No internet service,No internet service,No internet service,Month-to-month,Yes,Bank transfer (automatic),29.66,354.46,No
CUST-02953,Female,0,Yes,No,62,Yes,No,DSL,No,Yes,No,Yes,No,Yes,Month-to-month,Yes,Bank transfer (automatic),51.73,3202.59,No
CUST-02954,Female,0,Yes,No,15,No,No phone service,DSL,Yes,Yes,Yes,Yes,No,No,Month-to-month,Yes,Electronic check,103.0,1535.67,No
CUST-02955,Male,0,No,No,52,Yes,No,No,No internet service,No internet service,No internet service,No internet service,No internet service,No internet service,Month-to-month,No,Electronic check,86.72,4509.41,No
CUST-02956,Male,0,Yes,Yes,34,Yes,Yes,No,No internet service,No internet service,No internet service,No internet service,No internet service,No internet service,One year,Yes,Bank transfer (automatic),48.46,1650.57,No
CUST-02957,Male,0,Yes,No,58,Yes,Yes,DSL,Yes,Yes,Yes,No,Yes,Yes,Month-to-month,Yes,Credit card (automatic),92.22,5348.68,No
CUST-02958,Male,0,No,Yes,38,Yes,Yes,No,No internet service,No internet service,No internet service,No internet service,No internet service,No internet service,Month-to-month,No,Mailed check,106.73,4065.99,Yes
CUST-02959,Male,0,Yes,No,66,Yes,Yes,DSL,No,No,Yes,No,No,Yes,Month-to-month,Yes,Mailed check,48.93,3226.4,No
CUST-02960,Male,0,No,No,60,Yes,Yes,No,No internet service,No internet service,No internet service,No internet service,No internet service,No internet service,Month-to-month,Yes,Mailed check,86.43,5185.59,No
CUST-02961,Male,0,No,No,49,Yes,No,DSL,Yes,Yes,No,No,Yes,No,Month-to-month,Yes,Bank transfer (automatic),27.34,1342.09,No
CUST-02962,Female,1,Yes,No,52,No,No phone service,DSL,Yes,Yes,Yes,No,Yes,Yes,One year,No,Bank transfer (automatic),23.87,1243.44,No
CUST-02963,Female,0,No,Yes,45,Yes,Yes,Fiber optic,Yes,No,No,No,No,No,Two year,Yes,Bank transfer (automatic),76.63,3447.07,No
CUST-02964,Female,0,Yes,No,51,Yes,Yes,No,No internet service,No internet service,No internet service,No internet service,No internet service,No internet service,Month-to-month,Yes,Electronic check,67.24,3428.97,Yes
CUST-02965,Male,0,No,Yes,28,Yes,No,No,No internet service,No internet service,No internet service,No internet service,No internet service,No internet service,One year,Yes,Electronic check,99.01,2771.86,No
CUST-02966,Male,0,Yes,Yes,4,Yes,No,No,No internet service,No internet service,No internet service,No internet service,No internet service,No internet service,Month-to-month,Yes,Bank transfer (automatic),96.03,387.54,No
CUST-02967,Male,0,Yes,Yes,66,No,No phone service,Fiber optic,Yes,Yes,No,Yes,No,No,One year,No,Bank transfer (automatic),46.67,3076.75,No
CUST-02968,Male,0,No,No,39,Yes,Yes,Fiber optic,No,No,Yes,No,No,Yes,Month-to-month,Yes,Credit card (automatic),69.23,2687.8,No
CUST-02969,Male,0,Yes,Yes,71,Yes,No,DSL,Yes,Yes,No,No,Yes,Yes,Month-to-month,Yes,Mailed check,93.58,6642.46,No
CUST-02970,Female,0,Yes,No,1,Yes,No,DSL,Yes,No,No,Yes,Yes,Yes,Month-to-month,No,Electronic check,45.1,53.54,No
CUST-02971,Female,0,Yes,No,67,Yes,Yes,Fiber optic,No,No,No,No,Yes,No,Month-to-month,No,Mailed check,54.2,3635.41,No
CUST-02972,Male,0,No,No,61,Yes,Yes,Fiber optic,No,Yes,No,No,No,No,Month-to-month,Yes,Bank transfer (automatic),23.99,1455.55,No
CUST-02973,Male,0,No,Yes,57,Yes,No,No,No internet service,No internet service,No internet service,No internet service,No internet service,No internet service,One year,Yes,Bank transfer (automatic),31.05,1773.23,No
CUST-02974,Male,1,Yes,Yes,68,Yes,No,DSL,No,Yes,No,No,No,No,Month-to-month,No,Credit card (automatic),79.02,5374.4,No
CUST-02975,Male,0,Yes,No,57,Yes,Yes,Fiber optic,No,Yes,Yes,Yes,Yes,Yes,Two year,No,Credit card (automatic),67.68,3855.89,No
CUST-02976,Female,0,No,No,34,Yes,No,No,No internet service,No internet service,No internet service,No internet service,No internet service,No internet service,Month-to-month,No,Electronic check,34.86,1179.85,No
CUST-02977,Male,0,No,Yes,13,Yes,No,Fiber optic,No,No,No,No,No,No,Month-to-month,Yes,Electronic check,18.73,239.42,No
CUST-02978,Male,1,No,No,14,No,No phone service,Fiber optic,No,Yes,Yes,No,No,No,Two year,Yes,Mailed check,34.9,485.8,No
CUST-02979,Male,0,Yes,No,5,Yes,No,Fiber optic,No,Yes,No,No,Yes,Yes,Month-to-month,Yes,Mailed check,92.96,473.98,No
CUST-02980,Male,1,No,No,15,Yes,No,No,No internet service,No internet service,No internet service,No internet service,No internet service,No internet service,Two year,Yes,Electronic check,27.37,413.75,No
CUST-02981,Female,1,Yes,No,45,Yes,Yes,DSL,No,No,No,Yes,No,Yes,Month-to-month,No,Bank transfer (automatic),58.24,2617.25,No
CUST-02982,Male,0,No,No,62,Yes,No,Fiber optic,Yes,Yes,Yes,No,Yes,Yes,Month-to-month,Yes,Electronic check,41.88,2593.85,Yes
CUST-02983,Male,0,Yes,No,11,Yes,No,DSL,No,No,Yes,No,Yes,Yes,One year,Yes,Mailed check,72.94,802.15,No
CUST-02984,Female,0,No,No,40,Yes,Yes,No,No internet service,No internet service,No internet service,No internet service,No internet service,No internet service,Two year,Yes,Electronic check,69.16,2764.23,No
CUST-02985,Female,0,Yes,No,18,No,No phone service,DSL,No,Yes,No,No,No,Yes,Month-to-month,No,Mailed check,116.3,2093.48,No
CUST-02986,Female,0,No,No,1,Yes,No,Fiber optic,Yes,Yes,No,No,No,No,One year,Yes,Mailed check,95.29,94.56,No
CUST-02987,Male,0,No,No,19,Yes,Yes,Fiber optic,No,No,Yes,No,Yes,Yes,Month-to-month,Yes,Mailed check,111.83,2125.26,Yes
CUST-02988,Male,1,Yes,No,8,Yes,Yes,Fiber optic,No,No,No,Yes,Yes,No,Two year,No,Credit card (automatic),75.8,596.41,No
CUST-02989,Female,0,No,Yes,20,Yes,No,Fiber optic,Yes,No,Yes,Yes,Yes,Yes,One year,Yes,Bank transfer (automatic),91.78,1839.6,No
CUST-02990,Female,1,No,Yes,7,Yes,Yes,DSL,No,No,Yes,No,No,No,Two year,No,Mailed check,107.51,749.77,No
CUST-02991,Female,0,No,No,38,Yes,No,DSL,Yes,No,No,No,Yes,No,Month-to-month,Yes,Bank transfer (automatic),22.11,844.71,No
CUST-02992,Female,0,No,No,36,Yes,No,No,No internet service,No internet service,No internet service,No internet service,No internet service,No internet service,Two year,No,Bank transfer (automatic),109.55,3954.78,No
CUST-02993,Female,1,Yes,No,28,Yes,Yes,Fiber optic,No,No,No,No,No,Yes,Month-to-month,No,Electronic check,39.18,1089.78,No
CUST-02994,Female,0,Yes,No,34,Yes,Yes,No,No internet service,No internet service,No internet service,No internet service,No internet service,No internet service,Month-to-month,Yes,Credit card (automatic),88.5,3009.49,No
CUST-02995,Male,0,No,No,37,Yes,No,Fiber optic,No,No,Yes,No,Yes,Yes,Two year,Yes,Credit card (automatic),95.33,3525.11,No
CUST-02996,Male,0,Yes,Yes,34,Yes,No,DSL,No,No,Yes,Yes,Yes,Yes,Month-to-month,Yes,Bank transfer (automatic),28.93,985.59,No
CUST-02997,Male,0,Yes,No,67,Yes,No,DSL,No,No,Yes,Yes,No,No,One year,Yes,Bank transfer (automatic),113.31,7581.23,No
CUST-02998,Female,0,Yes,No,2,Yes,Yes,DSL,Yes,Yes,No,No,No,No,One year,No,Electronic check,110.66,219.53,No
CUST-02999,Female,0,Yes,No,11,Yes,Yes,No,No internet service,No internet service,No internet service,No internet service,No internet service,No internet service,Month-to-month,No,Electronic check,83.46,913.97,Yes
CUST-03000,Female,0,Yes,No,31,Yes,No,Fiber optic,No,No,No,No,No,No,Month-to-month,No,Mailed check,33.53,1047.57,No
CUST-03001,Female,1,No,Yes,46,Yes,No,Fiber optic,Yes,Yes,Yes,Yes,Yes,Yes,Month-to-month,Yes,Credit card (automatic),74.61,3441.36,No
CUST-03002,Female,0,Yes,No,62,Yes,No,No,No internet service,No internet service,No internet service,No internet service,No internet service,No internet service,Two year,No,Credit card (automatic),52.41,3247.99,No
CUST-03003,Female,1,No,No,25,Yes,No,Fiber optic,No,Yes,Yes,Yes,Yes,Yes,Month-to-month,Yes,Bank transfer (automatic),111.08,2771.26,No
CUST-03004,Male,0,Yes,Yes,42,Yes,No,No,No internet service,No internet service,No internet service,No internet service,No internet service,No internet service,Month-to-month,No,Mailed check,58.67,2459.95,No
CUST-03005,Male,0,No,No,43,Yes,No,DSL,Yes,Yes,No,Yes,No,Yes,One year,Yes,Bank transfer (automatic),87.37,3757.11,No
CUST-03006,Female,0,No,No,37,Yes,No,No,No internet service,No internet service,No internet service,No internet service,No internet service,No internet service,Month-to-month,Yes,Bank transfer (automatic),81.7,3015.89,No
CUST-03007,Male,0,No,No,28,Yes,No,No,No internet service,No internet service,No internet service,No internet service,No internet service,No internet service,Month-to-month,No,Mailed check,45.1,1265.4,Yes
CUST-03008,Female,1,Yes,No,54,Yes,No,Fiber optic,Yes,Yes,Yes,No,Yes,No,One year,Yes,Credit card (automatic),71.55,3862.72,No
CUST-03009,Male,0,Yes,No,51,No,No phone service,Fiber optic,Yes,No,Yes,Yes,Yes,No,Month-to-month,No,Bank transfer (automatic),59.0,3010.78,No
CUST-03010,Female,0,No,No,18,Yes,Yes,No,No internet service,No internet service,No internet service,No internet service,No internet service,No internet service,Month-to-month,No,Bank transfer (automatic),55.46,1000.25,No
CUST-03011,Female,0,No,Yes,34,Yes,No,Fiber optic,No,Yes,Yes,No,No,Yes,One year,Yes,Electronic check,104.4,3556.5,No
CUST-03012,Male,0,Yes,No,47,No,No phone service,DSL,Yes,Yes,Yes,Yes,No,No,Month-to-month,Yes,Credit card (automatic),31.98,1506.24,No
CUST-03013,Male,1,Yes,Yes,59,Yes,Yes,No,No internet service,No internet service,No internet service,No internet service,No internet service,No internet service,Two year,Yes,Bank transfer (automatic),59.04,3484.82,No
CUST-03014,Female,1,No,No,30,Yes,Yes,Fiber optic,No,Yes,Yes,No,Yes,No,One year,Yes,Mailed check,18.68,561.65,Yes
CUST-03015,Female,0,Yes,No,2,Yes,Yes,Fiber optic,Yes,Yes,Yes,No,Yes,Yes,Month-to-month,No,Bank transfer (automatic),44.19,78.49,No
CUST-03016,Male,0,Yes,No,34,Yes,Yes,DSL,No,Yes,Yes,No,No,Yes,Month-to-month,Yes,Electronic check,80.17,2726.68,No
CUST-03017,Male,0,Yes,No,51,Yes,No,DSL,Yes,No,No,No,No,Yes,Month-to-month,Yes,Credit card (automatic),26.75,1367.31,No
CUST-03018,Female,0,Yes,Yes,70,Yes,No,Fiber optic,Yes,Yes,Yes,No,Yes,No,Two year,Yes,Credit card (automatic),45.12,3157.79,No
CUST-03019,Male,1,Yes,No,50,Yes,Yes,Fiber optic,Yes,Yes,Yes,Yes,Yes,No,Two year,No,Electronic check,106.02,5309.32,No
CUST-03020,Female,0,Yes,No,55,Yes,No,No,No internet service,No internet service,No internet service,No internet service,No internet service,No internet service,Month-to-month,Yes,Electronic check,87.18,4787.47,No
CUST-03021,Female,0,No,No,20,Yes,No,Fiber optic,No,Yes,Yes,Yes,Yes,Yes,One year,No,Mailed check,25.03,496.9,No
CUST-03022,Female,0,No,No,0,Yes,No,No,No internet service,No internet service,No internet service,No internet service,No internet service,No internet service,Two year,Yes,Electronic check,117.24,0.0,No
CUST-03023,Female,1,No,No,52,Yes,Yes,DSL,No,No,No,No,No,Yes,One year,Yes,Bank transfer (automatic),112.51,5850.57,No
CUST-03024,Male,0,No,No,5,Yes,Yes,DSL,Yes,Yes,No,Yes,Yes,Yes,One year,No,Credit card (automatic),32.17,157.62,No
CUST-03025,Male,0,No,No,61,Yes,No,Fiber optic,Yes,No,No,No,No,Yes,Month-to-month,No,Credit card (automatic),110.19,6715.39,No
CUST-03026,Male,0,No,No,46,No,No phone service,DSL,No,No,No,No,Yes,Yes,Two year,Yes,Bank transfer (automatic),72.99,3355.76,No
CUST-03027,Male,0,Yes,No,49,Yes,Yes,Fiber optic,Yes,No,No,No,No,Yes,Two year,No,Bank transfer (automatic),110.94,5441.13,No
CUST-03028,Male,0,Yes,No,30,Yes,Yes,Fiber optic,No,Yes,No,No,No,No,Month-to-month,No,Bank transfer (automatic),114.81,3448.07,Yes
CUST-03029,Male,0,No,No,63,Yes,No,Fiber optic,Yes,No,Yes,Yes,Yes,Yes,Month-to-month,No,Mailed check,87.36,5500.21,No
CUST-03030,Male,0,No,Yes,28,Yes,No,DSL,Yes,No,Yes,Yes,No,Yes,Month-to-month,Yes,Mailed check,47.13,1317.77,No
CUST-03031,Female,0,No,Yes,14,Yes,No,DSL,No,Yes,No,Yes,No,No,One year,Yes,Bank transfer (automatic),110.47,1542.69,No
CUST-03032,Male,0,Yes,No,57,Yes,Yes,DSL,No,Yes,Yes,Yes,Yes,No,Month-to-month,No,Credit card (automatic),75.35,4288.64,No
CUST-03033,Male,0,Yes,Yes,22,Yes,Yes,Fiber optic,No,Yes,Yes,Yes,No,No,Two year,No,Credit card (automatic),52.15,1149.43,No
CUST-03034,Female,0,Yes,Yes,37,Yes,No,DSL,Yes,No,No,No,No,Yes,Two year,Yes,Bank transfer (automatic),64.0,2361.59,No
CUST-03035,Male,0,Yes,No,40,Yes,Yes,No,No internet service,No internet service,No internet service,No internet service,No internet service,No internet service,Month-to-month,No,Credit card (automatic),58.62,2348.11,No
CUST-03036,Male,0,No,Yes,14,Yes,Yes,Fiber optic,No,No,Yes,No,No,Yes,One year,No,Electronic check,111.53,1570.51,No
CUST-03037,Female,0,No,No,2,Yes,Yes,No,No internet service,No internet service,No internet service,No internet service,No internet service,No internet service,Month-to-month,No,Mailed check,99.98,201.84,No
CUST-03038,Male,1,No,No,0,Yes,Yes,Fiber optic,Yes,No,No,Yes,No,Yes,Two year,No,Bank transfer (automatic),21.14,3.11,No
CUST-03039,Male,0,No,No,10,Yes,No,No,No internet service,No internet service,No internet service,No internet service,No internet service,No internet service,Month-to-month,Yes,Electronic check,18.99,192.87,No
CUST-03040,Male,0,Yes,Yes,59,Yes,No,Fiber optic,Yes,Yes,No,Yes,Yes,No,Month-to-month,Yes,Mailed check,24.94,1469.02,No
CUST-03041,Female,0,Yes,No,64,Yes,Yes,Fiber optic,Yes,No,No,No,Yes,Yes,Month-to-month,No,Bank transfer (automatic),79.04,5060.41,No
CUST-03042,Male,0,No,No,3,Yes,No,DSL,No,Yes,No,Yes,No,No,Month-to-month,Yes,Electronic check,99.45,299.91,No
CUST-03043,Male,0,Yes,No,24,No,No phone service,No,No internet service,No internet service,No internet service,No internet service,No internet service,No internet service,Month-to-month,Yes,Mailed check,69.49,1664.63,No
CUST-03044,Female,0,Yes,No,71,Yes,No,DSL,No,No,Yes,No,Yes,Yes,One year,No,Credit card (automatic),71.47,5061.79,No
CUST-03045,Male,0,Yes,Yes,42,Yes,Yes,DSL,Yes,No,No,Yes,No,Yes,Month-to-month,Yes,Mailed check,42.04,1760.44,No
CUST-03046,Female,0,Yes,No,39,Yes,No,DSL,Yes,No,No,Yes,Yes,Yes,One year,Yes,Mailed check,63.93,2488.56,No
CUST-03047,Female,0,No,Yes,43,Yes,Yes,DSL,Yes,No,Yes,Yes,Yes,Yes,Month-to-month,Yes,Bank transfer (automatic),43.68,1880.75,No
CUST-03048,Male,0,Yes,No,71,Yes,No,DSL,Yes,Yes,No,Yes,No,Yes,Month-to-month,Yes,Mailed check,45.4,3216.01,No
CUST-03049,Female,0,No,No,58,No,No phone service,Fiber optic,No,Yes,Yes,No,Yes,Yes,Two year,Yes,Bank transfer (automatic),57.12,3322.31,No
CUST-03050,Female,0,Yes,No,22,Yes,No,Fiber optic,No,No,Yes,Yes,Yes,Yes,Month-to-month,Yes,Credit card (automatic),22.75,508.65,Yes
CUST-03051,Male,0,Yes,No,61,Yes,No,Fiber optic,No,Yes,Yes,No,No,No,Month-to-month,No,Bank transfer (automatic),113.5,6928.76,No
CUST-03052,Female,0,No,No,22,Yes,Yes,DSL,Yes,Yes,Yes,No,Yes,No,Two year,Yes,Mailed check,109.43,2404.91,No
CUST-03053,Female,1,No,No,57,Yes,No,DSL,No,No,Yes,Yes,Yes,No,Month-to-month,Yes,Bank transfer (automatic),97.63,5554.52,No
CUST-03054,Male,0,Yes,No,54,Yes,No,DSL,No,Yes,Yes,Yes,No,Yes,Two year,No,Credit card (automatic),74.85,4046.06,No
CUST-03055,Male,0,Yes,No,32,Yes,No,No,No internet service,No internet service,No internet service,No internet service,No internet service,No internet service,Month-to-month,Yes,Bank transfer (automatic),99.3,3173.86,No
CUST-03056,Male,0,No,No,62,No,No phone service,DSL,No,No,Yes,Yes,Yes,No,Two year,Yes,Electronic check,115.41,7159.36,No
CUST-03057,Female,1,Yes,No,59,Yes,No,No,No internet service,No internet service,No internet service,No internet service,No internet service,No internet service,Month-to-month,No,Mailed check,46.36,2738.25,No
CUST-03058,Male,0,Yes,No,60,No,No phone service,DSL,Yes,No,No,Yes,No,No,Month-to-month,Yes,Electronic check,54.43,3263.6,No
CUST-03059,Female,0,No,No,60,Yes,Yes,Fiber optic,Yes,Yes,No,Yes,Yes,Yes,Month-to-month,Yes,Electronic check,90.9,5447.9,No
CUST-03060,Female,1,Yes,No,68,No,No phone service,Fiber optic,Yes,Yes,Yes,Yes,No,Yes,Two year,No,Mailed check,82.29,5596.66,No
CUST-03061,Female,1,Yes,Yes,20,Yes,Yes,DSL,Yes,Yes,No,Yes,No,Yes,Two year,No,Bank transfer (automatic),100.48,2001.75,No
CUST-03062,Female,0,Yes,No,2,Yes,No,Fiber optic,No,Yes,No,No,Yes,Yes,Month-to-month,Yes,Credit card (automatic),52.7,106.81,No
CUST-03063,Female,0,Yes,Yes,47,Yes,Yes,Fiber optic,No,No,Yes,Yes,No,Yes,Two year,No,Electronic check,49.06,2308.17,No
CUST-03064,Female,0,Yes,No,9,Yes,Yes,Fiber optic,No,No,Yes,No,Yes,No,Two year,No,Credit card (automatic),76.54,685.56,No
CUST-03065,Female,0,No,No,41,Yes,No,No,No internet service,No internet service,No internet service,No internet service,No internet service,No internet service,Month-to-month,No,Bank transfer (automatic),32.59,1328.67,No
CUST-03066,Male,0,Yes,No,65,Yes,Yes,DSL,Yes,Yes,No,No,No,No,Month-to-month,Yes,Bank transfer (automatic),21.96,1435.54,No
CUST-03067,Male,0,No,No,45,Yes,Yes,Fiber optic,No,No,Yes,Yes,Yes,No,Month-to-month,Yes,Electronic check,42.41,1905.78,No
CUST-03068,Female,0,No,No,8,Yes,No,DSL,No,No,Yes,No,No,No,Two year,Yes,Credit card (automatic),33.83,269.6,No
CUST-03069,Female,0,Yes,No,48,Yes,Yes,Fiber optic,No,Yes,No,No,Yes,No,One year,Yes,Bank transfer (automatic),18.67,901.62,No
CUST-03070,Male,0,No,No,3,Yes,Yes,DSL,No,No,No,No,Yes,Yes,Two year,Yes,Mailed check,95.8,284.56,No
CUST-03071,Female,0,Yes,No,59,Yes,Yes,DSL,Yes,Yes,No,Yes,No,Yes,Month-to-month,No,Electronic check,72.32,4263.07,No
CUST-03072,Male,0,No,No,28,Yes,Yes,DSL,No,No,Yes,No,No,Yes,Two year,No,Bank transfer (automatic),84.9,2387.25,No
CUST-03073,Male,0,No,Yes,46,Yes,No,Fiber optic,Yes,Yes,No,No,No,Yes,One year,No,Electronic check,34.31,1574.6,No
CUST-03074,Male,1,No,No,62,Yes,Yes,Fiber optic,Yes,No,Yes,Yes,No,No,Month-to-month,Yes,Electronic check,43.67,2713.62,Yes
CUST-03075,Female,0,Yes,No,30,No,No phone service,No,No internet service,No internet service,No internet service,No internet service,No internet service,No internet service,Month-to-month,No,Mailed check,24.01,721.07,Yes
CUST-03076,Female,0,No,No,50,Yes,No,Fiber optic,Yes,No,No,No,Yes,Yes,Two year,No,Bank transfer (automatic),117.75,5888.16,No
CUST-03077,Male,1,No,No,40,Yes,No,Fiber optic,Yes,Yes,No,No,No,Yes,Month-to-month,Yes,Mailed check,28.31,1129.87,Yes
CUST-03078,Male,0,No,No,35,Yes,No,DSL,No,Yes,No,Yes,Yes,No,One year,Yes,Electronic check,27.04,945.4,No
CUST-03079,Male,0,Yes,No,39,Yes,Yes,DSL,No,Yes,Yes,Yes,No,No,One year,No,Bank transfer (automatic),79.42,3106.32,No
CUST-03080,Male,1,Yes,No,59,Yes,Yes,No,No internet service,No internet service,No internet service,No internet service,No internet service,No internet service,Month-to-month,Yes,Credit card (automatic),51.19,3024.49,No
CUST-03081,Male,0,No,No,14,Yes,Yes,Fiber optic,No,Yes,Yes,No,Yes,No,Month-to-month,Yes,Electronic check,106.76,1487.83,No
CUST-03082,Female,0,No,No,29,Yes,No,Fiber optic,No,No,Yes,Yes,Yes,No,Two year,Yes,Bank transfer (automatic),101.15,2928.39,No
CUST-03083,Male,0,No,Yes,29,Yes,No,DSL,Yes,Yes,Yes,No,No,No,Two year,Yes,Mailed check,104.82,3041.69,No
CUST-03084,Female,0,No,No,26,Yes,No,DSL,Yes,Yes,Yes,No,Yes,Yes,One year,No,Electronic check,91.51,2382.45,No
CUST-03085,Male,0,Yes,Yes,39,Yes,Yes,No,No internet service,No internet service,No internet service,No internet service,No internet service,No internet service,One year,No,Bank transfer (automatic),31.18,1219.85,No
CUST-03086,Female,1,Yes,Yes,44,Yes,Yes,Fiber optic,No,No,Yes,No,No,Yes,Month-to-month,Yes,Mailed check,24.36,1071.46,Yes
CUST-03087,Female,0,Yes,Yes,46,Yes,Yes,Fiber optic,Yes,Yes,No,No,No,No,Month-to-month,Yes,Credit card (automatic),24.46,1120.91,No
CUST-03088,Female,0,No,Yes,55,Yes,Yes,No,No internet service,No internet service,No internet service,No internet service,No internet service,No internet service,Two year,Yes,Mailed check,98.18,5395.85,No
CUST-03089,Female,0,Yes,No,53,Yes,Yes,Fiber optic,Yes,No,No,Yes,Yes,No,Month-to-month,Yes,Electronic check,83.71,4425.13,No
CUST-03090,Female,0,No,No,8,No,No phone service,Fiber optic,Yes,No,No,Yes,Yes,Yes,Month-to-month,Yes,Mailed check,116.1,936.97,Yes
CUST-03091,Female,0,No,No,64,Yes,No,Fiber optic,Yes,No,Yes,No,Yes,No,Month-to-month,Yes,Bank transfer (automatic),82.35,5257.25,No
CUST-03092,Male,0,No,No,69,No,No phone service,Fiber optic,Yes,Yes,No,Yes,No,Yes,Month-to-month,No,Electronic check,42.93,2960.96,No
CUST-03093,Female,0,Yes,No,0,No,No phone service,DSL,No,No,Yes,Yes,No,Yes,One year,Yes,Electronic check,26.95,0.0,No
CUST-03094,Male,0,No,No,12,Yes,No,Fiber optic,Yes,No,No,Yes,No,No,Two year,Yes,Bank transfer (automatic),54.56,651.8,No
CUST-03095,Female,0,Yes,No,37,Yes,Yes,DSL,No,Yes,Yes,Yes,No,Yes,Month-to-month,Yes,Mailed check,37.97,1407.77,No
CUST-03096,Female,0,No,No,44,Yes,No,Fiber optic,No,No,Yes,Yes,Yes,Yes,Month-to-month,Yes,Bank transfer (automatic),80.84,3545.53,Yes
CUST-03097,Male,0,Yes,No,39,Yes,Yes,DSL,No,No,No,Yes,No,Yes,Two year,Yes,Bank transfer (automatic),27.6,1078.16,No
CUST-03098,Female,0,No,Yes,14,Yes,Yes,DSL,Yes,Yes,Yes,Yes,No,Yes,Month-to-month,Yes,Electronic check,95.25,1337.86,No
CUST-03099,Male,0,Yes,Yes,49,Yes,Yes,No,No internet service,No internet service,No internet service,No internet service,No internet service,No internet service,Two year,No,Electronic check,87.66,4293.25,No
CUST-03100,Male,0,No,No,1,Yes,No,Fiber optic,No,Yes,No,Yes,Yes,Yes,Two year,No,Bank transfer (automatic),91.64,105.34,No
CUST-03101,Male,0,Yes,No,52,Yes,Yes,DSL,Yes,No,Yes,Yes,No,No,Two year,No,Credit card (automatic),114.55,5945.38,No
CUST-03102,Male,0,No,Yes,25,Yes,No,No,No internet service,No internet service,No internet service,No internet service,No internet service,No internet service,Month-to-month,Yes,Credit card (automatic),83.06,2067.94,No
CUST-03103,Female,1,No,Yes,65,Yes,Yes,Fiber optic,Yes,Yes,Yes,Yes,No,Yes,Month-to-month,Yes,Credit card (automatic),96.86,6294.38,Yes
CUST-03104,Female,0,No,Yes,32,Yes,No,DSL,Yes,No,No,No,Yes,No,One year,No,Credit card (automatic),26.53,847.55,No
CUST-03105,Male,0,Yes,No,58,Yes,No,Fiber optic,No,Yes,Yes,Yes,No,Yes,One year,Yes,Mailed check,112.31,6514.55,No
CUST-03106,Female,0,No,No,25,Yes,Yes,Fiber optic,Yes,No,No,No,Yes,No,One year,No,Electronic check,39.86,1001.14,Yes
CUST-03107,Female,0,No,No,20,Yes,Yes,Fiber optic,Yes,Yes,Yes,Yes,Yes,Yes,Month-to-month,Yes,Credit card (automatic),67.31,1339.92,No
CUST-03108,Male,0,No,Yes,48,Yes,Yes,No,No internet service,No internet service,No internet service,No internet service,No internet service,No internet service,Month-to-month,Yes,Bank transfer (automatic),113.71,5451.29,No
CUST-03109,Female,0,Yes,No,70,Yes,No,DSL,Yes,Yes,Yes,Yes,No,No,Month-to-month,No,Electronic check,35.94,2512.33,No
CUST-03110,Male,0,No,Yes,70,No,No phone service,DSL,Yes,No,No,Yes,Yes,Yes,One year,Yes,Mailed check,21.55,1513.65,No
CUST-03111,Male,1,No,No,65,Yes,Yes,DSL,No,No,Yes,No,Yes,Yes,Month-to-month,Yes,Electronic check,47.71,3105.2,No
CUST-03112,Female,1,Yes,Yes,36,Yes,No,DSL,No,Yes,Yes,Yes,Yes,No,Month-to-month,No,Credit card (automatic),33.64,1210.69,No
CUST-03113,Female,0,No,No,13,Yes,No,Fiber optic,Yes,No,No,Yes,Yes,Yes,One year,No,Mailed check,84.8,1099.86,No
CUST-03114,Female,0,Yes,No,71,Yes,No,No,No internet service,No internet service,No internet service,No internet service,No internet service,No internet service,One year,Yes,Mailed check,45.84,3253.88,No
CUST-03115,Male,0,No,No,6,Yes,Yes,DSL,No,No,Yes,No,Yes,Yes,One year,Yes,Bank transfer (automatic),24.28,147.49,No
CUST-03116,Male,0,Yes,No,37,Yes,Yes,DSL,Yes,Yes,No,No,Yes,Yes,One year,No,Bank transfer (automatic),107.3,3970.59,No
CUST-03117,Female,0,Yes,No,44,Yes,Yes,No,No internet service,No internet service,No internet service,No internet service,No internet service,No internet service,Month-to-month,No,Mailed check,22.95,1002.76,No
CUST-03118,Female,0,Yes,Yes,21,Yes,Yes,DSL,No,No,No,No,No,No,One year,No,Electronic check,45.13,940.34,No
CUST-03119,Female,0,No,No,43,No,No phone service,Fiber optic,No,No,No,No,Yes,No,Month-to-month,Yes,Bank transfer (automatic),42.03,1806.0,No
CUST-03120,Female,0,No,No,34,Yes,No,DSL,No,Yes,No,Yes,Yes,Yes,Month-to-month,No,Credit card (automatic),20.35,695.52,No
CUST-03121,Male,0,Yes,No,59,Yes,No,DSL,Yes,Yes,Yes,Yes,Yes,Yes,One year,Yes,Mailed check,34.52,2031.38,No
CUST-03122,Female,0,No,No,2,Yes,Yes,DSL,Yes,Yes,Yes,Yes,Yes,Yes,Month-to-month,No,Electronic check,99.48,201.0,No
CUST-03123,Male,0,No,No,66,No,No phone service,DSL,Yes,No,Yes,No,Yes,No,Month-to-month,Yes,Electronic check,21.75,1426.56,No
CUST-03124,Male,0,Yes,No,71,Yes,Yes,Fiber optic,Yes,No,Yes,Yes,No,No,One year,Yes,Bank transfer (automatic),20.32,1443.08,No
CUST-03125,Female,0,Yes,Yes,54,Yes,No,DSL,Yes,No,No,No,No,No,Month-to-month,Yes,Electronic check,81.4,4391.69,No
CUST-03126,Female,0,Yes,No,8,Yes,No,DSL,No,Yes,Yes,Yes,Yes,No,Month-to-month,Yes,Bank transfer (automatic),26.89,204.67,No
CUST-03127,Female,1,Yes,Yes,68,Yes,Yes,Fiber optic,No,Yes,Yes,Yes,No,No,Two year,Yes,Electronic check,55.16,3748.15,No
CUST-03128,Male,0,No,No,27,Yes,No,No,No internet service,No internet service,No internet service,No internet service,No internet service,No internet service,Two year,Yes,Electronic check,18.21,485.35,Yes
CUST-03129,Female,0,No,No,14,Yes,No,Fiber optic,No,Yes,No,Yes,No,Yes,Month-to-month,Yes,Mailed check,54.24,757.98,Yes
CUST-03130,Female,0,No,Yes,30,Yes,Yes,DSL,No,No,No,Yes,No,No,One year,No,Electronic check,49.8,1496.06,No
CUST-03131,Male,0,No,No,58,Yes,No,DSL,No,Yes,Yes,No,Yes,No,Month-to-month,Yes,Electronic check,79.27,4599.94,No
CUST-03132,Female,0,No,No,53,Yes,Yes,Fiber optic,No,Yes,No,No,No,No,Month-to-month,Yes,Electronic check,67.91,3589.34,No
CUST-03133,Male,0,No,No,67,Yes,No,Fiber optic,Yes,No,No,Yes,No,Yes,One year,No,Credit card (automatic),85.85,5754.83,No
CUST-03134,Female,0,Yes,Yes,46,Yes,No,Fiber optic,Yes,No,No,No,Yes,Yes,Month-to-month,No,Bank transfer (automatic),111.59,5135.2,No
CUST-03135,Male,0,No,No,41,Yes,Yes,DSL,No,No,No,Yes,Yes,Yes,Two year,No,Credit card (automatic),97.52,3996.2,No
CUST-03136,Female,0,No,No,22,Yes,Yes,DSL,No,Yes,No,Yes,Yes,Yes,One year,No,Mailed check,111.36,2443.58,No
CUST-03137,Female,0,No,No,64,Yes,Yes,No,No internet service,No internet service,No internet service,No internet service,No internet service,No internet service,Month-to-month,Yes,Mailed check,23.42,1496.84,Yes
CUST-03138,Male,0,Yes,No,53,Yes,No,No,No internet service,No internet service,No internet service,No internet service,No internet service,No internet service,Month-to-month,Yes,Credit card (automatic),117.03,6210.65,No
CUST-03139,Male,0,Yes,Yes,10,Yes,No,Fiber optic,Yes,Yes,No,Yes,No,Yes,Month-to-month,No,Electronic check,50.21,505.08,No
CUST-03140,Female,0,No,No,62,Yes,Yes,No,No internet service,No internet service,No internet service,No internet service,No internet service,No internet service,Month-to-month,No,Mailed check,45.67,2836.4,Yes
CUST-03141,Male,0,Yes,No,21,Yes,Yes,DSL,No,Yes,Yes,No,No,No,Month-to-month,Yes,Electronic check,58.35,1220.41,Yes
CUST-03142,Male,0,Yes,No,53,Yes,Yes,No,No internet service,No internet service,No internet service,No internet service,No internet service,No internet service,Month-to-month,Yes,Bank transfer (automatic),96.33,5102.83,No
CUST-03143,Male,0,No,Yes,35,Yes,Yes,Fiber optic,No,Yes,No,No,No,No,Month-to-month,No,Electronic check,113.43,3963.57,No
CUST-03144,Male,0,No,No,57,Yes,No,Fiber optic,Yes,Yes,No,Yes,Yes,Yes,Month-to-month,No,Credit card (automatic),73.42,4181.61,No
CUST-03145,Female,1,No,No,19,Yes,No,Fiber optic,No,Yes,No,Yes,No,No,Two year,No,Electronic check,33.44,642.15,No
CUST-03146,Female,0,Yes,No,15,Yes,Yes,DSL,Yes,Yes,Yes,No,Yes,No,Month-to-month,No,Electronic check,39.41,588.9,Yes
CUST-03147,Male,0,Yes,No,55,Yes,Yes,DSL,No,Yes,Yes,No,No,No,One year,Yes,Electronic check,58.54,3216.25,No
CUST-03148,Male,0,No,No,49,Yes,No,Fiber optic,No,No,Yes,Yes,Yes,No,Month-to-month,Yes,Bank transfer (automatic),54.58,2675.61,Yes
CUST-03149,Male,0,Yes,No,65,No,No phone service,DSL,Yes,Yes,Yes,No,Yes,Yes,Two year,No,Mailed check,41.83,2716.08,No
CUST-03150,Male,1,Yes,Yes,12,Yes,No,Fiber optic,Yes,No,No,Yes,Yes,Yes,Month-to-month,Yes,Electronic check,103.02,1236.7,Yes
CUST-03151,Female,0,Yes,No,14,Yes,No,Fiber optic,No,No,Yes,Yes,No,No,Month-to-month,Yes,Mailed check,46.01,641.3,No
CUST-03152,Female,0,No,No,26,Yes,No,DSL,No,Yes,Yes,No,No,No,Month-to-month,Yes,Electronic check,77.28,2010.23,No
CUST-03153,Male,0,No,No,7,Yes,No,Fiber optic,No,Yes,Yes,Yes,No,Yes,Month-to-month,Yes,Mailed check,65.93,459.61,No
CUST-03154,Male,0,No,Yes,69,Yes,Yes,DSL,Yes,No,No,No,No,No,Month-to-month,Yes,Bank transfer (automatic),110.35,7608.56,No
CUST-03155,Male,0,No,No,49,Yes,Yes,DSL,Yes,Yes,Yes,Yes,No,No,One year,Yes,Mailed check,80.89,3968.88,No
CUST-03156,Female,1,No,No,66,Yes,No,Fiber optic,Yes,Yes,No,Yes,Yes,Yes,Month-to-month,Yes,Mailed check,51.21,3388.95,Yes
CUST-03157,Male,0,Yes,Yes,25,Yes,Yes,Fiber optic,Yes,Yes,No,Yes,No,Yes,Two year,No,Bank transfer (automatic),81.87,2049.24,No
CUST-03158,Female,0,Yes,No,35,Yes,Yes,DSL,No,Yes,No,Yes,Yes,Yes,Month-to-month,No,Mailed check,49.89,1738.64,No
CUST-03159,Male,1,Yes,No,20,Yes,No,DSL,Yes,Yes,Yes,No,Yes,No,Two year,Yes,Electronic check,27.09,540.66,Yes
CUST-03160,Female,0,Yes,Yes,51,Yes,No,Fiber optic,No,No,Yes,Yes,No,No,Two year,Yes,Credit card (automatic),66.52,3393.74,No
CUST-03161,Male,0,Yes,No,10,Yes,Yes,DSL,Yes,No,Yes,Yes,No,No,Month-to-month,Yes,Electronic check,104.02,1031.77,Yes
CUST-03162,Female,0,Yes,No,7,Yes,No,No,No internet service,No internet service,No internet service,No internet service,No internet service,No internet service,Month-to-month,No,Bank transfer (automatic),108.92,759.76,No
CUST-03163,Male,0,No,No,56,Yes,No,No,No internet service,No internet service,No internet service,No internet service,No internet service,No internet service,Two year,Yes,Bank transfer (automatic),72.37,4045.7,No
CUST-03164,Male,0,No,Yes,45,Yes,Yes,DSL,No,No,Yes,No,Yes,No,One year,Yes,Bank transfer (automatic),87.95,3952.6,No
CUST-03165,Male,0,Yes,No,1,Yes,Yes,No,No internet service,No internet service,No internet service,No internet service,No internet service,No internet service,Month-to-month,Yes,Electronic check,79.07,80.77,No
CUST-03166,Female,0,No,No,63,Yes,Yes,Fiber optic,No,Yes,Yes,No,No,Yes,Month-to-month,Yes,Credit card (automatic),99.08,6241.79,No
CUST-03167,Male,0,Yes,No,51,Yes,No,Fiber optic,Yes,Yes,No,Yes,Yes,Yes,One year,No,Mailed check,28.32,1438.84,No
CUST-03168,Female,0,Yes,No,64,Yes,Yes,DSL,No,No,No,No,No,No,Month-to-month,No,Credit card (automatic),58.14,3720.62,No
CUST-03169,Female,0,No,No,10,No,No phone service,DSL,Yes,Yes,No,Yes,No,No,Month-to-month,Yes,Bank transfer (automatic),43.31,431.29,No
CUST-03170,Male,0,No,Yes,5,Yes,No,No,No internet service,No internet service,No internet service,No internet service,No internet service,No internet service,Two year,Yes,Credit card (automatic),18.66,97.71,No
CUST-03171,Male,0,Yes,No,63,No,No phone service,Fiber optic,No,No,Yes,No,No,No,Two year,Yes,Credit card (automatic),100.99,6352.0,No
CUST-03172,Male,0,No,No,54,Yes,Yes,Fiber optic,No,No,No,Yes,Yes,Yes,Two year,Yes,Electronic check,31.42,1692.98,No
CUST-03173,Female,0,Yes,No,43,Yes,No,DSL,Yes,No,No,No,No,Yes,Two year,Yes,Credit card (automatic),50.34,2172.21,No
CUST-03174,Male,0,Yes,No,13,No,No phone service,No,No internet service,No internet service,No internet service,No internet service,No internet service,No internet service,Two year,Yes,Mailed check,104.69,1355.15,No
CUST-03175,Female,0,Yes,No,4,Yes,No,Fiber optic,Yes,No,Yes,Yes,No,Yes,Month-to-month,Yes,Electronic check,90.13,355.11,No
CUST-03176,Female,0,Yes,No,24,Yes,No,Fiber optic,Yes,No,Yes,No,No,No,Month-to-month,No,Mailed check,74.77,1791.89,No
CUST-03177,Male,0,Yes,No,49,Yes,Yes,DSL,Yes,No,No,Yes,Yes,No,One year,No,Credit card (automatic),49.03,2408.81,No
CUST-03178,Male,0,No,No,70,Yes,Yes,No,No internet service,No internet service,No internet service,No internet service,No internet service,No internet service,Month-to-month,Yes,Bank transfer (automatic),69.53,4869.11,No
CUST-03179,Male,0,Yes,Yes,1,Yes,Yes,Fiber optic,Yes,No,Yes,No,No,No,One year,Yes,Bank transfer (automatic),23.62,18.31,No
CUST-03180,Male,0,No,Yes,9,Yes,Yes,DSL,No,No,No,Yes,Yes,No,Month-to-month,No,Electronic check,90.73,816.15,No
CUST-03181,Male,0,Yes,No,1,Yes,No,Fiber optic,No,No,Yes,No,No,No,Two year,Yes,Mailed check,41.73,39.97,No
CUST-03182,Male,0,No,No,59,Yes,No,No,No internet service,No internet service,No internet service,No internet service,No internet service,No internet service,Month-to-month,Yes,Credit card (automatic),65.92,3891.53,No
CUST-03183,Female,1,Yes,No,44,Yes,Yes,Fiber optic,No,No,No,No,Yes,No,Two year,Yes,Electronic check,27.45,1207.59,No
CUST-03184,Female,0,No,No,7,Yes,Yes,Fiber optic,Yes,No,Yes,No,No,No,Two year,Yes,Mailed check,89.08,624.54,No
CUST-03185,Female,0,Yes,No,57,No,No phone service,DSL,Yes,Yes,Yes,Yes,No,No,Two year,Yes,Electronic check,107.58,6130.45,No
CUST-03186,Male,0,Yes,No,6,Yes,No,Fiber optic,Yes,Yes,No,Yes,No,Yes,Month-to-month,No,Mailed check,63.59,388.15,No
CUST-03187,Female,0,No,No,71,Yes,No,Fiber optic,Yes,No,No,No,No,Yes,Month-to-month,Yes,Bank transfer (automatic),26.32,1868.51,No
CUST-03188,Female,0,No,Yes,20,Yes,Yes,Fiber optic,Yes,Yes,No,No,No,Yes,Two year,Yes,Electronic check,112.51,2247.07,No
CUST-03189,Female,0,No,No,46,Yes,Yes,Fiber optic,Yes,Yes,No,No,No,Yes,One year,No,Credit card (automatic),62.7,2889.5,No
CUST-03190,Female,0,No,No,0,Yes,No,DSL,No,Yes,Yes,No,No,Yes,Month-to-month,Yes,Mailed check,26.03,2.95,Yes
CUST-03191,Female,0,No,No,11,No,No phone service,No,No internet service,No internet service,No internet service,No internet service,No internet service,No internet service,Two year,Yes,Credit card (automatic),36.84,400.69,No
CUST-03192,Male,0,No,Yes,47,Yes,No,Fiber optic,Yes,No,No,Yes,No,Yes,Month-to-month,No,Electronic check,29.98,1389.36,No
CUST-03193,Male,0,Yes,Yes,3,Yes,Yes,Fiber optic,Yes,Yes,Yes,Yes,Yes,No,Month-to-month,Yes,Electronic check,37.75,115.95,No
CUST-03194,Female,0,Yes,No,33,No,No phone service,DSL,Yes,Yes,Yes,No,Yes,Yes,One year,No,Mailed check,33.58,1105.96,No
CUST-03195,Female,0,Yes,No,31,No,No phone service,No,No internet service,No internet service,No internet service,No internet service,No internet service,No internet service,Month-to-month,No,Mailed check,110.29,3419.2,No
CUST-03196,Female,0,No,No,2,Yes,No,Fiber optic,Yes,Yes,Yes,Yes,Yes,No,Month-to-month,No,Electronic check,38.91,83.73,No
CUST-03197,Male,0,No,No,67,Yes,Yes,DSL,Yes,No,No,No,Yes,No,Month-to-month,Yes,Electronic check,62.2,4162.64,No
CUST-03198,Male,0,No,No,56,Yes,No,No,No internet service,No internet service,No internet service,No internet service,No internet service,No internet service,Month-to-month,Yes,Mailed check,90.99,5089.82,No
CUST-03199,Female,1,Yes,No,23,Yes,No,DSL,No,No,No,No,No,Yes,Two year,Yes,Bank transfer (automatic),85.7,1964.12,No
CUST-03200,Male,1,No,No,32,Yes,No,Fiber optic,No,Yes,Yes,No,Yes,No,Month-to-month,Yes,Credit card (automatic),113.65,3647.82,No
CUST-03201,Male,0,Yes,Yes,2,Yes,No,Fiber optic,No,No,Yes,Yes,Yes,Yes,Month-to-month,Yes,Credit card (automatic),114.6,235.16,Yes
CUST-03202,Female,0,No,No,3,Yes,Yes,No,No internet service,No internet service,No internet service,No internet service,No internet service,No internet service,Month-to-month,Yes,Electronic check,75.07,228.57,Yes
CUST-03203,Male,0,No,No,29,Yes,No,DSL,No,No,Yes,Yes,Yes,No,Two year,Yes,Electronic check,93.23,2694.04,No
CUST-03204,Male,0,No,No,69,Yes,No,Fiber optic,No,No,Yes,No,Yes,Yes,Month-to-month,No,Mailed check,56.6,3898.28,No
CUST-03205,Female,0,Yes,No,48,No,No phone service,Fiber optic,Yes,No,No,No,Yes,No,Month-to-month,Yes,Credit card (automatic),60.93,2928.15,No
CUST-03206,Male,0,No,Yes,29,Yes,Yes,DSL,No,No,No,No,Yes,No,Month-to-month,Yes,Credit card (automatic),28.44,826.77,Yes
CUST-03207,Male,1,Yes,No,71,Yes,No,No,No internet service,No internet service,No internet service,No internet service,No internet service,No internet service,Month-to-month,Yes,Electronic check,85.34,6057.78,No
CUST-03208,Female,0,No,No,15,Yes,Yes,No,No internet service,No internet service,No internet service,No internet service,No internet service,No internet service,Month-to-month,Yes,Bank transfer (automatic),45.06,669.14,No
CUST-03209,Male,0,No,No,52,Yes,No,Fiber optic,No,No,No,No,No,No,One year,No,Electronic check,25.99,1356.76,No
CUST-03210,Male,0,No,No,5,No,No phone service,No,No internet service,No internet service,No internet service,No internet service,No internet service,No internet service,One year,No,Electronic check,27.82,148.06,Yes
CUST-03211,Female,0,No,No,23,Yes,No,Fiber optic,Yes,Yes,No,No,No,No,Month-to-month,Yes,Electronic check,90.24,2077.71,No
CUST-03212,Female,0,Yes,No,27,Yes,No,Fiber optic,Yes,Yes,Yes,Yes,Yes,Yes,Month-to-month,Yes,Credit card (automatic),40.89,1100.25,No
CUST-03213,Female,0,No,No,20,No,No phone service,Fiber optic,No,Yes,Yes,No,No,No,Two year,Yes,Bank transfer (automatic),95.0,1907.62,No
CUST-03214,Male,0,Yes,No,7,No,No phone service,Fiber optic,No,Yes,Yes,Yes,No,Yes,One year,Yes,Bank transfer (automatic),108.59,760.97,No
CUST-03215,Female,0,No,No,35,Yes,No,Fiber optic,Yes,Yes,No,Yes,No,Yes,Month-to-month,No,Credit card (automatic),52.08,1830.95,No
CUST-03216,Male,1,No,Yes,8,Yes,No,Fiber optic,Yes,Yes,No,No,No,Yes,Month-to-month,Yes,Bank transfer (automatic),97.39,777.33,No
CUST-03217,Female,0,No,Yes,39,Yes,No,Fiber optic,No,No,No,No,Yes,No,Month-to-month,No,Credit card (automatic),60.87,2384.24,No
CUST-03218,Male,0,Yes,No,50,Yes,Yes,Fiber optic,No,Yes,Yes,No,No,No,Month-to-month,No,Mailed check,95.22,4758.76,No
CUST-03219,Female,0,No,Yes,0,No,No phone service,No,No internet service,No internet service,No internet service,No internet service,No internet service,No internet service,Two year,Yes,Mailed check,48.67,0.0,No
CUST-03220,Female,0,Yes,Yes,62,Yes,Yes,Fiber optic,No,Yes,Yes,No,No,Yes,Two year,Yes,Credit card (automatic),111.15,6895.45,No
CUST-03221,Female,0,Yes,No,67,Yes,Yes,DSL,Yes,Yes,Yes,Yes,Yes,No,One year,Yes,Credit card (automatic),116.72,7819.87,No
CUST-03222,Female,1,No,Yes,25,Yes,No,Fiber optic,No,Yes,Yes,Yes,No,Yes,Two year,Yes,Credit card (automatic),56.62,1417.44,Yes
CUST-03223,Male,0,Yes,Yes,39,Yes,Yes,Fiber optic,Yes,Yes,Yes,Yes,Yes,Yes,One year,Yes,Credit card (automatic),37.89,1472.62,No
CUST-03224,Female,1,No,No,2,Yes,No,DSL,Yes,No,No,No,No,No,Month-to-month,Yes,Credit card (automatic),86.53,168.06,No
CUST-03225,Female,0,Yes,No,8,Yes,Yes,No,No internet service,No internet service,No internet service,No internet service,No internet service,No internet service,Month-to-month,Yes,Credit card (automatic),76.36,608.97,Yes
CUST-03226,Male,0,Yes,No,31,Yes,No,DSL,Yes,Yes,No,No,Yes,No,Month-to-month,No,Bank transfer (automatic),117.15,3633.44,No
CUST-03227,Female,1,Yes,No,66,No,No phone service,Fiber optic,Yes,Yes,Yes,No,Yes,No,Month-to-month,Yes,Mailed check,99.16,6540.67,No
CUST-03228,Male,0,Yes,No,3,Yes,No,No,No internet service,No internet service,No internet service,No internet service,No internet service,No internet service,Month-to-month,Yes,Mailed check,101.51,309.88,No
CUST-03229,Female,0,No,No,5,Yes,No,Fiber optic,Yes,Yes,No,No,No,No,Month-to-month,No,Electronic check,90.65,452.71,No
CUST-03230,Female,0,Yes,No,25,Yes,No,Fiber optic,Yes,No,Yes,Yes,No,No,Month-to-month,No,Mailed check,53.08,1335.54,Yes
CUST-03231,Female,0,No,No,1,Yes,No,No,No internet service,No internet service,No internet service,No internet service,No internet service,No internet service,Month-to-month,Yes,Mailed check,111.58,106.32,No
CUST-03232,Male,0,Yes,No,65,Yes,Yes,No,No internet service,No internet service,No internet service,No internet service,No internet service,No internet service,Two year,No,Electronic check,64.57,4198.76,No
CUST-03233,Female,1,No,No,2,Yes,Yes,No,No internet service,No internet service,No internet service,No internet service,No internet service,No internet service,Month-to-month,Yes,Electronic check,57.94,118.18,Yes
CUST-03234,Female,0,No,No,34,Yes,Yes,Fiber optic,No,Yes,No,No,Yes,Yes,Month-to-month,Yes,Credit card (automatic),37.42,1273.64,No
CUST-03235,Female,0,Yes,Yes,58,Yes,No,Fiber optic,Yes,No,Yes,Yes,Yes,Yes,One year,No,Credit card (automatic),48.4,2806.96,No
CUST-03236,Male,1,Yes,No,37,Yes,No,Fiber optic,Yes,No,Yes,Yes,Yes,Yes,Two year,Yes,Mailed check,18.23,678.75,No
CUST-03237,Male,0,No,Yes,32,Yes,No,DSL,No,No,No,No,No,Yes,Month-to-month,No,Electronic check,83.99,2681.5,No
CUST-03238,Female,0,Yes,No,14,Yes,No,No,No internet service,No internet service,No internet service,No internet service,No internet service,No internet service,Month-to-month,Yes,Credit card (automatic),78.55,1101.11,No
CUST-03239,Male,0,Yes,No,13,Yes,No,No,No internet service,No internet service,No internet service,No internet service,No internet service,No internet service,Two year,No,Bank transfer (automatic),58.3,752.97,No
CUST-03240,Female,0,Yes,No,65,Yes,No,Fiber optic,No,No,Yes,No,Yes,No,One year,Yes,Credit card (automatic),114.71,7453.25,No
CUST-03241,Female,0,Yes,Yes,44,Yes,Yes,DSL,No,No,Yes,No,No,No,Two year,Yes,Credit card (automatic),87.31,3842.98,No
CUST-03242,Female,1,Yes,No,47,Yes,No,DSL,Yes,Yes,No,Yes,No,Yes,One year,Yes,Electronic check,42.27,1991.43,No
CUST-03243,Female,0,Yes,Yes,43,Yes,No,DSL,Yes,Yes,No,Yes,Yes,No,Month-to-month,Yes,Mailed check,55.87,2395.54,No
CUST-03244,Female,0,Yes,No,36,Yes,No,Fiber optic,No,No,Yes,Yes,No,No,Month-to-month,No,Mailed check,69.58,2513.13,No
CUST-03245,Female,0,Yes,No,28,Yes,No,Fiber optic,Yes,No,Yes,No,Yes,Yes,Month-to-month,Yes,Bank transfer (automatic),72.54,2036.13,No
CUST-03246,Female,0,Yes,Yes,33,Yes,No,No,No internet service,No internet service,No internet service,No internet service,No internet service,No internet service,Month-to-month,Yes,Mailed check,45.56,1503.7,No
CUST-03247,Male,0,No,No,58,Yes,Yes,No,No internet service,No internet service,No internet service,No internet service,No internet service,No internet service,Two year,No,Electronic check,42.94,2485.18,No
CUST-03248,Male,0,Yes,Yes,42,Yes,No,Fiber optic,No,No,Yes,Yes,No,No,One year,Yes,Bank transfer (automatic),47.94,2021.12,No
CUST-03249,Male,0,Yes,No,32,Yes,No,No,No internet service,No internet service,No internet service,No internet service,No internet service,No internet service,Month-to-month,Yes,Mailed check,114.34,3661.19,No
CUST-03250,Male,0,Yes,Yes,18,Yes,Yes,Fiber optic,No,No,No,No,No,No,Two year,Yes,Electronic check,53.95,973.41,No
CUST-03251,Male,0,Yes,Yes,7,Yes,Yes,DSL,Yes,No,No,Yes,Yes,No,Month-to-month,Yes,Electronic check,55.41,384.48,No
CUST-03252,Male,0,Yes,Yes,30,Yes,No,No,No internet service,No internet service,No internet service,No internet service,No internet service,No internet service,Month-to-month,Yes,Credit card (automatic),90.02,2701.57,No
CUST-03253,Male,0,No,Yes,10,Yes,Yes,DSL,Yes,Yes,No,No,Yes,Yes,One year,Yes,Mailed check,34.28,339.67,No
CUST-03254,Female,0,No,No,7,No,No phone service,No,No internet service,No internet service,No internet service,No internet service,No internet service,No internet service,Two year,Yes,Credit card (automatic),82.32,582.32,No
CUST-03255,Female,0,Yes,No,24,Yes,No,Fiber optic,No,Yes,No,No,No,Yes,Month-to-month,No,Mailed check,84.61,2036.84,No
CUST-03256,Female,0,No,No,19,Yes,Yes,Fiber optic,No,No,Yes,Yes,Yes,Yes,One year,No,Mailed check,24.45,463.78,No
CUST-03257,Female,0,Yes,Yes,37,Yes,No,No,No internet service,No internet service,No internet service,No internet service,No internet service,No internet service,Month-to-month,No,Credit card (automatic),36.99,1365.7,No
CUST-03258,Male,0,Yes,No,6,Yes,Yes,Fiber optic,Yes,No,No,No,No,No,One year,Yes,Credit card (automatic),64.65,391.86,No
CUST-03259,Male,0,No,No,38,Yes,No,No,No internet service,No internet service,No internet service,No internet service,No internet service,No internet service,One year,No,Credit card (automatic),101.54,3861.78,No
CUST-03260,Female,0,No,No,71,Yes,No,Fiber optic,No,No,No,No,No,No,Two year,Yes,Mailed check,91.23,6471.5,No
CUST-03261,Female,0,No,No,19,Yes,Yes,No,No internet service,No internet service,No internet service,No internet service,No internet service,No internet service,Month-to-month,Yes,Electronic check,105.35,2000.19,No
CUST-03262,Male,0,No,No,10,Yes,Yes,Fiber optic,Yes,Yes,No,Yes,Yes,Yes,One year,No,Mailed check,103.1,1041.96,No
CUST-03263,Female,0,No,Yes,15,Yes,No,Fiber optic,Yes,No,Yes,No,Yes,No,Month-to-month,Yes,Credit card (automatic),69.15,1037.21,No
CUST-03264,Female,0,Yes,No,41,No,No phone service,Fiber optic,No,No,No,Yes,Yes,Yes,Month-to-month,No,Electronic check,80.23,3290.61,Yes
CUST-03265,Female,1,Yes,No,51,Yes,Yes,Fiber optic,Yes,Yes,No,Yes,No,Yes,Two year,Yes,Electronic check,110.08,5616.81,No
CUST-03266,Female,1,Yes,No,36,No,No phone service,No,No internet service,No internet service,No internet service,No internet service,No internet service,No internet service,Two year,Yes,Electronic check,92.11,3313.17,No
CUST-03267,Male,0,No,Yes,51,Yes,Yes,No,No internet service,No internet service,No internet service,No internet service,No internet service,No internet service,Month-to-month,No,Credit card (automatic),53.79,2747.12,No
CUST-03268,Female,0,Yes,Yes,8,Yes,Yes,Fiber optic,Yes,Yes,Yes,No,No,No,Month-to-month,No,Mailed check,53.04,426.21,No
CUST-03269,Female,0,No,No,34,No,No phone service,No,No internet service,No internet service,No internet service,No internet service,No internet service,No internet service,Month-to-month,Yes,Electronic check,54.66,1864.07,No
CUST-03270,Male,0,Yes,Yes,66,Yes,No,Fiber optic,No,Yes,No,Yes,No,Yes,Month-to-month,No,Bank transfer (automatic),67.52,4447.89,No
CUST-03271,Male,0,No,Yes,6,Yes,No,DSL,No,No,No,Yes,No,No,Month-to-month,Yes,Mailed check,54.25,327.27,No
CUST-03272,Female,0,No,No,1,Yes,Yes,Fiber optic,No,Yes,Yes,Yes,No,No,Two year,Yes,Bank transfer (automatic),36.75,37.8,No
CUST-03273,Male,0,Yes,No,24,Yes,Yes,Fiber optic,No,Yes,No,No,Yes,Yes,Month-to-month,Yes,Mailed check,77.49,1852.67,No
CUST-03274,Female,0,Yes,No,40,No,No phone service,DSL,Yes,Yes,No,No,No,No,Month-to-month,No,Mailed check,104.92,4195.47,No
CUST-03275,Female,1,Yes,Yes,51,Yes,No,Fiber optic,No,No,No,Yes,Yes,Yes,Two year,Yes,Bank transfer (automatic),67.25,3431.72,No
CUST-03276,Male,0,Yes,No,64,Yes,No,Fiber optic,No,Yes,Yes,Yes,Yes,Yes,One year,No,Mailed check,39.91,2554.49,No
CUST-03277,Female,0,No,Yes,37,Yes,Yes,DSL,Yes,Yes,No,Yes,No,Yes,Two year,Yes,Credit card (automatic),99.31,3674.35,No
CUST-03278,Female,0,Yes,No,66,Yes,Yes,Fiber optic,Yes,No,No,No,No,No,Two year,Yes,Mailed check,93.57,6175.55,No
CUST-03279,Female,0,No,No,41,Yes,No,DSL,No,Yes,No,No,No,No,Two year,Yes,Electronic check,88.02,3606.49,No
CUST-03280,Female,0,Yes,No,70,Yes,Yes,DSL,No,No,Yes,No,Yes,Yes,One year,No,Credit card (automatic),85.47,5992.93,No
CUST-03281,Male,0,Yes,No,53,Yes,Yes,No,No internet service,No internet service,No internet service,No internet service,No internet service,No internet service,Month-to-month,No,Mailed check,96.23,5101.83,No
CUST-03282,Male,0,Yes,No,66,Yes,No,DSL,No,Yes,Yes,Yes,No,Yes,Month-to-month,No,Bank transfer (automatic),101.03,6669.53,No
CUST-03283,Female,0,Yes,Yes,63,Yes,Yes,Fiber optic,Yes,Yes,Yes,Yes,Yes,No,Month-to-month,Yes,Bank transfer (automatic),107.82,6786.02,No
CUST-03284,Male,0,Yes,Yes,3,Yes,No,Fiber optic,No,No,Yes,No,No,Yes,Two year,Yes,Mailed check,78.99,235.39,No
CUST-03285,Female,1,No,No,30,Yes,No,No,No internet service,No internet service,No internet service,No internet service,No internet service,No internet service,Month-to-month,No,Electronic check,57.36,1718.16,Yes
CUST-03286,Female,0,Yes,Yes,12,Yes,No,Fiber optic,No,No,Yes,Yes,Yes,No,Month-to-month,Yes,Bank transfer (automatic),26.99,323.73,No
CUST-03287,Female,0,No,No,26,Yes,No,DSL,No,Yes,Yes,Yes,No,Yes,One year,Yes,Credit card (automatic),90.24,2344.63,No
CUST-03288,Female,0,Yes,Yes,58,Yes,Yes,No,No internet service,No internet service,No internet service,No internet service,No internet service,No internet service,Month-to-month,Yes,Credit card (automatic),32.12,1859.87,No
CUST-03289,Female,0,No,No,64,Yes,No,Fiber optic,Yes,No,Yes,Yes,No,Yes,Month-to-month,Yes,Mailed check,104.85,6709.26,No
CUST-03290,Male,0,Yes,No,63,Yes,No,Fiber optic,No,No,Yes,No,No,No,Two year,No,Mailed check,58.59,3685.76,No
CUST-03291,Female,0,Yes,No,24,Yes,No,DSL,No,Yes,No,Yes,Yes,Yes,Two year,No,Bank transfer (automatic),105.61,2537.62,No
CUST-03292,Male,0,Yes,No,36,Yes,Yes,No,No internet service,No internet service,No internet service,No internet service,No internet service,No internet service,Month-to-month,Yes,Electronic check,69.85,2518.63,No
CUST-03293,Male,0,No,Yes,70,Yes,Yes,Fiber optic,Yes,No,Yes,Yes,No,Yes,Month-to-month,No,Credit card (automatic),63.35,4436.99,No
CUST-03294,Female,0,No,No,13,Yes,Yes,No,No internet service,No internet service,No internet service,No internet service,No internet service,No internet service,One year,Yes,Electronic check,54.36,710.96,No
CUST-03295,Female,0,Yes,No,23,Yes,Yes,DSL,Yes,No,No,No,Yes,No,Two year,Yes,Bank transfer (automatic),24.13,558.92,No
CUST-03296,Female,1,Yes,Yes,66,No,No phone service,Fiber optic,Yes,No,Yes,Yes,No,No,Month-to-month,No,Bank transfer (automatic),19.15,1257.48,No
CUST-03297,Female,0,Yes,No,47,Yes,Yes,DSL,No,Yes,No,Yes,Yes,Yes,One year,No,Bank transfer (automatic),68.87,3244.35,No
CUST-03298,Female,0,No,No,64,No,No phone service,Fiber optic,Yes,Yes,No,No,No,Yes,Two year,No,Bank transfer (automatic),108.11,6923.39,No
CUST-03299,Male,0,Yes,No,37,Yes,Yes,No,No internet service,No internet service,No internet service,No internet service,No internet service,No internet service,Month-to-month,No,Credit card (automatic),76.61,2825.02,No
CUST-03300,Female,1,No,No,69,Yes,No,DSL,No,No,Yes,Yes,Yes,Yes,Two year,Yes,Electronic check,104.24,7188.76,No
CUST-03301,Female,0,Yes,No,58,Yes,No,DSL,No,No,Yes,No,Yes,No,Two year,Yes,Bank transfer (automatic),117.98,6836.68,No
CUST-03302,Male,0,No,No,11,Yes,No,Fiber optic,Yes,Yes,Yes,Yes,Yes,No,Two year,No,Credit card (automatic),35.86,396.63,No
CUST-03303,Male,0,No,Yes,53,Yes,No,DSL,Yes,No,Yes,Yes,No,No,Month-to-month,No,Electronic check,83.96,4447.21,No
CUST-03304,Female,0,No,No,50,Yes,Yes,Fiber optic,Yes,Yes,Yes,No,No,Yes,Month-to-month,Yes,Electronic check,59.69,2984.62,No
CUST-03305,Male,0,Yes,No,37,Yes,Yes,DSL,No,Yes,Yes,No,No,Yes,Month-to-month,Yes,Electronic check,38.88,1447.23,No
CUST-03306,Female,0,No,No,45,Yes,Yes,No,No internet service,No internet service,No internet service,No internet service,No internet service,No internet service,Two year,Yes,Credit card (automatic),42.09,1901.27,No
CUST-03307,Male,1,Yes,No,9,Yes,Yes,DSL,No,No,Yes,Yes,Yes,Yes,Two year,No,Mailed check,42.47,377.44,No
CUST-03308,Male,0,No,No,8,Yes,Yes,No,No internet service,No internet service,No internet service,No internet service,No internet service,No internet service,One year,Yes,Mailed check,90.97,730.05,No
CUST-03309,Female,1,Yes,No,51,Yes,No,Fiber optic,No,No,No,Yes,No,Yes,Month-to-month,Yes,Mailed check,53.5,2737.64,Yes
CUST-03310,Male,0,No,No,50,Yes,Yes,DSL,Yes,No,No,No,Yes,No,Month-to-month,Yes,Bank transfer (automatic),43.57,2173.93,No
CUST-03311,Male,0,No,No,21,Yes,No,DSL,Yes,Yes,No,No,Yes,Yes,Month-to-month,Yes,Mailed check,106.6,2243.44,No
CUST-03312,Male,1,Yes,Yes,71,Yes,No,No,No internet service,No internet service,No internet service,No internet service,No internet service,No internet service,Month-to-month,Yes,Mailed check,21.43,1520.69,No
CUST-03313,Male,0,Yes,No,67,No,No phone service,Fiber optic,No,No,Yes,Yes,Yes,No,Two year,Yes,Credit card (automatic),91.56,6129.82,No
CUST-03314,Male,0,No,No,4,Yes,Yes,Fiber optic,Yes,Yes,Yes,Yes,Yes,Yes,Month-to-month,Yes,Bank transfer (automatic),114.06,463.81,Yes
CUST-03315,Male,0,No,No,28,Yes,Yes,DSL,Yes,Yes,Yes,Yes,Yes,Yes,Month-to-month,No,Credit card (automatic),80.56,2253.54,No
CUST-03316,Female,0,Yes,Yes,5,Yes,No,DSL,Yes,Yes,Yes,Yes,No,Yes,One year,No,Credit card (automatic),72.82,363.35,No
CUST-03317,Female,0,No,No,68,Yes,Yes,Fiber optic,Yes,Yes,No,Yes,Yes,No,Month-to-month,No,Mailed check,24.14,1639.75,No
CUST-03318,Male,0,No,No,57,Yes,Yes,Fiber optic,No,Yes,Yes,No,No,No,One year,No,Electronic check,68.3,3898.37,No
CUST-03319,Female,0,Yes,No,42,Yes,Yes,Fiber optic,Yes,No,Yes,No,No,No,Two year,No,Electronic check,54.14,2278.8,No
CUST-03320,Female,0,Yes,Yes,68,No,No phone service,No,No internet service,No internet service,No internet service,No internet service,No internet service,No internet service,Month-to-month,Yes,Bank transfer (automatic),95.81,6511.37,No
CUST-03321,Female,0,Yes,No,71,Yes,No,Fiber optic,No,Yes,Yes,Yes,Yes,Yes,Month-to-month,Yes,Credit card (automatic),99.18,7042.36,Yes
CUST-03322,Male,0,No,Yes,36,Yes,Yes,DSL,No,Yes,No,No,Yes,Yes,Month-to-month,Yes,Bank transfer (automatic),34.76,1253.2,No
CUST-03323,Female,0,No,No,57,No,No phone service,No,No internet service,No internet service,No internet service,No internet service,No internet service,No internet service,Month-to-month,Yes,Electronic check,70.22,4007.42,No
CUST-03324,Male,0,No,Yes,36,Yes,Yes,Fiber optic,No,Yes,No,Yes,Yes,No,Two year,Yes,Credit card (automatic),103.99,3740.6,No
CUST-03325,Female,0,Yes,No,25,Yes,No,No,No internet service,No internet service,No internet service,No internet service,No internet service,No internet service,Month-to-month,Yes,Credit card (automatic),80.45,2018.16,No
CUST-03326,Male,0,No,Yes,41,Yes,No,No,No internet service,No internet service,No internet service,No internet service,No internet service,No internet service,Two year,No,Bank transfer (automatic),66.1,2714.17,No
CUST-03327,Male,0,Yes,Yes,15,Yes,Yes,DSL,Yes,No,Yes,Yes,Yes,Yes,Two year,Yes,Credit card (automatic),107.81,1612.4,No
CUST-03328,Female,1,Yes,Yes,21,Yes,Yes,Fiber optic,No,No,Yes,No,Yes,Yes,Month-to-month,Yes,Credit card (automatic),114.65,2410.07,No
CUST-03329,Female,0,No,No,22,Yes,Yes,DSL,Yes,No,Yes,Yes,Yes,Yes,Month-to-month,No,Bank transfer (automatic),41.53,916.11,No
CUST-03330,Male,0,Yes,No,46,Yes,Yes,Fiber optic,No,Yes,Yes,Yes,Yes,Yes,Month-to-month,Yes,Bank transfer (automatic),36.28,1665.33,No
CUST-03331,Female,0,No,No,66,Yes,No,Fiber optic,No,No,No,No,Yes,No,Two year,No,Credit card (automatic),104.48,6897.81,No
CUST-03332,Female,0,Yes,No,2,Yes,No,Fiber optic,No,No,No,Yes,No,No,Month-to-month,Yes,Credit card (automatic),42.29,84.59,Yes
CUST-03333,Female,0,Yes,No,11,Yes,No,Fiber optic,Yes,Yes,No,No,Yes,No,Two year,Yes,Bank transfer (automatic),102.78,1122.92,No
CUST-03334,Male,0,Yes,No,22,Yes,No,No,No internet service,No internet service,No internet service,No internet service,No internet service,No internet service,Two year,Yes,Electronic check,48.12,1042.66,No
CUST-03335,Male,0,No,Yes,10,Yes,No,DSL,Yes,No,Yes,Yes,No,No,One year,No,Credit card (automatic),19.92,209.45,No
CUST-03336,Female,1,Yes,Yes,51,No,No phone service,DSL,No,Yes,No,Yes,No,No,Month-to-month,Yes,Bank transfer (automatic),60.19,3069.07,No
CUST-03337,Female,0,No,No,49,Yes,Yes,Fiber optic,Yes,No,Yes,No,Yes,Yes,Month-to-month,Yes,Mailed check,22.04,1080.5,No
CUST-03338,Female,0,Yes,No,56,Yes,No,Fiber optic,No,Yes,No,No,Yes,Yes,Two year,No,Bank transfer (automatic),38.8,2167.67,No
CUST-03339,Male,0,Yes,Yes,63,No,No phone service,Fiber optic,No,No,Yes,No,No,No,Month-to-month,Yes,Bank transfer (automatic),65.94,4151.23,No
CUST-03340,Male,1,Yes,Yes,45,Yes,No,Fiber optic,Yes,No,Yes,No,Yes,No,Month-to-month,Yes,Electronic check,21.85,994.09,No
CUST-03341,Female,0,No,Yes,28,No,No phone service,Fiber optic,No,No,Yes,Yes,No,Yes,Month-to-month,No,Mailed check,21.32,609.05,No
CUST-03342,Female,0,No,No,69,Yes,No,DSL,No,Yes,Yes,Yes,No,No,Two year,No,Credit card (automatic),33.51,2302.91,No
CUST-03343,Female,0,No,Yes,45,Yes,No,DSL,No,Yes,No,No,No,No,One year,Yes,Bank transfer (automatic),64.28,2892.89,No
CUST-03344,Female,0,No,No,15,Yes,No,Fiber optic,No,Yes,No,No,No,Yes,Two year,No,Bank transfer (automatic),115.4,1740.34,No
CUST-03345,Female,0,No,No,50,Yes,No,DSL,No,Yes,No,No,Yes,No,Two year,No,Electronic check,27.34,1367.99,No
CUST-03346,Female,0,Yes,No,10,Yes,Yes,DSL,Yes,No,No,No,No,Yes,Month-to-month,No,Bank transfer (automatic),80.2,805.42,No
CUST-03347,Male,0,Yes,Yes,10,Yes,Yes,DSL,No,Yes,No,No,No,Yes,Two year,Yes,Bank transfer (automatic),67.71,676.25,No
CUST-03348,Female,0,No,Yes,62,Yes,Yes,Fiber optic,No,Yes,No,No,Yes,No,Month-to-month,No,Credit card (automatic),24.02,1491.82,No
CUST-03349,Male,0,No,No,52,Yes,No,No,No internet service,No internet service,No internet service,No internet service,No internet service,No internet service,Month-to-month,No,Bank transfer (automatic),21.41,1120.55,No
CUST-03350,Female,0,No,No,57,Yes,Yes,No,No internet service,No internet service,No internet service,No internet service,No internet service,No internet service,One year,No,Electronic check,40.18,2292.87,No
CUST-03351,Female,0,No,No,18,Yes,Yes,No,No internet service,No internet service,No internet service,No internet service,No internet service,No internet service,Month-to-month,No,Bank transfer (automatic),86.48,1550.56,No
CUST-03352,Male,0,Yes,No,31,Yes,Yes,DSL,Yes,No,Yes,Yes,No,No,Two year,Yes,Mailed check,114.24,3538.29,No
CUST-03353,Male,0,No,No,49,No,No phone service,No,No internet service,No internet service,No internet service,No internet service,No internet service,No internet service,Two year,Yes,Bank transfer (automatic),73.61,3610.76,No
CUST-03354,Male,0,No,No,71,Yes,Yes,Fiber optic,Yes,Yes,No,No,Yes,Yes,One year,No,Electronic check,22.58,1602.84,No
CUST-03355,Male,0,No,No,54,Yes,No,No,No internet service,No internet service,No internet service,No internet service,No internet service,No internet service,Two year,Yes,Mailed check,43.8,2362.47,No
CUST-03356,Female,0,No,No,40,Yes,No,No,No internet service,No internet service,No internet service,No internet service,No internet service,No internet service,Month-to-month,No,Electronic check,112.23,4483.75,No
CUST-03357,Male,0,Yes,Yes,69,Yes,No,Fiber optic,No,No,No,No,Yes,No,Month-to-month,No,Bank transfer (automatic),19.25,1323.27,No
CUST-03358,Female,0,Yes,Yes,20,Yes,No,DSL,Yes,No,No,No,Yes,Yes,Month-to-month,Yes,Bank transfer (automatic),78.23,1561.02,No
CUST-03359,Male,0,No,Yes,25,Yes,No,Fiber optic,Yes,No,Yes,No,No,Yes,Month-to-month,Yes,Electronic check,35.89,899.53,No
CUST-03360,Female,0,Yes,Yes,0,Yes,No,DSL,Yes,No,Yes,Yes,No,Yes,Month-to-month,Yes,Credit card (automatic),24.62,0.0,No
CUST-03361,Female,0,Yes,No,26,Yes,Yes,DSL,No,Yes,No,No,No,No,Month-to-month,Yes,Bank transfer (automatic),43.44,1130.33,No
CUST-03362,Female,1,No,No,49,Yes,Yes,DSL,Yes,Yes,No,Yes,No,No,One year,No,Mailed check,111.7,5474.09,No
CUST-03363,Female,0,No,No,65,Yes,No,Fiber optic,Yes,No,Yes,Yes,No,Yes,Month-to-month,Yes,Electronic check,94.18,6125.54,Yes
CUST-03364,Female,1,Yes,No,64,Yes,No,DSL,Yes,Yes,No,Yes,No,Yes,Two year,No,Bank transfer (automatic),35.12,2243.57,No
CUST-03365,Female,0,Yes,Yes,9,Yes,No,No,No internet service,No internet service,No internet service,No internet service,No internet service,No internet service,One year,No,Mailed check,24.57,229.21,No
CUST-03366,Male,1,Yes,No,36,Yes,No,DSL,Yes,No,Yes,Yes,Yes,Yes,Month-to-month,Yes,Bank transfer (automatic),67.31,2414.36,No
CUST-03367,Female,0,Yes,Yes,68,Yes,Yes,Fiber optic,Yes,No,No,Yes,Yes,No,Month-to-month,Yes,Bank transfer (automatic),23.27,1580.73,No
CUST-03368,Male,0,Yes,No,40,Yes,Yes,DSL,Yes,No,No,Yes,No,No,Two year,Yes,Credit card (automatic),58.41,2334.28,No
CUST-03369,Male,0,No,No,45,Yes,No,No,No internet service,No internet service,No internet service,No internet service,No internet service,No internet service,Month-to-month,Yes,Credit card (automatic),98.03,4407.4,No
CUST-03370,Female,0,Yes,No,44,Yes,No,Fiber optic,No,No,No,Yes,No,Yes,Month-to-month,No,Electronic check,68.07,2984.06,No
CUST-03371,Male,0,Yes,No,26,Yes,No,DSL,Yes,Yes,No,Yes,No,Yes,Month-to-month,No,Mailed check,107.68,2805.75,No
CUST-03372,Female,0,Yes,Yes,64,Yes,No,Fiber optic,No,No,No,Yes,No,Yes,Month-to-month,No,Mailed check,97.13,6220.47,No
CUST-03373,Male,0,Yes,No,7,Yes,No,DSL,Yes,No,No,No,Yes,Yes,Month-to-month,Yes,Mailed check,73.53,517.2,No
CUST-03374,Female,0,Yes,Yes,66,Yes,No,Fiber optic,Yes,No,Yes,No,Yes,No,One year,Yes,Bank transfer (automatic),97.04,6401.01,No
CUST-03375,Male,0,Yes,Yes,48,Yes,Yes,Fiber optic,Yes,No,Yes,No,No,Yes,Month-to-month,Yes,Bank transfer (automatic),27.49,1316.99,No
CUST-03376,Female,0,Yes,No,13,Yes,Yes,DSL,No,No,No,No,Yes,No,Two year,No,Electronic check,38.14,494.14,No
CUST-03377,Female,0,Yes,Yes,61,Yes,Yes,Fiber optic,No,Yes,Yes,Yes,Yes,Yes,Month-to-month,No,Electronic check,88.04,5369.24,No
CUST-03378,Female,0,No,No,42,Yes,Yes,DSL,No,Yes,No,Yes,Yes,Yes,Month-to-month,No,Bank transfer (automatic),18.57,783.92,No
CUST-03379,Female,0,No,No,26,Yes,No,Fiber optic,Yes,No,No,No,Yes,Yes,Two year,Yes,Bank transfer (automatic),18.47,477.75,No
CUST-03380,Male,1,Yes,No,26,Yes,Yes,Fiber optic,No,No,Yes,No,Yes,No,Month-to-month,Yes,Mailed check,56.03,1452.5,No
CUST-03381,Female,0,No,Yes,67,Yes,Yes,Fiber optic,No,Yes,Yes,No,Yes,No,One year,Yes,Bank transfer (automatic),104.71,7016.3,Yes
CUST-03382,Male,0,No,No,47,Yes,No,No,No internet service,No internet service,No internet service,No internet service,No internet service,No internet service,Two year,No,Mailed check,116.08,5455.97,No
CUST-03383,Male,0,No,No,66,Yes,Yes,Fiber optic,Yes,No,Yes,No,Yes,Yes,Month-to-month,Yes,Electronic check,82.98,5479.2,No
CUST-03384,Male,0,No,No,24,Yes,Yes,Fiber optic,Yes,Yes,Yes,Yes,No,No,Month-to-month,No,Bank transfer (automatic),113.03,2719.66,No
CUST-03385,Female,0,No,No,63,Yes,Yes,No,No internet service,No internet service,No internet service,No internet service,No internet service,No internet service,Month-to-month,No,Bank transfer (automatic),102.77,6472.48,No
CUST-03386,Male,0,No,No,23,Yes,No,No,No internet service,No internet service,No internet service,No internet service,No internet service,No internet service,Month-to-month,Yes,Mailed check,38.15,882.11,No
CUST-03387,Male,0,Yes,No,8,No,No phone service,No,No internet service,No internet service,No internet service,No internet service,No internet service,No internet service,Month-to-month,No,Electronic check,58.4,467.91,No
CUST-03388,Male,1,Yes,No,7,Yes,No,No,No internet service,No internet service,No internet service,No internet service,No internet service,No internet service,Month-to-month,Yes,Credit card (automatic),80.38,567.78,No
CUST-03389,Female,0,No,Yes,58,Yes,No,No,No internet service,No internet service,No internet service,No internet service,No internet service,No internet service,Month-to-month,Yes,Bank transfer (automatic),33.13,1927.7,No
CUST-03390,Female,0,Yes,No,16,No,No phone service,DSL,No,Yes,No,No,Yes,Yes,Month-to-month,Yes,Mailed check,49.31,785.17,Yes
CUST-03391,Male,1,No,No,42,Yes,No,DSL,No,Yes,Yes,Yes,No,No,One year,Yes,Bank transfer (automatic),93.64,3942.78,No
CUST-03392,Female,0,Yes,No,67,Yes,No,Fiber optic,Yes,Yes,No,No,No,Yes,Month-to-month,Yes,Credit card (automatic),52.47,3516.4,No
CUST-03393,Female,0,Yes,Yes,3,Yes,No,No,No internet service,No internet service,No internet service,No internet service,No internet service,No internet service,One year,Yes,Credit card (automatic),110.59,326.03,No
CUST-03394,Male,0,Yes,No,7,Yes,Yes,DSL,Yes,Yes,Yes,No,No,No,Two year,No,Electronic check,58.68,405.07,No
CUST-03395,Male,0,No,No,41,Yes,Yes,Fiber optic,No,No,Yes,No,Yes,Yes,Month-to-month,Yes,Mailed check,39.98,1646.55,No
CUST-03396,Female,0,Yes,No,48,Yes,Yes,No,No internet service,No internet service,No internet service,No internet service,No internet service,No internet service,Month-to-month,No,Credit card (automatic),39.01,1879.05,No
CUST-03397,Male,0,Yes,Yes,5,Yes,Yes,No,No internet service,No internet service,No internet service,No internet service,No internet service,No internet service,Two year,No,Mailed check,86.72,439.08,No
CUST-03398,Female,0,No,No,41,Yes,No,Fiber optic,Yes,No,No,Yes,Yes,No,One year,No,Mailed check,54.82,2244.91,No
CUST-03399,Female,1,No,No,71,Yes,Yes,Fiber optic,Yes,No,No,No,Yes,Yes,Two year,No,Electronic check,41.73,2960.96,No
CUST-03400,Female,0,Yes,No,31,Yes,No,DSL,Yes,No,No,No,No,No,Two year,No,Credit card (automatic),87.39,2701.21,No
CUST-03401,Female,1,No,No,14,Yes,Yes,No,No internet service,No internet service,No internet service,No internet service,No internet service,No internet service,One year,No,Mailed check,60.14,840.5,Yes
CUST-03402,Female,1,Yes,No,68,Yes,No,No,No internet service,No internet service,No internet service,No internet service,No internet service,No internet service,Two year,Yes,Electronic check,102.6,6977.65,No
CUST-03403,Female,0,Yes,No,26,Yes,Yes,No,No internet service,No internet service,No internet service,No internet service,No internet service,No internet service,Month-to-month,Yes,Bank transfer (automatic),72.9,1902.9,No
CUST-03404,Male,0,No,No,65,Yes,Yes,No,No internet service,No internet service,No internet service,No internet service,No internet service,No internet service,Month-to-month,Yes,Bank transfer (automatic),115.22,7487.92,No
CUST-03405,Male,0,No,Yes,58,Yes,Yes,DSL,No,Yes,No,No,No,Yes,One year,No,Credit card (automatic),55.45,3214.43,No
CUST-03406,Female,0,Yes,No,27,Yes,Yes,Fiber optic,Yes,Yes,Yes,No,No,No,One year,Yes,Mailed check,46.21,1249.12,No
CUST-03407,Female,0,No,Yes,23,Yes,No,DSL,Yes,No,No,No,No,Yes,Month-to-month,No,Bank transfer (automatic),82.46,1900.83,No
CUST-03408,Female,1,Yes,Yes,50,Yes,Yes,Fiber optic,No,Yes,No,Yes,No,Yes,Two year,Yes,Bank transfer (automatic),88.84,4449.76,No
CUST-03409,Male,0,No,No,20,Yes,No,DSL,No,Yes,No,No,No,Yes,Two year,No,Bank transfer (automatic),19.7,390.5,No
CUST-03410,Female,0,No,No,30,Yes,No,DSL,No,No,No,Yes,No,Yes,Month-to-month,Yes,Credit card (automatic),84.94,2547.35,Yes
CUST-03411,Male,0,No,No,49,Yes,Yes,No,No internet service,No internet service,No internet service,No internet service,No internet service,No internet service,Month-to-month,Yes,Mailed check,36.1,1769.58,No
CUST-03412,Female,0,No,No,39,No,No phone service,Fiber optic,Yes,No,No,Yes,No,Yes,Month-to-month,No,Mailed check,113.89,4440.38,No
CUST-03413,Female,0,No,No,67,No,No phone service,No,No internet service,No internet service,No internet service,No internet service,No internet service,No internet service,Month-to-month,No,Credit card (automatic),75.6,5062.1,No
CUST-03414,Male,0,Yes,Yes,15,Yes,Yes,Fiber optic,No,Yes,No,No,Yes,No,Month-to-month,No,Electronic check,30.66,458.62,No
CUST-03415,Male,0,Yes,Yes,62,Yes,No,DSL,No,No,Yes,No,Yes,No,Month-to-month,Yes,Credit card (automatic),23.27,1436.65,No
CUST-03416,Female,0,Yes,No,55,Yes,No,Fiber optic,No,No,No,No,No,No,Month-to-month,No,Credit card (automatic),105.96,5824.77,No
CUST-03417,Female,0,No,Yes,23,Yes,Yes,No,No internet service,No internet service,No internet service,No internet service,No internet service,No internet service,Month-to-month,No,Bank transfer (automatic),103.06,2364.21,No
CUST-03418,Female,0,Yes,No,27,Yes,No,Fiber optic,No,No,No,No,Yes,No,One year,No,Electronic check,61.41,1658.13,No
CUST-03419,Male,0,Yes,No,30,Yes,Yes,No,No internet service,No internet service,No internet service,No internet service,No internet service,No internet service,Month-to-month,Yes,Electronic check,26.75,800.54,No
CUST-03420,Male,0,No,No,14,Yes,No,DSL,Yes,No,No,Yes,Yes,Yes,Month-to-month,Yes,Credit card (automatic),57.0,795.27,No
CUST-03421,Male,0,No,No,41,Yes,Yes,Fiber optic,Yes,No,No,Yes,No,No,Month-to-month,No,Bank transfer (automatic),94.05,3856.13,No
CUST-03422,Male,0,No,Yes,49,Yes,No,No,No internet service,No internet service,No internet service,No internet service,No internet service,No internet service,One year,No,Credit card (automatic),84.15,4110.98,No
CUST-03423,Male,0,Yes,No,4,Yes,Yes,DSL,No,No,Yes,No,No,No,Month-to-month,Yes,Electronic check,104.52,416.49,No
CUST-03424,Male,1,Yes,Yes,47,Yes,Yes,Fiber optic,No,No,No,Yes,Yes,No,One year,Yes,Mailed check,93.12,4377.61,No
CUST-03425,Female,0,No,No,12,Yes,Yes,Fiber optic,No,No,Yes,No,No,No,Two year,No,Bank transfer (automatic),51.01,616.99,No
CUST-03426,Female,0,Yes,Yes,31,Yes,Yes,Fiber optic,No,Yes,No,No,Yes,Yes,One year,Yes,Bank transfer (automatic),52.11,1618.46,No
CUST-03427,Male,1,Yes,No,66,Yes,No,DSL,Yes,Yes,No,Yes,Yes,Yes,Two year,No,Bank transfer (automatic),82.78,5469.83,No
CUST-03428,Female,0,No,No,29,No,No phone service,Fiber optic,No,No,No,No,No,No,Month-to-month,Yes,Credit card (automatic),49.02,1414.41,No
CUST-03429,Female,0,Yes,No,5,Yes,Yes,No,No internet service,No internet service,No internet service,No internet service,No internet service,No internet service,Month-to-month,Yes,Mailed check,104.77,529.08,No
CUST-03430,Male,1,No,No,24,Yes,No,DSL,No,No,No,Yes,No,No,Month-to-month,Yes,Electronic check,50.77,1219.97,No
CUST-03431,Female,0,Yes,No,27,Yes,No,Fiber optic,No,Yes,No,No,Yes,Yes,One year,Yes,Mailed check,66.89,1803.35,No
CUST-03432,Male,0,No,No,61,Yes,Yes,DSL,Yes,Yes,Yes,Yes,No,No,Two year,No,Electronic check,22.32,1362.06,No
CUST-03433,Male,1,Yes,No,21,Yes,No,Fiber optic,Yes,No,No,Yes,No,No,Month-to-month,Yes,Mailed check,29.81,641.64,No
CUST-03434,Female,0,Yes,No,67,Yes,No,Fiber optic,Yes,Yes,No,No,No,Yes,Month-to-month,Yes,Mailed check,31.19,2090.46,Yes
CUST-03435,Male,0,No,No,14,No,No phone service,Fiber optic,Yes,No,Yes,Yes,No,No,One year,No,Bank transfer (automatic),52.41,734.14,Yes
CUST-03436,Male,0,No,No,25,Yes,Yes,DSL,Yes,No,No,No,No,Yes,Month-to-month,Yes,Mailed check,29.66,745.8,No
CUST-03437,Male,0,No,No,62,Yes,Yes,DSL,Yes,No,No,No,Yes,Yes,Month-to-month,Yes,Mailed check,63.71,3948.93,No
CUST-03438,Male,0,No,Yes,17,Yes,Yes,Fiber optic,Yes,Yes,No,Yes,No,Yes,Two year,No,Electronic check,44.92,759.68,No
CUST-03439,Male,0,Yes,No,62,Yes,Yes,No,No internet service,No internet service,No internet service,No internet service,No internet service,No internet service,Month-to-month,Yes,Electronic check,45.25,2812.52,No
CUST-03440,Male,1,No,No,61,Yes,No,DSL,Yes,Yes,Yes,No,Yes,No,Month-to-month,Yes,Mailed check,62.55,3808.35,No
CUST-03441,Male,1,No,No,67,No,No phone service,Fiber optic,Yes,No,No,Yes,Yes,No,Month-to-month,Yes,Bank transfer (automatic),103.38,6926.68,Yes
CUST-03442,Male,1,No,No,47,Yes,Yes,Fiber optic,Yes,No,No,No,No,No,Two year,Yes,Bank transfer (automatic),94.17,4425.67,No
CUST-03443,Female,0,No,No,49,Yes,Yes,DSL,Yes,Yes,No,Yes,Yes,Yes,One year,Yes,Electronic check,106.37,5207.96,No
CUST-03444,Female,0,No,No,62,Yes,Yes,Fiber optic,Yes,No,No,No,No,Yes,Month-to-month,No,Credit card (automatic),117.02,7248.65,No
CUST-03445,Female,1,Yes,No,68,Yes,Yes,Fiber optic,Yes,Yes,Yes,Yes,Yes,Yes,Month-to-month,Yes,Electronic check,19.11,1298.84,No
CUST-03446,Male,1,No,No,5,Yes,No,Fiber optic,No,Yes,No,Yes,Yes,Yes,Month-to-month,No,Bank transfer (automatic),87.25,438.08,No
CUST-03447,Male,0,No,No,57,Yes,No,DSL,No,No,Yes,No,No,Yes,Month-to-month,Yes,Credit card (automatic),29.98,1714.1,No
CUST-03448,Female,0,No,No,50,Yes,Yes,No,No internet service,No internet service,No internet service,No internet service,No internet service,No internet service,Two year,Yes,Electronic check,111.68,5580.14,No
CUST-03449,Female,0,Yes,No,11,Yes,No,DSL,No,No,Yes,Yes,Yes,No,Month-to-month,Yes,Electronic check,40.68,443.56,Yes
CUST-03450,Female,0,Yes,Yes,46,Yes,No,DSL,No,No,Yes,Yes,No,No,Two year,Yes,Credit card (automatic),53.0,2445.63,No
CUST-03451,Male,0,Yes,No,8,Yes,Yes,Fiber optic,Yes,No,Yes,Yes,Yes,Yes,Month-to-month,Yes,Electronic check,115.91,924.94,Yes
CUST-03452,Female,1,No,No,6,Yes,Yes,DSL,No,Yes,No,Yes,No,No,Two year,No,Bank transfer (automatic),104.72,626.65,No
CUST-03453,Female,0,No,No,28,Yes,No,DSL,Yes,Yes,No,No,Yes,Yes,One year,Yes,Credit card (automatic),22.72,642.25,No
CUST-03454,Male,0,Yes,No,50,Yes,No,Fiber optic,No,Yes,No,No,No,Yes,Month-to-month,No,Bank transfer (automatic),22.69,1126.27,No
CUST-03455,Female,0,Yes,No,54,Yes,No,Fiber optic,No,Yes,No,Yes,No,No,Month-to-month,Yes,Mailed check,99.88,5387.51,No
CUST-03456,Male,0,No,No,58,Yes,No,Fiber optic,No,No,Yes,No,Yes,No,Month-to-month,No,Electronic check,25.04,1459.28,No
CUST-03457,Male,0,No,No,55,Yes,Yes,Fiber optic,No,Yes,No,No,No,No,Month-to-month,Yes,Mailed check,103.17,5671.34,No
CUST-03458,Male,0,No,No,21,Yes,No,No,No internet service,No internet service,No internet service,No internet service,No internet service,No internet service,Two year,Yes,Mailed check,110.46,2316.99,Yes
CUST-03459,Female,0,Yes,No,17,Yes,Yes,No,No internet service,No internet service,No internet service,No internet service,No internet service,No internet service,Month-to-month,No,Mailed check,20.38,344.21,No
CUST-03460,Female,0,No,No,57,Yes,No,DSL,Yes,No,Yes,Yes,Yes,No,Month-to-month,Yes,Electronic check,40.0,2278.4,No
CUST-03461,Male,0,No,No,39,Yes,No,Fiber optic,No,No,No,No,No,No,Month-to-month,Yes,Credit card (automatic),20.32,790.18,No
CUST-03462,Female,0,Yes,No,30,Yes,Yes,DSL,No,No,No,No,No,No,Two year,Yes,Bank transfer (automatic),25.28,759.11,No
CUST-03463,Female,0,Yes,No,55,Yes,Yes,No,No internet service,No internet service,No internet service,No internet service,No internet service,No internet service,Month-to-month,Yes,Electronic check,71.41,3933.81,No
CUST-03464,Female,1,Yes,No,34,Yes,No,No,No internet service,No internet service,No internet service,No internet service,No internet service,No internet service,Month-to-month,No,Bank transfer (automatic),91.02,3090.66,Yes
CUST-03465,Female,0,No,Yes,25,Yes,No,DSL,Yes,Yes,Yes,No,No,Yes,Two year,Yes,Credit card (automatic),65.95,1645.79,No
CUST-03466,Male,0,Yes,No,67,Yes,Yes,Fiber optic,Yes,Yes,No,No,Yes,No,One year,No,Electronic check,56.59,3791.69,No
CUST-03467,Female,0,Yes,No,33,Yes,No,No,No internet service,No internet service,No internet service,No internet service,No internet service,No internet service,Two year,No,Bank transfer (automatic),38.67,1283.97,No
CUST-03468,Male,1,No,No,15,Yes,Yes,Fiber optic,No,No,No,Yes,Yes,Yes,Month-to-month,Yes,Mailed check,41.66,623.42,No
CUST-03469,Male,0,No,Yes,41,Yes,Yes,Fiber optic,Yes,No,Yes,No,No,No,One year,Yes,Electronic check,76.24,3121.34,No
CUST-03470,Female,0,Yes,No,4,Yes,No,No,No internet service,No internet service,No internet service,No internet service,No internet service,No internet service,Two year,No,Bank transfer (automatic),103.58,404.22,No
CUST-03471,Male,0,No,Yes,60,Yes,No,No,No internet service,No internet service,No internet service,No internet service,No internet service,No internet service,Month-to-month,Yes,Mailed check,58.46,3503.8,No
CUST-03472,Female,0,Yes,No,43,Yes,Yes,Fiber optic,No,No,No,No,Yes,No,Month-to-month,Yes,Credit card (automatic),111.96,4809.94,No
CUST-03473,Female,1,No,No,34,Yes,Yes,No,No internet service,No internet service,No internet service,No internet service,No internet service,No internet service,Month-to-month,No,Mailed check,23.21,783.18,Yes
CUST-03474,Male,0,No,No,0,Yes,Yes,Fiber optic,Yes,Yes,No,No,Yes,Yes,One year,No,Mailed check,100.92,0.35,No
CUST-03475,Male,0,Yes,No,42,Yes,Yes,DSL,Yes,Yes,Yes,Yes,Yes,Yes,Month-to-month,No,Mailed check,51.87,2177.23,No
CUST-03476,Male,0,Yes,No,31,Yes,Yes,Fiber optic,Yes,No,Yes,Yes,Yes,Yes,Month-to-month,Yes,Bank transfer (automatic),104.88,3258.41,No
CUST-03477,Male,0,Yes,Yes,62,Yes,Yes,DSL,No,No,Yes,Yes,No,No,One year,Yes,Bank transfer (automatic),109.94,6817.36,No
CUST-03478,Female,0,No,No,32,Yes,No,Fiber optic,Yes,Yes,No,No,Yes,No,One year,Yes,Credit card (automatic),88.04,2822.32,No
CUST-03479,Female,0,Yes,No,65,Yes,No,No,No internet service,No internet service,No internet service,No internet service,No internet service,No internet service,One year,Yes,Mailed check,53.51,3477.29,No
CUST-03480,Female,0,No,No,29,Yes,Yes,No,No internet service,No internet service,No internet service,No internet service,No internet service,No internet service,One year,Yes,Mailed check,63.69,1842.62,No
CUST-03481,Male,0,No,No,9,Yes,No,No,No internet service,No internet service,No internet service,No internet service,No internet service,No internet service,Month-to-month,No,Mailed check,73.18,661.71,Yes
CUST-03482,Male,0,Yes,No,22,Yes,Yes,DSL,No,Yes,Yes,No,No,Yes,Month-to-month,Yes,Mailed check,64.21,1406.98,No
CUST-03483,Male,0,No,No,38,Yes,Yes,Fiber optic,No,No,Yes,No,Yes,Yes,One year,Yes,Mailed check,97.12,3696.35,No
CUST-03484,Female,0,No,No,44,Yes,Yes,No,No internet service,No internet service,No internet service,No internet service,No internet service,No internet service,Two year,Yes,Electronic check,95.15,4182.86,No
CUST-03485,Male,0,Yes,No,28,Yes,No,No,No internet service,No internet service,No internet service,No internet service,No internet service,No internet service,Month-to-month,No,Credit card (automatic),19.27,543.26,Yes
CUST-03486,Female,0,No,No,29,Yes,No,No,No internet service,No internet service,No internet service,No internet service,No internet service,No internet service,One year,No,Bank transfer (automatic),33.17,963.81,No
CUST-03487,Male,0,No,Yes,33,Yes,Yes,Fiber optic,Yes,No,Yes,No,No,Yes,Month-to-month,No,Bank transfer (automatic),54.35,1788.69,No
CUST-03488,Female,0,Yes,No,51,Yes,Yes,No,No internet service,No internet service,No internet service,No internet service,No internet service,No internet service,Month-to-month,No,Electronic check,85.24,4353.29,No
CUST-03489,Female,0,Yes,No,21,Yes,No,No,No internet service,No internet service,No internet service,No internet service,No internet service,No internet service,Month-to-month,Yes,Bank transfer (automatic),40.97,869.97,No
CUST-03490,Male,0,No,Yes,4,No,No phone service,DSL,Yes,No,Yes,Yes,Yes,No,One year,No,Mailed check,50.28,197.37,No
CUST-03491,Male,0,No,Yes,10,Yes,Yes,DSL,No,Yes,No,No,No,No,Month-to-month,Yes,Bank transfer (automatic),64.21,638.83,No
CUST-03492,Female,0,No,Yes,31,Yes,Yes,No,No internet service,No internet service,No internet service,No internet service,No internet service,No internet service,Month-to-month,Yes,Mailed check,76.96,2386.1,No
CUST-03493,Female,0,No,No,23,Yes,No,Fiber optic,Yes,No,Yes,No,Yes,Yes,Month-to-month,No,Credit card (automatic),108.18,2492.48,Yes
CUST-03494,Male,0,Yes,No,10,Yes,No,DSL,Yes,Yes,No,Yes,Yes,No,One year,Yes,Bank transfer (automatic),98.46,990.72,No
CUST-03495,Male,1,No,No,10,Yes,Yes,DSL,No,No,No,Yes,No,Yes,Month-to-month,No,Electronic check,53.92,537.41,No
CUST-03496,Female,0,No,Yes,16,Yes,Yes,Fiber optic,No,No,Yes,Yes,No,Yes,Month-to-month,Yes,Bank transfer (automatic),94.8,1517.49,No
CUST-03497,Male,1,No,No,31,Yes,Yes,DSL,Yes,Yes,No,No,No,No,Two year,Yes,Mailed check,101.27,3137.61,No
CUST-03498,Female,0,No,No,26,No,No phone service,DSL,No,Yes,Yes,Yes,No,No,Month-to-month,No,Electronic check,70.23,1823.92,Yes
CUST-03499,Female,0,Yes,Yes,31,Yes,Yes,DSL,Yes,No,No,No,Yes,No,One year,No,Mailed check,47.6,1472.94,No
CUST-03500,Male,0,No,No,60,No,No phone service,No,No internet service,No internet service,No internet service,No internet service,No internet service,No internet service,Month-to-month,No,Credit card (automatic),112.31,6731.78,No
CUST-03501,Male,1,Yes,No,24,Yes,No,DSL,No,No,No,No,Yes,No,Month-to-month,Yes,Bank transfer (automatic),114.23,2745.84,Yes
CUST-03502,Male,0,Yes,No,63,Yes,No,Fiber optic,No,Yes,No,Yes,Yes,Yes,Month-to-month,Yes,Credit card (automatic),40.46,2549.49,No
CUST-03503,Male,0,Yes,No,63,No,No phone service,Fiber optic,Yes,Yes,No,No,Yes,No,Month-to-month,Yes,Credit card (automatic),96.51,6087.76,No
CUST-03504,Male,0,Yes,Yes,27,Yes,Yes,Fiber optic,Yes,No,Yes,Yes,No,No,Month-to-month,No,Electronic check,22.18,602.98,No
CUST-03505,Female,0,Yes,No,39,Yes,Yes,DSL,Yes,No,No,Yes,No,No,Month-to-month,No,Mailed check,18.24,709.36,No
CUST-03506,Female,0,No,Yes,13,Yes,No,DSL,Yes,No,Yes,Yes,No,No,One year,No,Bank transfer (automatic),53.16,685.37,No
CUST-03507,Male,0,Yes,Yes,41,Yes,No,DSL,No,Yes,Yes,No,No,Yes,Two year,No,Electronic check,64.25,2643.59,No
CUST-03508,Male,0,Yes,No,38,No,No phone service,No,No internet service,No internet service,No internet service,No internet service,No internet service,No internet service,Two year,Yes,Bank transfer (automatic),72.63,2751.45,No
CUST-03509,Male,0,Yes,No,1,Yes,No,Fiber optic,No,No,Yes,Yes,Yes,No,Two year,Yes,Credit card (automatic),55.83,54.12,Yes
CUST-03510,Female,0,No,Yes,0,Yes,No,DSL,No,No,No,No,No,Yes,Month-to-month,Yes,Electronic check,30.88,0.0,No
CUST-03511,Male,0,Yes,Yes,31,Yes,Yes,No,No internet service,No internet service,No internet service,No internet service,No internet service,No internet service,Month-to-month,Yes,Credit card (automatic),52.48,1623.64,No
CUST-03512,Male,0,No,No,63,Yes,No,DSL,Yes,No,No,No,Yes,No,Two year,Yes,Bank transfer (automatic),100.18,6307.08,No
CUST-03513,Female,1,Yes,No,30,Yes,No,Fiber optic,No,No,Yes,Yes,No,Yes,Two year,Yes,Credit card (automatic),51.57,1540.99,No
CUST-03514,Female,1,Yes,No,57,Yes,No,Fiber optic,Yes,Yes,No,Yes,No,No,Month-to-month,No,Credit card (automatic),77.23,4398.48,No
CUST-03515,Male,1,No,No,13,Yes,Yes,Fiber optic,Yes,Yes,No,No,Yes,Yes,One year,Yes,Electronic check,86.09,1118.91,No
CUST-03516,Male,0,No,Yes,68,Yes,Yes,Fiber optic,No,Yes,Yes,Yes,No,No,Month-to-month,Yes,Credit card (automatic),91.24,6205.85,No
CUST-03517,Male,1,No,No,15,No,No phone service,DSL,Yes,Yes,No,No,Yes,Yes,Month-to-month,Yes,Credit card (automatic),66.8,999.38,No
CUST-03518,Female,0,Yes,Yes,68,Yes,No,Fiber optic,Yes,No,Yes,Yes,Yes,No,Two year,Yes,Mailed check,30.57,2076.11,No
CUST-03519,Male,0,No,No,53,Yes,Yes,Fiber optic,Yes,Yes,No,No,No,Yes,Two year,Yes,Bank transfer (automatic),108.05,5721.44,No
CUST-03520,Male,0,No,Yes,12,Yes,Yes,DSL,No,Yes,Yes,No,Yes,Yes,Two year,No,Bank transfer (automatic),44.03,529.2,No
CUST-03521,Male,0,No,No,30,Yes,Yes,Fiber optic,Yes,No,Yes,Yes,Yes,Yes,Month-to-month,No,Credit card (automatic),51.9,1557.24,No
CUST-03522,Female,1,No,No,68,Yes,Yes,No,No internet service,No internet service,No internet service,No internet service,No internet service,No internet service,Two year,No,Bank transfer (automatic),95.38,6487.74,No
CUST-03523,Female,0,No,No,20,Yes,Yes,Fiber optic,No,Yes,No,No,Yes,Yes,Month-to-month,No,Electronic check,94.35,1884.29,Yes
CUST-03524,Male,0,Yes,Yes,29,Yes,No,Fiber optic,Yes,No,No,No,No,Yes,Two year,Yes,Electronic check,107.64,3117.01,No
CUST-03525,Male,0,No,No,22,Yes,Yes,Fiber optic,No,No,No,No,No,No,Two year,Yes,Bank transfer (automatic),21.37,470.04,No
CUST-03526,Female,0,Yes,No,37,Yes,No,No,No internet service,No internet service,No internet service,No internet service,No internet service,No internet service,Two year,No,Electronic check,105.45,3904.25,No
CUST-03527,Female,0,No,No,28,Yes,No,DSL,Yes,No,Yes,No,Yes,Yes,Month-to-month,Yes,Mailed check,97.22,2717.72,No
CUST-03528,Female,0,No,No,31,Yes,Yes,Fiber optic,No,Yes,No,Yes,No,No,Two year,Yes,Credit card (automatic),70.51,2182.67,No
CUST-03529,Female,0,Yes,No,61,Yes,Yes,Fiber optic,Yes,No,No,Yes,Yes,Yes,Month-to-month,Yes,Bank transfer (automatic),33.95,2064.83,No
CUST-03530,Female,0,Yes,No,44,Yes,Yes,DSL,No,No,No,Yes,No,No,Month-to-month,Yes,Mailed check,72.5,3184.14,No
CUST-03531,Female,0,Yes,No,48,Yes,No,Fiber optic,No,No,No,Yes,Yes,No,One year,Yes,Bank transfer (automatic),37.39,1791.99,No
CUST-03532,Female,0,Yes,No,32,No,No phone service,Fiber optic,Yes,Yes,Yes,Yes,Yes,No,Two year,No,Bank transfer (automatic),114.5,3659.79,No
CUST-03533,Female,0,No,Yes,3,Yes,No,No,No internet service,No internet service,No internet service,No internet service,No internet service,No internet service,Month-to-month,Yes,Bank transfer (automatic),88.88,270.64,Yes
CUST-03534,Female,1,Yes,Yes,17,Yes,Yes,Fiber optic,Yes,Yes,No,No,Yes,No,Two year,No,Mailed check,77.62,1319.69,No
CUST-03535,Male,0,No,No,69,Yes,No,DSL,Yes,Yes,Yes,No,No,No,Two year,No,Electronic check,99.34,6860.79,No
CUST-03536,Male,0,No,No,63,Yes,No,DSL,No,No,No,No,No,Yes,Month-to-month,Yes,Mailed check,71.24,4494.5,No
CUST-03537,Male,0,No,No,27,Yes,Yes,Fiber optic,Yes,Yes,Yes,No,No,No,Month-to-month,Yes,Mailed check,24.03,648.89,No
CUST-03538,Female,0,Yes,No,57,No,No phone service,Fiber optic,Yes,No,No,Yes,Yes,No,One year,No,Mailed check,43.9,2492.28,No
CUST-03539,Male,0,Yes,No,55,Yes,No,DSL,No,Yes,No,Yes,No,No,Month-to-month,Yes,Credit card (automatic),116.17,6391.34,No
CUST-03540,Female,0,Yes,No,19,No,No phone service,Fiber optic,No,No,No,Yes,Yes,Yes,Month-to-month,Yes,Bank transfer (automatic),103.08,1964.24,No
CUST-03541,Female,0,No,No,33,Yes,Yes,No,No internet service,No internet service,No internet service,No internet service,No internet service,No internet service,One year,No,Credit card (automatic),110.74,3657.58,No
CUST-03542,Male,0,Yes,No,9,Yes,No,DSL,Yes,No,Yes,No,Yes,Yes,Month-to-month,Yes,Electronic check,27.78,251.76,Yes
CUST-03543,Female,0,Yes,No,21,Yes,No,Fiber optic,Yes,Yes,Yes,No,No,No,Month-to-month,Yes,Electronic check,42.8,897.56,Yes
CUST-03544,Male,0,No,No,4,Yes,Yes,Fiber optic,Yes,No,No,Yes,No,No,Month-to-month,Yes,Electronic check,24.32,91.39,No
CUST-03545,Male,0,Yes,No,43,Yes,Yes,Fiber optic,Yes,Yes,No,Yes,Yes,No,Month-to-month,No,Electronic check,100.22,4312.59,No
CUST-03546,Male,0,No,No,8,Yes,No,Fiber optic,Yes,Yes,Yes,Yes,Yes,Yes,Month-to-month,Yes,Mailed check,35.39,282.14,No
CUST-03547,Female,1,Yes,No,42,Yes,No,Fiber optic,No,No,No,Yes,Yes,No,Month-to-month,Yes,Credit card (automatic),59.01,2479.98,No
CUST-03548,Male,0,Yes,No,3,Yes,Yes,No,No internet service,No internet service,No internet service,No internet service,No internet service,No internet service,Month-to-month,Yes,Credit card (automatic),44.95,131.91,No
CUST-03549,Female,0,Yes,No,41,Yes,Yes,DSL,Yes,Yes,Yes,Yes,No,Yes,Month-to-month,Yes,Electronic check,111.04,4562.64,No
CUST-03550,Male,0,Yes,Yes,64,Yes,Yes,Fiber optic,No,No,No,Yes,No,Yes,Month-to-month,Yes,Credit card (automatic),78.84,5046.96,Yes
CUST-03551,Male,1,Yes,Yes,40,No,No phone service,Fiber optic,Yes,Yes,No,No,Yes,Yes,Month-to-month,Yes,Credit card (automatic),97.95,3916.1,No
CUST-03552,Male,0,No,No,63,Yes,Yes,DSL,No,Yes,Yes,Yes,Yes,No,Two year,No,Credit card (automatic),78.21,4921.55,No
CUST-03553,Female,0,Yes,No,54,Yes,No,Fiber optic,No,No,Yes,Yes,Yes,Yes,Month-to-month,Yes,Credit card (automatic),79.26,4273.05,No
CUST-03554,Female,0,Yes,Yes,17,Yes,Yes,DSL,Yes,No,No,Yes,Yes,No,Two year,Yes,Credit card (automatic),56.29,960.03,No
CUST-03555,Female,1,Yes,No,15,Yes,Yes,Fiber optic,Yes,No,No,No,No,No,Two year,Yes,Mailed check,41.9,625.59,Yes
CUST-03556,Male,1,Yes,No,45,Yes,No,Fiber optic,Yes,No,Yes,No,No,Yes,One year,No,Mailed check,52.84,2375.55,No
CUST-03557,Male,0,Yes,Yes,35,Yes,Yes,Fiber optic,No,Yes,No,No,No,No,Month-to-month,No,Credit card (automatic),47.49,1659.44,Yes
CUST-03558,Female,0,Yes,No,65,Yes,No,No,No internet service,No internet service,No internet service,No internet service,No internet service,No internet service,Month-to-month,Yes,Credit card (automatic),87.12,5657.34,No
CUST-03559,Female,0,Yes,No,43,Yes,Yes,DSL,No,No,No,Yes,Yes,Yes,Month-to-month,No,Credit card (automatic),60.26,2589.73,No
CUST-03560,Female,0,No,Yes,4,Yes,Yes,No,No internet service,No internet service,No internet service,No internet service,No internet service,No internet service,Two year,Yes,Electronic check,73.02,292.36,No
CUST-03561,Female,0,No,No,28,No,No phone service,No,No internet service,No internet service,No internet service,No internet service,No internet service,No internet service,Two year,No,Electronic check,95.09,2657.49,No
CUST-03562,Female,0,Yes,No,3,Yes,Yes,DSL,No,No,No,Yes,Yes,Yes,One year,Yes,Credit card (automatic),44.66,135.64,No
CUST-03563,Female,0,No,No,48,Yes,Yes,No,No internet service,No internet service,No internet service,No internet service,No internet service,No internet service,One year,Yes,Mailed check,60.36,2891.16,No
CUST-03564,Male,0,Yes,No,71,No,No phone service,Fiber optic,No,No,No,Yes,Yes,Yes,Two year,Yes,Electronic check,69.95,4964.25,No
CUST-03565,Female,0,No,Yes,7,Yes,No,No,No internet service,No internet service,No internet service,No internet service,No internet service,No internet service,Month-to-month,No,Bank transfer (automatic),23.38,165.48,No
CUST-03566,Male,0,Yes,No,51,Yes,No,No,No internet service,No internet service,No internet service,No internet service,No internet service,No internet service,One year,No,Electronic check,33.22,1694.15,No
CUST-03567,Male,0,Yes,No,68,Yes,Yes,No,No internet service,No internet service,No internet service,No internet service,No internet service,No internet service,One year,Yes,Electronic check,24.35,1647.59,No
CUST-03568,Female,1,No,Yes,20,Yes,Yes,Fiber optic,Yes,No,No,Yes,Yes,Yes,Month-to-month,No,Bank transfer (automatic),93.23,1850.67,No
CUST-03569,Female,0,Yes,No,26,Yes,Yes,Fiber optic,No,Yes,Yes,Yes,Yes,No,Two year,No,Credit card (automatic),47.99,1250.57,No
CUST-03570,Male,0,No,Yes,37,No,No phone service,Fiber optic,No,Yes,No,Yes,Yes,Yes,Month-to-month,Yes,Electronic check,60.26,2233.07,No
CUST-03571,Female,0,Yes,No,4,Yes,No,Fiber optic,Yes,Yes,Yes,No,Yes,No,Month-to-month,Yes,Electronic check,85.23,343.11,No
CUST-03572,Female,0,Yes,Yes,60,Yes,No,DSL,No,No,No,No,No,No,Month-to-month,Yes,Credit card (automatic),114.65,6877.86,No
CUST-03573,Male,0,Yes,No,7,No,No phone service,Fiber optic,Yes,Yes,No,Yes,Yes,Yes,Month-to-month,Yes,Electronic check,99.1,692.46,No
CUST-03574,Male,0,Yes,No,17,No,No phone service,No,No internet service,No internet service,No internet service,No internet service,No internet service,No internet service,Month-to-month,Yes,Electronic check,23.78,403.73,No
CUST-03575,Male,0,No,No,3,Yes,Yes,No,No internet service,No internet service,No internet service,No internet service,No internet service,No internet service,Month-to-month,No,Credit card (automatic),48.57,148.64,No
CUST-03576,Female,0,Yes,No,3,Yes,Yes,No,No internet service,No internet service,No internet service,No internet service,No internet service,No internet service,Month-to-month,Yes,Electronic check,22.91,68.06,No
CUST-03577,Male,0,No,No,36,Yes,Yes,DSL,No,Yes,No,Yes,No,Yes,Month-to-month,Yes,Credit card (automatic),24.17,871.99,No
CUST-03578,Female,1,No,No,14,Yes,No,Fiber optic,Yes,No,Yes,No,No,No,Two year,Yes,Electronic check,30.75,437.07,No
CUST-03579,Male,0,Yes,Yes,37,Yes,Yes,Fiber optic,No,No,Yes,Yes,No,No,One year,No,Credit card (automatic),50.11,1849.23,No
CUST-03580,Male,1,Yes,No,26,Yes,No,DSL,No,No,No,Yes,Yes,Yes,Two year,Yes,Bank transfer (automatic),41.15,1068.97,No
CUST-03581,Male,1,No,No,47,Yes,No,Fiber optic,Yes,Yes,No,No,Yes,No,Two year,Yes,Electronic check,53.22,2497.05,No
CUST-03582,Female,0,No,No,45,Yes,Yes,Fiber optic,No,Yes,Yes,Yes,No,Yes,Two year,No,Bank transfer (automatic),100.2,4507.03,No
CUST-03583,Female,0,Yes,No,45,Yes,No,No,No internet service,No internet service,No internet service,No internet service,No internet service,No internet service,Two year,No,Mailed check,97.77,4399.14,No
CUST-03584,Male,0,No,Yes,47,Yes,Yes,No,No internet service,No internet service,No internet service,No internet service,No internet service,No internet service,Month-to-month,No,Mailed check,53.07,2489.89,No
CUST-03585,Male,0,No,No,58,Yes,No,No,No internet service,No internet service,No internet service,No internet service,No internet service,No internet service,Month-to-month,No,Bank transfer (automatic),83.98,4862.72,No
CUST-03586,Male,0,No,No,3,No,No phone service,Fiber optic,No,No,No,No,Yes,No,Two year,Yes,Electronic check,55.27,159.28,Yes
CUST-03587,Female,1,Yes,Yes,18,Yes,Yes,DSL,Yes,Yes,No,Yes,No,Yes,Month-to-month,No,Bank transfer (automatic),56.6,1021.02,No
CUST-03588,Male,0,No,No,56,Yes,Yes,No,No internet service,No internet service,No internet service,No internet service,No internet service,No internet service,Month-to-month,Yes,Bank transfer (automatic),85.57,4788.58,No
CUST-03589,Female,0,No,No,18,No,No phone service,DSL,No,Yes,No,Yes,Yes,No,One year,Yes,Credit card (automatic),56.43,1014.65,Yes
CUST-03590,Male,0,No,No,41,Yes,Yes,Fiber optic,No,Yes,Yes,No,Yes,Yes,Two year,No,Bank transfer (automatic),72.93,2990.38,No
CUST-03591,Male,0,No,Yes,4,Yes,No,DSL,Yes,Yes,No,Yes,No,No,Two year,No,Bank transfer (automatic),29.52,122.62,No
CUST-03592,Male,0,Yes,No,47,Yes,Yes,No,No internet service,No internet service,No internet service,No internet service,No internet service,No internet service,Two year,No,Credit card (automatic),71.88,3376.94,No
CUST-03593,Male,0,Yes,Yes,24,Yes,Yes,DSL,Yes,Yes,Yes,No,No,No,Month-to-month,Yes,Credit card (automatic),92.2,2214.03,No
CUST-03594,Male,0,No,No,66,Yes,No,DSL,Yes,No,Yes,Yes,Yes,No,One year,No,Credit card (automatic),106.84,7045.78,No
CUST-03595,Male,0,No,No,25,No,No phone service,Fiber optic,No,No,No,Yes,Yes,No,Two year,No,Bank transfer (automatic),32.73,817.45,No
CUST-03596,Female,0,No,No,61,Yes,Yes,DSL,Yes,Yes,Yes,Yes,Yes,Yes,Two year,Yes,Electronic check,59.07,3598.38,No
CUST-03597,Male,0,Yes,Yes,6,Yes,No,No,No internet service,No internet service,No internet service,No internet service,No internet service,No internet service,One year,Yes,Mailed check,66.62,399.01,No
CUST-03598,Female,0,Yes,No,43,Yes,Yes,DSL,Yes,Yes,No,No,No,No,Two year,Yes,Bank transfer (automatic),108.48,4665.28,No
CUST-03599,Male,0,No,No,26,Yes,No,No,No internet service,No internet service,No internet service,No internet service,No internet service,No internet service,Month-to-month,Yes,Electronic check,43.74,1136.07,No
CUST-03600,Male,0,No,Yes,41,Yes,No,Fiber optic,No,No,Yes,No,No,Yes,Two year,No,Credit card (automatic),34.57,1415.25,No
CUST-03601,Female,0,Yes,No,55,Yes,No,Fiber optic,No,Yes,No,Yes,No,Yes,Two year,Yes,Bank transfer (automatic),32.15,1769.6,No
CUST-03602,Male,0,No,No,2,Yes,Yes,No,No internet service,No internet service,No internet service,No internet service,No internet service,No internet service,Month-to-month,Yes,Bank transfer (automatic),33.49,64.96,No
CUST-03603,Female,0,No,No,12,Yes,No,Fiber optic,No,Yes,No,Yes,No,Yes,Month-to-month,Yes,Bank transfer (automatic),104.95,1257.33,No
CUST-03604,Female,0,Yes,Yes,69,Yes,Yes,Fiber optic,Yes,No,No,Yes,No,No,Two year,No,Credit card (automatic),79.98,5513.36,No
CUST-03605,Male,0,Yes,Yes,58,No,No phone service,DSL,Yes,Yes,No,Yes,Yes,Yes,Month-to-month,No,Credit card (automatic),60.07,3486.59,No
CUST-03606,Female,0,Yes,No,37,Yes,No,DSL,Yes,Yes,Yes,Yes,Yes,Yes,Month-to-month,No,Mailed check,104.67,3872.58,No
CUST-03607,Female,0,Yes,No,67,Yes,No,No,No internet service,No internet service,No internet service,No internet service,No internet service,No internet service,Two year,No,Credit card (automatic),47.8,3200.2,No
CUST-03608,Male,0,Yes,Yes,68,Yes,Yes,DSL,No,Yes,No,No,No,No,Month-to-month,No,Credit card (automatic),110.79,7528.53,No
CUST-03609,Female,1,No,No,0,Yes,No,Fiber optic,Yes,Yes,Yes,Yes,Yes,No,Month-to-month,Yes,Credit card (automatic),93.89,11.68,No
CUST-03610,Male,0,Yes,Yes,49,Yes,Yes,Fiber optic,Yes,No,Yes,No,Yes,Yes,One year,No,Credit card (automatic),20.06,967.86,No
CUST-03611,Male,0,Yes,No,8,Yes,No,Fiber optic,No,No,No,No,No,No,Two year,Yes,Electronic check,64.26,510.29,No
CUST-03612,Male,0,Yes,No,52,No,No phone service,DSL,Yes,No,Yes,Yes,Yes,Yes,Two year,No,Electronic check,102.25,5314.59,No
CUST-03613,Male,0,Yes,No,9,Yes,Yes,No,No internet service,No internet service,No internet service,No internet service,No internet service,No internet service,One year,No,Bank transfer (automatic),57.61,523.09,No
CUST-03614,Female,1,Yes,No,28,No,No phone service,DSL,No,Yes,Yes,Yes,No,Yes,Two year,Yes,Electronic check,116.71,3266.31,No
CUST-03615,Male,0,Yes,Yes,35,No,No phone service,No,No internet service,No internet service,No internet service,No internet service,No internet service,No internet service,Month-to-month,No,Credit card (automatic),102.66,3594.01,No
CUST-03616,Male,1,No,No,26,Yes,Yes,No,No internet service,No internet service,No internet service,No internet service,No internet service,No internet service,Two year,No,Credit card (automatic),93.31,2423.85,No
CUST-03617,Female,0,Yes,No,17,Yes,Yes,DSL,No,No,Yes,Yes,Yes,No,Month-to-month,Yes,Mailed check,31.55,545.57,No
CUST-03618,Male,0,No,No,17,Yes,No,No,No internet service,No internet service,No internet service,No internet service,No internet service,No internet service,Two year,Yes,Credit card (automatic),28.79,491.41,Yes
CUST-03619,Male,0,No,No,8,Yes,No,Fiber optic,Yes,Yes,No,No,No,Yes,Month-to-month,Yes,Credit card (automatic),82.12,653.71,No
CUST-03620,Female,0,Yes,No,66,Yes,No,No,No internet service,No internet service,No internet service,No internet service,No internet service,No internet service,One year,No,Bank transfer (automatic),84.14,5556.76,No
CUST-03621,Female,0,Yes,Yes,6,Yes,Yes,Fiber optic,Yes,Yes,No,No,No,No,Two year,No,Credit card (automatic),32.75,195.26,No
CUST-03622,Female,0,No,No,57,Yes,Yes,DSL,No,No,Yes,Yes,Yes,Yes,Month-to-month,Yes,Bank transfer (automatic),103.4,5902.93,No
CUST-03623,Female,0,No,Yes,29,Yes,No,No,No internet service,No internet service,No internet service,No internet service,No internet service,No internet service,Month-to-month,No,Credit card (automatic),105.37,3062.49,No
CUST-03624,Female,0,No,Yes,60,Yes,Yes,No,No internet service,No internet service,No internet service,No internet service,No internet service,No internet service,Month-to-month,Yes,Bank transfer (automatic),59.66,3581.07,No
CUST-03625,Female,1,Yes,No,16,Yes,Yes,DSL,No,No,Yes,Yes,Yes,No,Month-to-month,Yes,Bank transfer (automatic),78.77,1259.14,No
CUST-03626,Female,0,No,No,52,Yes,No,No,No internet service,No internet service,No internet service,No internet service,No internet service,No internet service,One year,No,Bank transfer (automatic),69.07,3588.47,No
CUST-03627,Male,0,Yes,No,5,Yes,Yes,No,No internet service,No internet service,No internet service,No internet service,No internet service,No internet service,One year,No,Electronic check,21.57,112.26,No
CUST-03628,Female,0,Yes,Yes,38,Yes,Yes,Fiber optic,Yes,Yes,Yes,Yes,No,Yes,Month-to-month,Yes,Credit card (automatic),27.04,1034.78,No
CUST-03629,Female,0,No,No,24,No,No phone service,DSL,No,No,No,Yes,No,Yes,One year,No,Credit card (automatic),95.98,2302.06,Yes
CUST-03630,Female,0,Yes,No,41,Yes,Yes,Fiber optic,No,Yes,No,Yes,Yes,Yes,Month-to-month,Yes,Mailed check,66.83,2742.28,No
CUST-03631,Male,0,Yes,No,41,No,No phone service,No,No internet service,No internet service,No internet service,No internet service,No internet service,No internet service,Month-to-month,Yes,Bank transfer (automatic),79.09,3245.22,No
CUST-03632,Male,0,No,Yes,58,Yes,No,DSL,Yes,No,No,No,No,No,Month-to-month,No,Credit card (automatic),79.29,4603.27,No
CUST-03633,Female,0,No,No,37,Yes,Yes,Fiber optic,Yes,Yes,No,No,No,No,Month-to-month,Yes,Mailed check,55.96,2066.63,No
CUST-03634,Female,0,Yes,No,30,Yes,Yes,Fiber optic,No,Yes,No,Yes,No,No,Month-to-month,Yes,Credit card (automatic),20.94,630.42,No
CUST-03635,Female,0,No,No,28,Yes,Yes,DSL,No,Yes,Yes,No,No,Yes,One year,No,Bank transfer (automatic),96.69,2718.54,No
CUST-03636,Male,0,Yes,Yes,8,Yes,Yes,Fiber optic,Yes,No,Yes,Yes,No,No,Two year,Yes,Electronic check,64.84,519.2,No
CUST-03637,Male,0,No,No,0,Yes,No,DSL,No,Yes,Yes,No,No,No,Month-to-month,Yes,Mailed check,31.89,2.27,No
CUST-03638,Female,0,No,No,71,No,No phone service,Fiber optic,No,No,Yes,No,Yes,No,One year,No,Mailed check,20.11,1429.7,No
CUST-03639,Male,0,No,No,46,Yes,Yes,Fiber optic,No,Yes,Yes,No,No,No,Month-to-month,Yes,Bank transfer (automatic),19.75,911.27,No
CUST-03640,Female,1,No,Yes,9,No,No phone service,DSL,No,No,Yes,No,No,Yes,Month-to-month,No,Bank transfer (automatic),21.33,186.18,No
CUST-03641,Male,0,Yes,Yes,15,Yes,Yes,No,No internet service,No internet service,No internet service,No internet service,No internet service,No internet service,Two year,No,Mailed check,33.5,512.74,No
CUST-03642,Male,0,No,No,46,No,No phone service,Fiber optic,Yes,Yes,Yes,No,No,Yes,One year,No,Credit card (automatic),41.15,1893.4,No
CUST-03643,Female,0,Yes,No,42,Yes,Yes,Fiber optic,No,No,No,No,No,Yes,Two year,Yes,Electronic check,42.71,1796.54,No
CUST-03644,Female,0,Yes,No,23,Yes,Yes,No,No internet service,No internet service,No internet service,No internet service,No internet service,No internet service,One year,No,Credit card (automatic),81.21,1868.27,No
CUST-03645,Female,0,No,No,7,Yes,No,DSL,Yes,No,Yes,Yes,No,Yes,Month-to-month,Yes,Bank transfer (automatic),42.16,299.84,No
CUST-03646,Female,0,No,Yes,25,No,No phone service,DSL,No,Yes,Yes,Yes,Yes,Yes,Month-to-month,Yes,Bank transfer (automatic),85.4,2132.49,Yes
CUST-03647,Male,0,No,No,6,Yes,No,DSL,Yes,No,Yes,Yes,No,Yes,Two year,No,Credit card (automatic),100.33,595.44,No
CUST-03648,Male,1,No,No,14,Yes,Yes,DSL,No,No,No,Yes,Yes,No,Month-to-month,Yes,Bank transfer (automatic),56.48,790.13,No
CUST-03649,Male,0,No,No,47,Yes,No,No,No internet service,No internet service,No internet service,No internet service,No internet service,No internet service,One year,Yes,Bank transfer (automatic),89.84,4224.88,No
CUST-03650,Female,0,Yes,No,2,Yes,No,Fiber optic,Yes,No,No,No,Yes,No,One year,Yes,Mailed check,28.41,55.09,No
CUST-03651,Male,0,No,No,15,Yes,No,No,No internet service,No internet service,No internet service,No internet service,No internet service,No internet service,Month-to-month,No,Mailed check,50.79,758.49,No
CUST-03652,Female,0,Yes,No,13,Yes,No,Fiber optic,Yes,No,Yes,No,Yes,No,Month-to-month,Yes,Credit card (automatic),86.26,1123.12,No
CUST-03653,Male,0,Yes,No,2,Yes,Yes,DSL,No,Yes,No,Yes,No,Yes,Month-to-month,Yes,Bank transfer (automatic),111.18,217.72,No
CUST-03654,Female,1,Yes,No,69,Yes,Yes,Fiber optic,No,Yes,No,Yes,Yes,Yes,Two year,Yes,Bank transfer (automatic),79.56,5494.54,No
CUST-03655,Female,0,Yes,Yes,30,No,No phone service,DSL,No,No,No,Yes,No,Yes,Two year,No,Electronic check,54.38,1629.84,No
CUST-03656,Male,0,No,No,16,No,No phone service,DSL,Yes,No,No,No,Yes,Yes,Month-to-month,No,Bank transfer (automatic),49.37,792.41,No
CUST-03657,Female,0,No,No,48,Yes,Yes,Fiber optic,No,No,Yes,Yes,No,No,Month-to-month,Yes,Credit card (automatic),57.15,2737.39,No
CUST-03658,Female,0,Yes,No,2,Yes,Yes,Fiber optic,Yes,Yes,No,No,Yes,No,Month-to-month,Yes,Electronic check,83.29,173.35,No
CUST-03659,Male,1,Yes,Yes,54,Yes,No,Fiber optic,No,Yes,Yes,Yes,Yes,No,Month-to-month,Yes,Electronic check,50.7,2740.14,Yes
CUST-03660,Female,0,No,No,71,Yes,No,DSL,No,Yes,Yes,Yes,Yes,No,Month-to-month,Yes,Bank transfer (automatic),65.0,4618.07,No
CUST-03661,Female,0,Yes,Yes,39,Yes,Yes,Fiber optic,No,Yes,No,No,Yes,No,Month-to-month,Yes,Credit card (automatic),93.9,3655.65,No
CUST-03662,Female,0,No,Yes,65,Yes,Yes,DSL,No,No,Yes,No,No,No,Month-to-month,Yes,Bank transfer (automatic),41.78,2711.95,No
CUST-03663,Male,0,Yes,No,39,Yes,No,Fiber optic,No,Yes,Yes,No,No,No,Month-to-month,Yes,Bank transfer (automatic),89.65,3497.35,No
CUST-03664,Male,0,No,No,29,Yes,Yes,Fiber optic,Yes,Yes,Yes,Yes,Yes,No,Month-to-month,Yes,Electronic check,94.15,2724.94,No
CUST-03665,Female,0,Yes,Yes,24,Yes,Yes,DSL,No,No,No,Yes,Yes,Yes,Month-to-month,No,Mailed check,104.37,2501.75,No
CUST-03666,Male,0,Yes,No,6,Yes,Yes,DSL,No,Yes,No,No,No,Yes,Two year,Yes,Electronic check,20.39,126.12,No
CUST-03667,Female,0,Yes,No,49,Yes,No,DSL,Yes,No,No,No,No,Yes,Month-to-month,Yes,Bank transfer (automatic),29.38,1436.59,No
CUST-03668,Female,1,No,Yes,0,Yes,No,DSL,No,No,Yes,No,No,Yes,Two year,No,Credit card (automatic),113.48,1.87,Yes
CUST-03669,Female,0,No,No,43,Yes,No,DSL,Yes,No,Yes,Yes,Yes,No,One year,Yes,Electronic check,30.58,1310.8,No
CUST-03670,Female,0,No,No,48,Yes,Yes,No,No internet service,No internet service,No internet service,No internet service,No internet service,No internet service,Month-to-month,Yes,Mailed check,66.79,3208.92,No
CUST-03671,Female,0,Yes,No,6,Yes,Yes,DSL,Yes,Yes,No,No,Yes,Yes,Two year,No,Credit card (automatic),34.69,202.54,No
CUST-03672,Male,0,Yes,Yes,2,Yes,Yes,No,No internet service,No internet service,No internet service,No internet service,No internet service,No internet service,One year,Yes,Mailed check,99.19,201.35,No
CUST-03673,Female,1,Yes,Yes,0,Yes,No,Fiber optic,Yes,No,No,No,Yes,No,Month-to-month,No,Electronic check,27.65,10.82,No
CUST-03674,Male,0,Yes,No,50,Yes,No,Fiber optic,Yes,Yes,Yes,Yes,No,Yes,Month-to-month,Yes,Credit card (automatic),26.56,1325.33,No
CUST-03675,Male,0,Yes,No,37,Yes,No,No,No internet service,No internet service,No internet service,No internet service,No internet service,No internet service,Month-to-month,No,Electronic check,68.47,2530.08,No
CUST-03676,Female,0,Yes,No,42,Yes,Yes,Fiber optic,Yes,Yes,Yes,Yes,Yes,Yes,Two year,Yes,Bank transfer (automatic),41.82,1762.14,No
CUST-03677,Female,0,No,No,54,Yes,No,DSL,Yes,Yes,Yes,Yes,No,Yes,Month-to-month,Yes,Mailed check,84.16,4544.96,No
CUST-03678,Male,0,No,Yes,56,Yes,Yes,DSL,Yes,No,No,Yes,No,No,Month-to-month,No,Electronic check,86.48,4837.03,No
CUST-03679,Male,0,No,No,52,Yes,Yes,Fiber optic,Yes,Yes,No,Yes,Yes,No,One year,No,Credit card (automatic),76.6,3984.9,No
CUST-03680,Male,1,Yes,Yes,32,No,No phone service,DSL,Yes,Yes,Yes,Yes,No,Yes,Month-to-month,No,Electronic check,101.46,3247.8,No
CUST-03681,Female,0,No,No,61,Yes,Yes,Fiber optic,No,No,No,No,Yes,No,One year,Yes,Electronic check,87.74,5348.98,No
CUST-03682,Male,1,Yes,No,10,Yes,Yes,No,No internet service,No internet service,No internet service,No internet service,No internet service,No internet service,One year,Yes,Electronic check,36.75,364.14,No
CUST-03683,Female,0,Yes,No,71,Yes,No,Fiber optic,No,No,No,No,Yes,Yes,Month-to-month,No,Bank transfer (automatic),25.84,1838.98,No
CUST-03684,Female,0,No,No,51,Yes,Yes,DSL,Yes,Yes,No,Yes,No,No,Month-to-month,No,Bank transfer (automatic),92.78,4726.84,No
CUST-03685,Female,0,Yes,No,0,Yes,No,DSL,Yes,Yes,Yes,No,No,No,Two year,Yes,Electronic check,92.0,0.0,No
CUST-03686,Male,0,Yes,Yes,13,Yes,No,DSL,No,No,Yes,No,Yes,Yes,One year,Yes,Credit card (automatic),103.03,1335.51,No
CUST-03687,Female,0,Yes,Yes,20,Yes,No,Fiber optic,Yes,Yes,Yes,Yes,Yes,Yes,Month-to-month,No,Credit card (automatic),38.23,768.93,No
CUST-03688,Female,1,Yes,No,33,Yes,Yes,Fiber optic,Yes,Yes,Yes,No,Yes,Yes,One year,No,Credit card (automatic),40.31,1328.92,Yes
CUST-03689,Female,1,Yes,No,13,Yes,No,Fiber optic,No,Yes,Yes,No,No,Yes,One year,No,Bank transfer (automatic),75.67,980.89,No
CUST-03690,Female,1,No,No,39,Yes,No,DSL,Yes,No,No,Yes,Yes,No,Two year,Yes,Electronic check,33.56,1308.5,No
CUST-03691,Female,0,No,Yes,34,Yes,No,DSL,No,Yes,No,No,Yes,Yes,Month-to-month,Yes,Credit card (automatic),47.63,1621.86,No
CUST-03692,Male,1,Yes,No,41,Yes,Yes,No,No internet service,No internet service,No internet service,No internet service,No internet service,No internet service,Month-to-month,Yes,Electronic check,99.24,4076.51,No
CUST-03693,Female,0,Yes,No,19,Yes,Yes,DSL,Yes,No,Yes,Yes,Yes,Yes,One year,Yes,Mailed check,51.42,978.73,No
CUST-03694,Female,0,No,Yes,59,Yes,Yes,Fiber optic,Yes,Yes,Yes,Yes,No,No,One year,Yes,Mailed check,19.13,1138.47,No
CUST-03695,Male,0,No,No,8,Yes,No,DSL,Yes,No,Yes,Yes,Yes,No,Two year,Yes,Credit card (automatic),83.08,668.3,No
CUST-03696,Female,0,No,No,32,No,No phone service,DSL,No,No,No,Yes,Yes,Yes,Month-to-month,Yes,Credit card (automatic),36.06,1152.43,No
CUST-03697,Male,0,Yes,Yes,48,Yes,No,No,No internet service,No internet service,No internet service,No internet service,No internet service,No internet service,Two year,No,Credit card (automatic),37.58,1808.3,No
CUST-03698,Female,0,No,Yes,67,Yes,Yes,DSL,Yes,Yes,No,Yes,Yes,No,Two year,Yes,Bank transfer (automatic),19.65,1319.73,No
CUST-03699,Male,1,No,Yes,3,Yes,No,Fiber optic,Yes,Yes,No,No,No,No,Month-to-month,Yes,Credit card (automatic),75.8,233.21,No
CUST-03700,Male,0,Yes,Yes,47,Yes,No,Fiber optic,No,Yes,No,Yes,Yes,No,Month-to-month,Yes,Electronic check,74.19,3490.61,Yes
CUST-03701,Female,0,Yes,No,15,Yes,Yes,Fiber optic,Yes,Yes,Yes,No,No,Yes,Two year,Yes,Credit card (automatic),27.64,415.17,No
CUST-03702,Female,1,No,Yes,46,Yes,Yes,No,No internet service,No internet service,No internet service,No internet service,No internet service,No internet service,Month-to-month,No,Credit card (automatic),23.04,1057.44,No
CUST-03703,Female,0,Yes,Yes,25,Yes,No,DSL,No,No,Yes,Yes,No,No,Month-to-month,Yes,Credit card (automatic),67.08,1677.67,No
CUST-03704,Male,1,No,No,69,Yes,No,DSL,Yes,Yes,Yes,Yes,Yes,Yes,One year,Yes,Bank transfer (automatic),96.13,6625.56,No
CUST-03705,Male,0,No,No,36,Yes,No,DSL,Yes,Yes,No,Yes,No,No,Month-to-month,No,Credit card (automatic),113.37,4080.51,No
CUST-03706,Male,0,Yes,No,21,Yes,Yes,Fiber optic,No,No,No,Yes,No,Yes,One year,No,Mailed check,25.52,530.02,No
CUST-03707,Female,0,Yes,No,6,Yes,Yes,Fiber optic,Yes,Yes,No,Yes,No,Yes,Month-to-month,No,Bank transfer (automatic),88.82,535.21,Yes
CUST-03708,Male,0,No,No,41,Yes,No,No,No internet service,No internet service,No internet service,No internet service,No internet service,No internet service,Month-to-month,Yes,Electronic check,37.14,1526.91,No
CUST-03709,Male,0,Yes,Yes,29,Yes,Yes,DSL,Yes,Yes,Yes,Yes,Yes,No,One year,No,Bank transfer (automatic),21.4,622.18,No
CUST-03710,Female,0,Yes,No,5,Yes,Yes,Fiber optic,No,No,Yes,Yes,No,Yes,Two year,Yes,Electronic check,51.48,256.59,No
CUST-03711,Male,0,Yes,No,23,No,No phone service,DSL,No,Yes,Yes,No,Yes,Yes,Two year,No,Mailed check,75.39,1732.54,No
CUST-03712,Male,1,Yes,No,65,No,No phone service,DSL,No,Yes,No,Yes,Yes,No,One year,Yes,Credit card (automatic),78.14,5085.11,No
CUST-03713,Female,0,Yes,No,39,Yes,Yes,Fiber optic,No,Yes,Yes,No,Yes,No,Month-to-month,Yes,Mailed check,22.92,898.81,No
CUST-03714,Male,0,Yes,No,14,Yes,Yes,No,No internet service,No internet service,No internet service,No internet service,No internet service,No internet service,Month-to-month,No,Bank transfer (automatic),110.78,1545.61,No
CUST-03715,Female,0,Yes,No,52,Yes,Yes,DSL,No,No,Yes,Yes,Yes,No,One year,Yes,Bank transfer (automatic),23.46,1221.2,No
CUST-03716,Female,0,No,Yes,4,Yes,Yes,DSL,Yes,No,Yes,Yes,No,Yes,Month-to-month,Yes,Electronic check,39.72,160.51,Yes
CUST-03717,Female,0,Yes,Yes,35,Yes,No,Fiber optic,Yes,No,Yes,No,Yes,No,Two year,No,Bank transfer (automatic),61.25,2142.72,No
CUST-03718,Female,1,No,No,45,Yes,Yes,Fiber optic,Yes,No,Yes,No,No,Yes,Month-to-month,No,Bank transfer (automatic),112.57,5058.82,Yes
CUST-03719,Female,0,Yes,No,22,Yes,No,No,No internet service,No internet service,No internet service,No internet service,No internet service,No internet service,Two year,Yes,Electronic check,117.12,2566.37,No
CUST-03720,Male,0,No,Yes,44,Yes,Yes,DSL,No,No,Yes,Yes,Yes,Yes,Month-to-month,Yes,Mailed check,18.04,794.62,No
CUST-03721,Male,0,Yes,No,9,Yes,No,Fiber optic,Yes,Yes,No,Yes,No,No,Two year,Yes,Bank transfer (automatic),40.45,355.58,No
CUST-03722,Female,0,No,Yes,53,Yes,Yes,DSL,No,No,Yes,Yes,Yes,Yes,Month-to-month,No,Credit card (automatic),68.14,3608.8,No
CUST-03723,Female,0,Yes,Yes,69,Yes,No,Fiber optic,No,Yes,No,No,No,No,One year,No,Bank transfer (automatic),87.44,6036.78,No
CUST-03724,Male,0,No,No,31,Yes,No,DSL,No,No,No,Yes,Yes,No,One year,Yes,Mailed check,83.67,2595.85,No
CUST-03725,Female,0,Yes,Yes,42,Yes,No,DSL,Yes,Yes,Yes,Yes,No,Yes,One year,Yes,Electronic check,43.15,1809.32,No
CUST-03726,Female,0,Yes,Yes,14,Yes,Yes,No,No internet service,No internet service,No internet service,No internet service,No internet service,No internet service,Month-to-month,Yes,Bank transfer (automatic),37.75,532.98,Yes
CUST-03727,Female,0,No,Yes,65,Yes,Yes,Fiber optic,Yes,No,Yes,No,No,No,One year,No,Electronic check,19.43,1265.58,No
CUST-03728,Male,0,No,No,14,Yes,Yes,DSL,Yes,Yes,No,No,No,No,Two year,Yes,Bank transfer (automatic),102.29,1429.62,No
CUST-03729,Male,0,Yes,Yes,19,Yes,Yes,No,No internet service,No internet service,No internet service,No internet service,No internet service,No internet service,Two year,No,Credit card (automatic),55.88,1069.33,No
CUST-03730,Female,0,No,No,49,Yes,No,Fiber optic,Yes,Yes,Yes,Yes,Yes,Yes,Two year,No,Electronic check,104.43,5119.51,No
CUST-03731,Female,1,No,No,5,No,No phone service,DSL,No,Yes,No,Yes,No,No,Month-to-month,No,Credit card (automatic),50.37,247.95,Yes
CUST-03732,Male,0,Yes,No,16,Yes,No,Fiber optic,Yes,No,Yes,No,Yes,No,Month-to-month,No,Bank transfer (automatic),93.6,1487.34,No
CUST-03733,Male,0,No,Yes,25,Yes,No,Fiber optic,Yes,Yes,Yes,Yes,No,Yes,Two year,Yes,Electronic check,24.97,625.37,Yes
CUST-03734,Female,0,Yes,No,21,Yes,Yes,DSL,Yes,Yes,No,No,Yes,No,Month-to-month,No,Electronic check,99.14,2079.42,Yes
CUST-03735,Female,1,No,Yes,63,Yes,No,No,No internet service,No internet service,No internet service,No internet service,No internet service,No internet service,Two year,Yes,Bank transfer (automatic),107.1,6747.4,No
CUST-03736,Male,1,Yes,No,57,Yes,No,Fiber optic,No,No,Yes,No,Yes,No,Month-to-month,Yes,Bank transfer (automatic),44.49,2534.75,No
CUST-03737,Male,1,No,No,36,No,No phone service,No,No internet service,No internet service,No internet service,No internet service,No internet service,No internet service,Month-to-month,No,Credit card (automatic),32.19,1147.85,No
CUST-03738,Male,0,Yes,Yes,71,Yes,Yes,Fiber optic,No,No,Yes,No,No,No,One year,Yes,Bank transfer (automatic),37.61,2668.85,No
CUST-03739,Female,0,Yes,No,27,Yes,No,Fiber optic,Yes,Yes,No,Yes,No,Yes,Month-to-month,No,Bank transfer (automatic),104.78,2823.55,No
CUST-03740,Male,0,No,Yes,48,Yes,Yes,DSL,Yes,No,No,Yes,No,Yes,One year,Yes,Mailed check,46.62,2235.22,No
CUST-03741,Female,0,No,Yes,66,Yes,No,Fiber optic,Yes,No,No,Yes,No,No,One year,Yes,Bank transfer (automatic),41.14,2712.35,No
CUST-03742,Male,0,Yes,No,66,No,No phone service,Fiber optic,No,No,Yes,No,Yes,Yes,One year,Yes,Electronic check,115.89,7649.06,No
CUST-03743,Male,0,Yes,No,40,Yes,Yes,DSL,No,Yes,No,Yes,No,No,One year,Yes,Bank transfer (automatic),85.0,3401.5,No
CUST-03744,Male,0,No,Yes,45,Yes,No,Fiber optic,No,No,Yes,Yes,Yes,No,One year,No,Credit card (automatic),101.22,4557.21,No
CUST-03745,Male,0,No,Yes,54,Yes,Yes,DSL,No,Yes,No,No,No,Yes,Two year,Yes,Bank transfer (automatic),92.71,4994.35,No
CUST-03746,Female,0,No,Yes,10,Yes,Yes,No,No internet service,No internet service,No internet service,No internet service,No internet service,No internet service,Month-to-month,Yes,Mailed check,55.4,561.11,Yes
CUST-03747,Female,0,No,No,25,Yes,Yes,No,No internet service,No internet service,No internet service,No internet service,No internet service,No internet service,One year,Yes,Mailed check,104.27,2598.59,No
CUST-03748,Male,1,No,No,71,Yes,No,Fiber optic,No,Yes,Yes,No,Yes,No,Month-to-month,No,Mailed check,76.82,5454.15,Yes
CUST-03749,Female,0,No,Yes,12,Yes,No,DSL,Yes,Yes,No,Yes,Yes,No,Two year,Yes,Electronic check,83.74,1000.74,No
CUST-03750,Male,0,Yes,Yes,35,Yes,Yes,Fiber optic,No,No,Yes,Yes,Yes,No,One year,No,Mailed check,50.61,1772.83,No
CUST-03751,Male,0,No,No,63,Yes,No,Fiber optic,Yes,No,No,Yes,Yes,No,Month-to-month,Yes,Credit card (automatic),116.12,7306.41,No
CUST-03752,Male,0,No,No,50,No,No phone service,No,No internet service,No internet service,No internet service,No internet service,No internet service,No internet service,Month-to-month,Yes,Mailed check,103.46,5180.75,No
CUST-03753,Male,0,No,No,21,Yes,No,DSL,No,Yes,No,No,Yes,Yes,Month-to-month,No,Credit card (automatic),32.81,687.21,No
CUST-03754,Female,0,No,No,59,Yes,Yes,Fiber optic,Yes,No,No,No,No,Yes,Month-to-month,No,Bank transfer (automatic),38.39,2267.51,No
CUST-03755,Male,0,Yes,Yes,1,Yes,Yes,DSL,Yes,Yes,Yes,No,Yes,Yes,Month-to-month,Yes,Electronic check,92.86,88.86,No
CUST-03756,Male,0,Yes,No,55,Yes,Yes,No,No internet service,No internet service,No internet service,No internet service,No internet service,No internet service,Month-to-month,No,Bank transfer (automatic),20.58,1140.2,No
CUST-03757,Female,1,Yes,No,39,Yes,No,No,No internet service,No internet service,No internet service,No internet service,No internet service,No internet service,Month-to-month,Yes,Credit card (automatic),51.55,2003.59,No
CUST-03758,Male,0,Yes,No,27,Yes,No,No,No internet service,No internet service,No internet service,No internet service,No internet service,No internet service,Two year,Yes,Electronic check,71.25,1910.6,No
CUST-03759,Male,0,No,Yes,2,Yes,Yes,Fiber optic,Yes,No,Yes,No,No,Yes,Two year,No,Credit card (automatic),38.49,83.79,No
CUST-03760,Male,0,Yes,No,62,Yes,Yes,Fiber optic,Yes,No,No,Yes,No,Yes,Month-to-month,No,Electronic check,105.32,6523.96,No
CUST-03761,Female,1,No,No,22,Yes,Yes,No,No internet service,No internet service,No internet service,No internet service,No internet service,No internet service,One year,Yes,Mailed check,106.93,2352.11,No
CUST-03762,Male,0,No,No,54,Yes,Yes,Fiber optic,Yes,Yes,Yes,No,Yes,No,Month-to-month,Yes,Bank transfer (automatic),113.68,6146.51,No
CUST-03763,Female,0,Yes,No,31,Yes,No,DSL,No,No,No,No,No,Yes,Month-to-month,Yes,Mailed check,32.63,1009.5,Yes
CUST-03764,Male,1,Yes,No,27,Yes,Yes,No,No internet service,No internet service,No internet service,No internet service,No internet service,No internet service,Month-to-month,Yes,Electronic check,25.93,701.41,Yes
CUST-03765,Male,1,No,No,7,Yes,No,Fiber optic,Yes,No,Yes,No,Yes,No,Month-to-month,Yes,Credit card (automatic),73.61,519.34,Yes
CUST-03766,Female,1,Yes,No,2,Yes,Yes,Fiber optic,No,No,Yes,Yes,No,No,Month-to-month,No,Electronic check,97.24,194.63,No
CUST-03767,Male,0,Yes,No,52,Yes,Yes,DSL,Yes,No,No,Yes,Yes,Yes,Two year,No,Electronic check,47.11,2456.23,No
CUST-03768,Male,0,No,Yes,28,Yes,No,DSL,No,No,No,No,No,No,Two year,Yes,Mailed check,42.1,1182.33,No
CUST-03769,Female,1,No,No,58,Yes,Yes,Fiber optic,No,Yes,No,No,Yes,No,Month-to-month,Yes,Electronic check,69.77,4042.19,Yes
CUST-03770,Female,0,No,No,23,Yes,Yes,Fiber optic,No,Yes,No,Yes,No,No,Two year,No,Bank transfer (automatic),66.21,1526.49,No
CUST-03771,Female,0,No,No,37,Yes,No,Fiber optic,No,Yes,Yes,Yes,Yes,No,Two year,No,Bank transfer (automatic),65.96,2440.35,No
CUST-03772,Female,0,No,No,27,Yes,No,DSL,No,Yes,Yes,Yes,No,Yes,Month-to-month,Yes,Mailed check,58.53,1580.16,No
CUST-03773,Female,0,Yes,No,61,Yes,Yes,Fiber optic,Yes,Yes,No,Yes,No,Yes,Month-to-month,No,Mailed check,90.71,5534.97,No
CUST-03774,Male,1,No,No,50,No,No phone service,No,No internet service,No internet service,No internet service,No internet service,No internet service,No internet service,One year,No,Bank transfer (automatic),79.47,3978.1,No
CUST-03775,Female,0,No,Yes,6,Yes,No,Fiber optic,Yes,No,No,No,No,Yes,Month-to-month,No,Mailed check,66.78,395.87,No
CUST-03776,Male,0,No,Yes,22,Yes,Yes,No,No internet service,No internet service,No internet service,No internet service,No internet service,No internet service,Two year,No,Bank transfer (automatic),90.07,1988.07,No
CUST-03777,Male,1,Yes,Yes,45,Yes,Yes,DSL,Yes,Yes,Yes,No,Yes,No,Month-to-month,No,Bank transfer (automatic),44.17,1993.87,No
CUST-03778,Male,0,No,No,27,Yes,Yes,No,No internet service,No internet service,No internet service,No internet service,No internet service,No internet service,Two year,No,Mailed check,107.18,2890.7,No
CUST-03779,Female,0,No,Yes,23,Yes,No,Fiber optic,No,No,Yes,No,Yes,Yes,One year,No,Credit card (automatic),56.42,1306.45,No
CUST-03780,Female,0,Yes,Yes,6,Yes,No,Fiber optic,Yes,No,Yes,Yes,No,No,Month-to-month,Yes,Mailed check,50.76,303.69,No
CUST-03781,Male,0,No,Yes,48,Yes,Yes,DSL,Yes,Yes,No,No,No,No,Month-to-month,Yes,Credit card (automatic),72.23,3469.88,No
CUST-03782,Female,0,No,No,2,Yes,Yes,No,No internet service,No internet service,No internet service,No internet service,No internet service,No internet service,Month-to-month,No,Mailed check,45.04,87.77,Yes
CUST-03783,Female,0,No,No,1,Yes,Yes,No,No internet service,No internet service,No internet service,No internet service,No internet service,No internet service,Two year,Yes,Bank transfer (automatic),44.87,48.97,Yes
CUST-03784,Female,0,Yes,Yes,6,No,No phone service,No,No internet service,No internet service,No internet service,No internet service,No internet service,No internet service,Month-to-month,Yes,Credit card (automatic),25.79,152.52,No
CUST-03785,Female,0,Yes,No,20,Yes,No,Fiber optic,No,No,Yes,No,Yes,Yes,Month-to-month,Yes,Mailed check,83.19,1664.6,No
CUST-03786,Male,0,No,No,8,Yes,Yes,DSL,Yes,Yes,No,Yes,Yes,Yes,Month-to-month,Yes,Mailed check,109.27,861.07,No
CUST-03787,Male,0,No,Yes,11,Yes,No,DSL,Yes,No,Yes,No,No,No,Month-to-month,Yes,Bank transfer (automatic),86.53,949.47,No
CUST-03788,Female,0,No,No,23,No,No phone service,DSL,No,No,Yes,No,No,No,Month-to-month,Yes,Credit card (automatic),74.77,1716.88,No
CUST-03789,Male,0,Yes,No,32,Yes,Yes,DSL,Yes,No,No,No,Yes,Yes,One year,No,Mailed check,89.18,2844.3,Yes
CUST-03790,Female,0,Yes,Yes,42,Yes,No,Fiber optic,Yes,Yes,No,Yes,Yes,No,Month-to-month,Yes,Electronic check,114.65,4819.14,No
CUST-03791,Female,0,Yes,Yes,4,Yes,No,Fiber optic,Yes,Yes,Yes,Yes,Yes,Yes,Month-to-month,No,Electronic check,51.65,204.67,No
CUST-03792,Male,0,Yes,No,70,Yes,No,Fiber optic,No,No,No,No,Yes,Yes,Month-to-month,Yes,Mailed check,61.07,4265.81,No
CUST-03793,Male,0,Yes,No,13,Yes,Yes,DSL,No,Yes,Yes,Yes,Yes,No,Month-to-month,Yes,Bank transfer (automatic),46.62,609.07,No
CUST-03794,Male,1,Yes,Yes,35,Yes,Yes,DSL,No,No,Yes,No,Yes,No,Month-to-month,Yes,Bank transfer (automatic),19.67,693.9,No
CUST-03795,Female,0,No,No,34,Yes,Yes,Fiber optic,Yes,Yes,No,Yes,No,No,Month-to-month,No,Mailed check,52.74,1792.49,No
CUST-03796,Male,0,Yes,No,49,Yes,Yes,No,No internet service,No internet service,No internet service,No internet service,No internet service,No internet service,Month-to-month,No,Mailed check,25.16,1225.29,No
CUST-03797,Female,0,No,No,10,Yes,Yes,No,No internet service,No internet service,No internet service,No internet service,No internet service,No internet service,One year,Yes,Bank transfer (automatic),103.84,1028.98,No
CUST-03798,Male,1,Yes,Yes,23,Yes,Yes,DSL,No,No,No,No,No,No,Month-to-month,Yes,Bank transfer (automatic),89.56,2053.76,No
CUST-03799,Male,0,No,No,43,Yes,No,Fiber optic,Yes,Yes,No,No,No,No,Two year,Yes,Bank transfer (automatic),48.4,2077.05,No
CUST-03800,Female,0,Yes,No,50,Yes,No,Fiber optic,No,Yes,No,No,No,No,Two year,Yes,Mailed check,50.79,2548.05,No
CUST-03801,Female,0,No,No,16,No,No phone service,Fiber optic,No,Yes,No,No,No,No,Month-to-month,Yes,Bank transfer (automatic),74.96,1198.34,No
CUST-03802,Female,0,No,No,69,Yes,No,DSL,Yes,No,Yes,No,Yes,Yes,Month-to-month,Yes,Mailed check,97.8,6741.84,No
CUST-03803,Female,0,No,No,7,Yes,No,Fiber optic,Yes,No,Yes,Yes,Yes,Yes,Month-to-month,No,Credit card (automatic),89.87,626.02,Yes
CUST-03804,Female,0,Yes,No,27,Yes,No,DSL,Yes,No,Yes,Yes,No,Yes,Two year,No,Electronic check,20.88,569.11,No
CUST-03805,Female,0,Yes,No,11,Yes,No,Fiber optic,Yes,No,Yes,Yes,Yes,Yes,Month-to-month,Yes,Credit card (automatic),96.53,1064.61,No
CUST-03806,Female,0,Yes,No,42,Yes,No,Fiber optic,Yes,Yes,Yes,No,No,No,One year,No,Electronic check,106.13,4457.69,No
CUST-03807,Female,0,No,No,36,Yes,Yes,Fiber optic,No,No,Yes,No,Yes,Yes,Month-to-month,Yes,Mailed check,26.99,970.8,No
CUST-03808,Male,0,No,Yes,62,Yes,Yes,Fiber optic,No,No,No,No,Yes,No,Two year,Yes,Mailed check,95.01,5890.64,No
CUST-03809,Female,0,No,No,62,Yes,No,No,No internet service,No internet service,No internet service,No internet service,No internet service,No internet service,Month-to-month,Yes,Credit card (automatic),43.17,2677.32,No
CUST-03810,Female,0,Yes,Yes,9,Yes,No,DSL,Yes,No,Yes,Yes,Yes,Yes,One year,Yes,Mailed check,35.37,317.36,No
CUST-03811,Male,0,Yes,No,36,Yes,Yes,Fiber optic,Yes,No,Yes,No,Yes,Yes,Month-to-month,No,Mailed check,72.39,2606.55,No
CUST-03812,Female,0,No,No,10,Yes,Yes,No,No internet service,No internet service,No internet service,No internet service,No internet service,No internet service,Month-to-month,No,Bank transfer (automatic),73.27,731.2,No
CUST-03813,Male,1,Yes,No,18,Yes,Yes,DSL,Yes,Yes,No,No,No,Yes,Month-to-month,Yes,Credit card (automatic),65.09,1167.34,No
CUST-03814,Male,0,Yes,Yes,51,Yes,No,Fiber optic,Yes,No,Yes,No,No,Yes,Month-to-month,Yes,Electronic check,108.18,5515.86,No
CUST-03815,Female,1,Yes,No,17,Yes,No,DSL,No,Yes,No,Yes,No,No,Two year,Yes,Credit card (automatic),42.16,718.37,No
CUST-03816,Male,0,Yes,No,31,Yes,Yes,Fiber optic,No,Yes,Yes,No,Yes,Yes,One year,Yes,Mailed check,78.25,2422.11,No
CUST-03817,Female,1,No,Yes,22,Yes,No,DSL,No,No,No,Yes,Yes,Yes,Month-to-month,Yes,Mailed check,58.99,1299.88,No
CUST-03818,Male,0,Yes,No,11,Yes,No,Fiber optic,Yes,Yes,Yes,Yes,No,No,One year,No,Credit card (automatic),105.38,1163.33,No
CUST-03819,Male,0,Yes,No,57,Yes,Yes,Fiber optic,No,Yes,No,Yes,No,Yes,Month-to-month,No,Mailed check,31.28,1784.67,No
CUST-03820,Male,0,No,No,20,No,No phone service,DSL,Yes,Yes,No,Yes,No,No,Two year,Yes,Mailed check,26.29,522.99,No
CUST-03821,Female,0,No,No,20,Yes,Yes,Fiber optic,Yes,Yes,No,Yes,No,Yes,Month-to-month,No,Mailed check,117.28,2346.08,No
CUST-03822,Female,0,Yes,No,28,Yes,No,Fiber optic,No,No,Yes,Yes,Yes,No,Month-to-month,Yes,Bank transfer (automatic),75.72,2120.93,No
CUST-03823,Male,0,Yes,No,46,No,No phone service,Fiber optic,Yes,Yes,Yes,No,Yes,No,Month-to-month,Yes,Mailed check,109.19,5023.74,Yes
CUST-03824,Male,0,Yes,Yes,11,Yes,Yes,DSL,No,No,No,No,Yes,No,Month-to-month,No,Mailed check,58.82,654.47,No
CUST-03825,Female,0,Yes,Yes,57,Yes,Yes,Fiber optic,Yes,No,Yes,No,Yes,No,Two year,Yes,Mailed check,78.43,4464.72,No
CUST-03826,Female,0,No,No,40,Yes,No,DSL,Yes,Yes,No,No,No,Yes,Month-to-month,Yes,Mailed check,87.41,3497.43,No
CUST-03827,Male,0,No,No,18,Yes,No,DSL,No,Yes,No,No,No,No,One year,No,Mailed check,116.61,2096.98,No
CUST-03828,Male,0,No,Yes,11,Yes,No,No,No internet service,No internet service,No internet service,No internet service,No internet service,No internet service,One year,No,Mailed check,29.27,315.74,No
CUST-03829,Female,0,Yes,Yes,22,Yes,Yes,Fiber optic,No,Yes,No,No,Yes,No,Month-to-month,Yes,Mailed check,30.48,664.27,Yes
CUST-03830,Female,0,Yes,No,4,Yes,No,DSL,No,No,Yes,No,No,No,One year,No,Electronic check,70.32,285.67,No
CUST-03831,Female,0,No,No,25,Yes,No,DSL,No,Yes,Yes,No,No,No,One year,No,Credit card (automatic),23.58,582.48,No
CUST-03832,Female,1,Yes,Yes,62,Yes,Yes,DSL,No,Yes,No,No,No,No,Month-to-month,No,Electronic check,90.75,5627.99,No
CUST-03833,Female,0,No,No,51,Yes,No,No,No internet service,No internet service,No internet service,No internet service,No internet service,No internet service,Month-to-month,Yes,Mailed check,117.08,5971.74,No
CUST-03834,Male,0,No,Yes,9,Yes,No,Fiber optic,No,No,No,Yes,No,Yes,One year,Yes,Credit card (automatic),99.14,887.97,No
CUST-03835,Female,0,No,No,38,Yes,No,Fiber optic,No,No,Yes,No,No,Yes,Two year,No,Electronic check,44.58,1698.22,No
CUST-03836,Male,0,No,No,22,Yes,No,No,No internet service,No internet service,No internet service,No internet service,No internet service,No internet service,Month-to-month,Yes,Credit card (automatic),97.96,2149.21,No
CUST-03837,Female,0,No,No,10,Yes,No,No,No internet service,No internet service,No internet service,No internet service,No internet service,No internet service,Two year,No,Mailed check,80.79,805.15,Yes
CUST-03838,Male,0,No,No,71,Yes,No,No,No internet service,No internet service,No internet service,No internet service,No internet service,No internet service,Two year,No,Credit card (automatic),29.94,2120.28,No
CUST-03839,Female,0,No,No,47,Yes,No,No,No internet service,No internet service,No internet service,No internet service,No internet service,No internet service,Month-to-month,No,Credit card (automatic),74.59,3509.55,No
CUST-03840,Female,0,Yes,Yes,15,Yes,No,No,No internet service,No internet service,No internet service,No internet service,No internet service,No internet service,Two year,No,Credit card (automatic),107.68,1621.12,No
CUST-03841,Male,0,No,Yes,45,Yes,Yes,DSL,No,No,No,No,Yes,Yes,One year,No,Credit card (automatic),46.99,2115.79,No
CUST-03842,Male,0,No,No,46,Yes,Yes,DSL,Yes,Yes,Yes,No,Yes,Yes,Month-to-month,No,Mailed check,83.91,3872.56,No
CUST-03843,Female,0,Yes,No,47,Yes,Yes,No,No internet service,No internet service,No internet service,No internet service,No internet service,No internet service,Month-to-month,Yes,Bank transfer (automatic),22.16,1043.75,No
CUST-03844,Female,0,No,No,68,Yes,Yes,DSL,Yes,No,No,Yes,Yes,Yes,Two year,Yes,Bank transfer (automatic),101.42,6899.72,No
CUST-03845,Female,1,Yes,No,24,Yes,Yes,DSL,No,No,No,Yes,Yes,Yes,Two year,No,Credit card (automatic),38.59,931.19,No
CUST-03846,Female,0,No,No,36,Yes,Yes,DSL,Yes,Yes,No,No,Yes,Yes,Two year,No,Mailed check,78.86,2835.6,No
CUST-03847,Female,0,Yes,Yes,62,No,No phone service,Fiber optic,No,Yes,No,No,No,Yes,Month-to-month,No,Mailed check,70.42,4368.08,No
CUST-03848,Male,0,Yes,No,28,Yes,No,Fiber optic,Yes,Yes,No,No,Yes,No,Two year,Yes,Bank transfer (automatic),72.81,2033.85,No
CUST-03849,Male,0,Yes,No,57,No,No phone service,DSL,No,Yes,Yes,No,Yes,Yes,Two year,Yes,Mailed check,43.37,2465.5,No
CUST-03850,Female,0,No,No,30,Yes,No,Fiber optic,No,Yes,No,No,No,No,Month-to-month,Yes,Credit card (automatic),73.91,2222.76,Yes
CUST-03851,Male,0,Yes,No,67,Yes,No,No,No internet service,No internet service,No internet service,No internet service,No internet service,No internet service,Two year,Yes,Credit card (automatic),78.28,5240.51,No
CUST-03852,Male,0,No,No,40,Yes,No,Fiber optic,No,No,Yes,No,No,Yes,Month-to-month,Yes,Bank transfer (automatic),60.55,2422.92,No
CUST-03853,Male,0,No,No,49,Yes,Yes,Fiber optic,No,No,Yes,Yes,Yes,No,Month-to-month,Yes,Mailed check,81.33,3993.33,No
CUST-03854,Female,0,No,No,43,Yes,Yes,DSL,Yes,No,Yes,Yes,No,Yes,Month-to-month,No,Credit card (automatic),37.16,1588.82,No
CUST-03855,Male,0,No,No,8,Yes,No,DSL,Yes,No,No,No,Yes,No,Month-to-month,Yes,Bank transfer (automatic),69.26,557.34,No
CUST-03856,Female,0,No,No,58,Yes,No,Fiber optic,No,No,No,Yes,Yes,Yes,One year,No,Electronic check,89.68,5201.33,No
CUST-03857,Male,0,No,No,26,Yes,No,No,No internet service,No internet service,No internet service,No internet service,No internet service,No internet service,Two year,Yes,Bank transfer (automatic),54.8,1424.45,No
CUST-03858,Female,0,No,No,58,Yes,Yes,No,No internet service,No internet service,No internet service,No internet service,No internet service,No internet service,Month-to-month,No,Mailed check,59.11,3428.68,No
CUST-03859,Male,0,Yes,No,2,Yes,Yes,Fiber optic,No,Yes,No,No,No,Yes,One year,Yes,Electronic check,34.42,68.93,No
CUST-03860,Female,0,No,No,6,No,No phone service,Fiber optic,Yes,Yes,Yes,No,Yes,Yes,Month-to-month,Yes,Credit card (automatic),79.64,480.46,No
CUST-03861,Female,1,No,No,15,Yes,Yes,Fiber optic,No,Yes,No,Yes,Yes,Yes,Month-to-month,Yes,Mailed check,30.35,449.99,Yes
CUST-03862,Male,0,Yes,No,48,Yes,No,DSL,No,Yes,No,Yes,Yes,No,Two year,No,Credit card (automatic),68.08,3270.35,No
CUST-03863,Female,0,No,Yes,31,Yes,No,DSL,Yes,Yes,No,Yes,No,No,Two year,No,Bank transfer (automatic),39.04,1204.6,No
CUST-03864,Female,0,Yes,No,43,Yes,Yes,No,No internet service,No internet service,No internet service,No internet service,No internet service,No internet service,Month-to-month,No,Mailed check,37.41,1619.15,No
CUST-03865,Female,1,Yes,No,18,Yes,No,Fiber optic,No,No,Yes,Yes,Yes,No,Two year,Yes,Electronic check,27.58,495.92,Yes
CUST-03866,Female,0,No,Yes,2,Yes,Yes,No,No internet service,No internet service,No internet service,No internet service,No internet service,No internet service,Month-to-month,Yes,Electronic check,53.74,108.38,No
CUST-03867,Female,0,No,No,59,Yes,No,Fiber optic,Yes,No,No,No,No,Yes,Month-to-month,Yes,Credit card (automatic),104.74,6188.51,No
CUST-03868,Female,0,Yes,No,34,Yes,No,No,No internet service,No internet service,No internet service,No internet service,No internet service,No internet service,Month-to-month,Yes,Credit card (automatic),78.49,2664.79,No
CUST-03869,Female,0,No,No,28,No,No phone service,DSL,Yes,Yes,Yes,Yes,No,Yes,Month-to-month,Yes,Bank transfer (automatic),95.91,2685.42,No
CUST-03870,Female,0,Yes,No,69,Yes,Yes,DSL,Yes,Yes,Yes,No,Yes,No,One year,Yes,Credit card (automatic),29.46,2025.69,No
CUST-03871,Male,0,Yes,No,44,Yes,Yes,No,No internet service,No internet service,No internet service,No internet service,No internet service,No internet service,Two year,Yes,Mailed check,49.33,2165.67,No
CUST-03872,Male,0,No,Yes,26,Yes,No,Fiber optic,Yes,No,Yes,Yes,No,No,Two year,Yes,Electronic check,56.86,1471.24,Yes
CUST-03873,Female,0,Yes,No,68,Yes,No,DSL,Yes,No,Yes,Yes,Yes,No,One year,Yes,Mailed check,104.0,7075.99,No
CUST-03874,Female,0,No,Yes,34,No,No phone service,No,No internet service,No internet service,No internet service,No internet service,No internet service,No internet service,Month-to-month,Yes,Bank transfer (automatic),84.44,2873.81,No
CUST-03875,Male,0,No,Yes,18,No,No phone service,No,No internet service,No internet service,No internet service,No internet service,No internet service,No internet service,Month-to-month,No,Electronic check,67.05,1204.71,No
CUST-03876,Male,0,Yes,No,16,Yes,No,Fiber optic,Yes,No,Yes,Yes,No,No,Month-to-month,Yes,Credit card (automatic),48.05,766.27,Yes
CUST-03877,Male,0,Yes,No,34,Yes,Yes,Fiber optic,No,No,Yes,Yes,Yes,Yes,One year,No,Electronic check,93.99,3200.51,No
CUST-03878,Female,0,No,No,29,Yes,Yes,No,No internet service,No internet service,No internet service,No internet service,No internet service,No internet service,One year,Yes,Bank transfer (automatic),106.83,3098.04,No
CUST-03879,Male,0,No,No,47,Yes,No,Fiber optic,Yes,No,No,No,No,Yes,Month-to-month,Yes,Credit card (automatic),71.68,3364.62,No
CUST-03880,Female,0,No,No,56,Yes,Yes,No,No internet service,No internet service,No internet service,No internet service,No internet service,No internet service,Month-to-month,Yes,Electronic check,22.34,1256.41,No
CUST-03881,Female,0,Yes,No,16,Yes,Yes,Fiber optic,No,No,No,No,No,Yes,Month-to-month,Yes,Electronic check,45.19,722.33,Yes
CUST-03882,Male,0,No,No,14,Yes,No,DSL,No,Yes,No,Yes,Yes,No,Two year,No,Electronic check,92.58,1299.51,No
CUST-03883,Female,0,Yes,Yes,13,Yes,Yes,Fiber optic,Yes,Yes,Yes,Yes,No,No,Month-to-month,Yes,Credit card (automatic),56.76,738.24,No
CUST-03884,Female,0,Yes,Yes,13,Yes,No,Fiber optic,No,Yes,Yes,Yes,No,Yes,Two year,Yes,Bank transfer (automatic),80.59,1058.06,No
CUST-03885,Female,0,Yes,No,44,Yes,No,DSL,No,Yes,Yes,No,Yes,Yes,Month-to-month,No,Electronic check,70.45,3098.77,No
CUST-03886,Female,0,No,Yes,37,Yes,Yes,DSL,Yes,No,Yes,No,No,No,One year,No,Mailed check,108.77,4014.45,No
CUST-03887,Male,0,Yes,No,62,Yes,Yes,DSL,Yes,Yes,No,No,No,Yes,Month-to-month,Yes,Credit card (automatic),48.7,3018.26,No
CUST-03888,Male,0,No,No,10,Yes,No,DSL,No,No,No,No,Yes,No,Month-to-month,Yes,Credit card (automatic),62.61,627.43,No
CUST-03889,Female,0,Yes,Yes,47,Yes,No,Fiber optic,No,No,Yes,Yes,Yes,No,Two year,Yes,Electronic check,24.48,1152.86,No
CUST-03890,Female,0,No,No,25,Yes,No,Fiber optic,Yes,Yes,No,Yes,Yes,No,Two year,No,Electronic check,98.5,2466.54,No
CUST-03891,Male,0,No,Yes,66,Yes,Yes,Fiber optic,Yes,Yes,No,No,No,No,Two year,No,Electronic check,50.58,3335.38,No
CUST-03892,Female,0,Yes,No,24,Yes,No,Fiber optic,Yes,No,Yes,Yes,Yes,Yes,Two year,No,Bank transfer (automatic),90.19,2172.38,No
CUST-03893,Male,0,No,No,60,Yes,No,Fiber optic,No,No,No,Yes,No,Yes,Two year,Yes,Credit card (automatic),18.3,1102.82,No
CUST-03894,Female,1,Yes,No,25,No,No phone service,DSL,No,No,Yes,No,Yes,Yes,Month-to-month,No,Mailed check,104.74,2619.15,Yes
CUST-03895,Female,0,Yes,Yes,33,No,No phone service,Fiber optic,Yes,Yes,No,No,Yes,No,One year,Yes,Bank transfer (automatic),115.2,3798.13,No
CUST-03896,Male,0,Yes,No,8,Yes,Yes,Fiber optic,No,No,Yes,Yes,Yes,No,One year,No,Bank transfer (automatic),65.0,529.64,No
CUST-03897,Male,0,Yes,Yes,39,Yes,No,No,No internet service,No internet service,No internet service,No internet service,No internet service,No internet service,Month-to-month,Yes,Credit card (automatic),66.26,2587.79,No
CUST-03898,Male,0,Yes,No,6,No,No phone service,DSL,No,Yes,Yes,No,Yes,No,Month-to-month,Yes,Electronic check,79.64,475.38,No
CUST-03899,Male,0,Yes,No,29,Yes,No,Fiber optic,Yes,Yes,Yes,Yes,No,Yes,Month-to-month,Yes,Bank transfer (automatic),115.51,3356.8,No
CUST-03900,Female,0,Yes,No,65,Yes,No,Fiber optic,No,Yes,Yes,Yes,Yes,No,One year,Yes,Electronic check,73.86,4802.0,No
CUST-03901,Male,0,No,No,29,Yes,No,Fiber optic,Yes,Yes,No,No,Yes,Yes,One year,Yes,Credit card (automatic),25.39,743.86,Yes
CUST-03902,Female,0,Yes,No,67,No,No phone service,No,No internet service,No internet service,No internet service,No internet service,No internet service,No internet service,Month-to-month,No,Mailed check,74.52,4988.62,No
CUST-03903,Male,0,Yes,Yes,57,Yes,Yes,Fiber optic,Yes,No,Yes,No,Yes,Yes,One year,Yes,Mailed check,59.9,3413.3,No
CUST-03904,Male,0,No,Yes,54,Yes,Yes,Fiber optic,Yes,No,No,Yes,Yes,No,Month-to-month,No,Mailed check,94.09,5087.77,Yes
CUST-03905,Female,0,No,No,13,Yes,Yes,Fiber optic,Yes,No,No,Yes,Yes,Yes,Month-to-month,Yes,Electronic check,48.33,624.95,No
CUST-03906,Male,0,Yes,Yes,36,Yes,No,No,No internet service,No internet service,No internet service,No internet service,No internet service,No internet service,Two year,Yes,Bank transfer (automatic),110.45,3974.93,No
CUST-03907,Male,1,Yes,No,43,Yes,No,No,No internet service,No internet service,No internet service,No internet service,No internet service,No internet service,Month-to-month,No,Mailed check,98.01,4200.74,No
CUST-03908,Male,0,Yes,No,5,No,No phone service,No,No internet service,No internet service,No internet service,No internet service,No internet service,No internet service,One year,Yes,Bank transfer (automatic),50.66,255.36,Yes
CUST-03909,Male,0,No,No,25,Yes,Yes,DSL,No,No,Yes,Yes,No,No,One year,Yes,Mailed check,53.2,1335.77,No
CUST-03910,Female,0,Yes,No,13,Yes,Yes,Fiber optic,No,No,No,Yes,No,No,Month-to-month,No,Electronic check,69.78,902.53,Yes
CUST-03911,Female,0,No,No,7,No,No phone service,Fiber optic,No,No,No,Yes,No,Yes,Month-to-month,No,Electronic check,27.96,197.96,No
CUST-03912,Male,0,Yes,No,23,Yes,No,Fiber optic,No,No,No,Yes,Yes,Yes,Month-to-month,No,Electronic check,87.01,1998.52,Yes
CUST-03913,Male,1,Yes,No,38,Yes,Yes,DSL,Yes,Yes,Yes,Yes,Yes,Yes,Month-to-month,No,Mailed check,78.91,2991.03,No
CUST-03914,Male,0,No,No,48,Yes,Yes,No,No internet service,No internet service,No internet service,No internet service,No internet service,No internet service,Month-to-month,No,Bank transfer (automatic),49.87,2392.13,No
CUST-03915,Female,1,Yes,No,62,Yes,Yes,Fiber optic,No,Yes,No,No,No,No,Month-to-month,No,Electronic check,81.8,5068.73,No
CUST-03916,Female,0,Yes,No,25,Yes,No,Fiber optic,Yes,Yes,No,No,No,Yes,Month-to-month,No,Bank transfer (automatic),27.82,696.14,Yes
CUST-03917,Female,0,Yes,No,9,No,No phone service,Fiber optic,No,Yes,Yes,Yes,Yes,No,Month-to-month,Yes,Bank transfer (automatic),113.21,1017.36,No
CUST-03918,Female,1,No,No,57,Yes,No,Fiber optic,Yes,Yes,Yes,No,No,No,One year,Yes,Mailed check,24.7,1414.59,No
CUST-03919,Male,0,Yes,Yes,13,Yes,No,No,No internet service,No internet service,No internet service,No internet service,No internet service,No internet service,One year,Yes,Bank transfer (automatic),50.88,658.65,No
CUST-03920,Male,0,Yes,No,70,Yes,No,Fiber optic,Yes,No,Yes,Yes,Yes,Yes,Two year,No,Electronic check,115.05,8052.85,No
CUST-03921,Male,0,No,No,38,Yes,Yes,Fiber optic,No,Yes,No,Yes,No,Yes,Month-to-month,Yes,Credit card (automatic),57.84,2199.12,No
CUST-03922,Female,1,No,No,30,Yes,Yes,DSL,No,No,No,Yes,No,Yes,Month-to-month,Yes,Credit card (automatic),106.56,3196.55,No
CUST-03923,Male,0,Yes,Yes,49,Yes,No,Fiber optic,Yes,No,No,No,Yes,Yes,One year,No,Electronic check,33.09,1618.73,No
CUST-03924,Female,1,Yes,No,15,Yes,Yes,DSL,No,Yes,Yes,Yes,Yes,No,Two year,No,Bank transfer (automatic),24.67,370.31,No
CUST-03925,Female,0,No,No,71,Yes,No,DSL,Yes,Yes,Yes,No,Yes,No,Month-to-month,Yes,Credit card (automatic),28.82,2048.84,No
CUST-03926,Male,0,Yes,No,50,Yes,Yes,Fiber optic,Yes,No,Yes,Yes,No,Yes,Month-to-month,No,Credit card (automatic),115.21,5764.99,No
CUST-03927,Male,0,Yes,No,14,Yes,Yes,DSL,Yes,No,No,Yes,No,Yes,Month-to-month,Yes,Electronic check,26.88,365.73,No
CUST-03928,Male,0,No,Yes,37,Yes,Yes,No,No internet service,No internet service,No internet service,No internet service,No internet service,No internet service,Month-to-month,No,Credit card (automatic),83.17,3079.82,No
CUST-03929,Female,1,Yes,No,70,Yes,No,Fiber optic,No,No,No,Yes,No,No,Month-to-month,Yes,Mailed check,62.06,4340.83,No
CUST-03930,Female,0,Yes,No,71,Yes,Yes,Fiber optic,No,Yes,No,Yes,Yes,No,Month-to-month,No,Electronic check,104.08,7395.47,Yes
CUST-03931,Male,0,No,No,20,Yes,No,DSL,No,No,No,No,Yes,Yes,One year,Yes,Bank transfer (automatic),47.43,953.26,No
CUST-03932,Male,0,Yes,No,15,Yes,Yes,DSL,No,No,No,No,No,Yes,Month-to-month,Yes,Credit card (automatic),20.89,317.98,No
CUST-03933,Female,0,Yes,Yes,66,Yes,Yes,Fiber optic,No,Yes,No,No,Yes,No,Two year,No,Bank transfer (automatic),92.86,6125.84,No
CUST-03934,Male,0,Yes,No,64,Yes,Yes,No,No internet service,No internet service,No internet service,No internet service,No internet service,No internet service,One year,Yes,Bank transfer (automatic),76.88,4913.36,No
CUST-03935,Female,1,No,Yes,12,Yes,Yes,DSL,Yes,Yes,Yes,No,Yes,Yes,One year,Yes,Bank transfer (automatic),61.45,743.76,No
CUST-03936,Female,1,Yes,No,63,Yes,Yes,Fiber optic,No,Yes,No,No,Yes,Yes,One year,No,Mailed check,50.3,3174.74,No
CUST-03937,Male,0,No,No,60,No,No phone service,DSL,No,No,No,Yes,No,Yes,Month-to-month,Yes,Credit card (automatic),107.94,6466.38,No
CUST-03938,Male,1,No,No,31,Yes,No,No,No internet service,No internet service,No internet service,No internet service,No internet service,No internet service,Month-to-month,No,Credit card (automatic),30.18,942.46,No
CUST-03939,Male,1,Yes,No,11,Yes,No,Fiber optic,No,Yes,Yes,Yes,No,No,Two year,Yes,Credit card (automatic),32.14,355.31,No
CUST-03940,Male,0,No,No,40,Yes,No,DSL,No,No,Yes,No,No,Yes,Two year,Yes,Bank transfer (automatic),19.48,779.86,No
CUST-03941,Female,0,Yes,No,65,Yes,No,Fiber optic,Yes,No,No,No,No,Yes,One year,Yes,Electronic check,25.26,1637.79,No
CUST-03942,Female,1,Yes,No,7,Yes,No,No,No internet service,No internet service,No internet service,No internet service,No internet service,No internet service,Month-to-month,Yes,Credit card (automatic),103.73,731.18,No
CUST-03943,Female,0,Yes,No,58,Yes,No,Fiber optic,Yes,No,No,No,Yes,Yes,Month-to-month,Yes,Credit card (automatic),97.36,5644.58,No
CUST-03944,Male,1,No,No,24,Yes,Yes,DSL,Yes,Yes,Yes,Yes,Yes,Yes,Month-to-month,No,Mailed check,28.24,675.44,Yes
CUST-03945,Female,0,Yes,No,4,Yes,Yes,DSL,Yes,Yes,Yes,Yes,No,No,Month-to-month,Yes,Electronic check,95.98,373.24,No
CUST-03946,Male,0,Yes,No,44,Yes,Yes,No,No internet service,No internet service,No internet service,No internet service,No internet service,No internet service,Two year,Yes,Credit card (automatic),82.1,3608.68,No
CUST-03947,Male,0,Yes,Yes,1,Yes,No,Fiber optic,No,No,Yes,No,No,Yes,Month-to-month,Yes,Bank transfer (automatic),56.75,51.79,No
CUST-03948,Male,0,No,No,41,Yes,No,Fiber optic,No,Yes,No,No,Yes,Yes,Month-to-month,Yes,Mailed check,26.42,1072.84,No
CUST-03949,Male,0,No,No,37,Yes,Yes,DSL,No,No,No,Yes,Yes,Yes,Month-to-month,Yes,Mailed check,78.24,2902.67,No
CUST-03950,Male,0,Yes,No,2,Yes,Yes,No,No internet service,No internet service,No internet service,No internet service,No internet service,No internet service,One year,Yes,Electronic check,101.97,203.32,No
CUST-03951,Male,0,Yes,No,45,Yes,Yes,Fiber optic,No,No,Yes,No,No,Yes,Two year,No,Credit card (automatic),60.07,2696.02,No
CUST-03952,Female,0,Yes,No,21,Yes,Yes,DSL,No,Yes,No,Yes,Yes,Yes,Month-to-month,Yes,Credit card (automatic),60.44,1264.42,No
CUST-03953,Male,0,Yes,No,32,Yes,No,DSL,No,No,No,Yes,No,No,Two year,Yes,Credit card (automatic),100.67,3218.54,No
CUST-03954,Female,1,No,No,31,Yes,Yes,No,No internet service,No internet service,No internet service,No internet service,No internet service,No internet service,Two year,No,Electronic check,39.06,1207.88,No
CUST-03955,Female,0,No,No,16,Yes,No,Fiber optic,Yes,Yes,No,No,Yes,Yes,Two year,Yes,Bank transfer (automatic),35.25,568.0,No
CUST-03956,Male,0,No,No,55,Yes,No,DSL,Yes,No,Yes,No,No,Yes,Month-to-month,Yes,Mailed check,87.56,4814.45,No
CUST-03957,Male,0,No,Yes,2,Yes,Yes,Fiber optic,Yes,Yes,Yes,Yes,No,No,Month-to-month,Yes,Credit card (automatic),83.65,167.79,No
CUST-03958,Male,0,No,No,69,Yes,No,Fiber optic,No,Yes,No,No,No,Yes,One year,Yes,Credit card (automatic),109.21,7534.17,No
CUST-03959,Female,0,No,No,48,Yes,No,No,No internet service,No internet service,No internet service,No internet service,No internet service,No internet service,Month-to-month,Yes,Credit card (automatic),51.43,2474.45,No
CUST-03960,Male,0,No,No,54,No,No phone service,DSL,Yes,Yes,No,No,No,Yes,One year,No,Bank transfer (automatic),38.2,2069.69,No
CUST-03961,Female,0,Yes,Yes,30,Yes,No,Fiber optic,No,Yes,No,Yes,Yes,Yes,Month-to-month,No,Mailed check,60.88,1825.73,No
CUST-03962,Male,0,Yes,Yes,20,Yes,No,DSL,Yes,No,No,No,Yes,Yes,Month-to-month,Yes,Credit card (automatic),56.38,1122.87,No
CUST-03963,Male,0,Yes,No,15,Yes,Yes,DSL,Yes,Yes,No,Yes,No,No,One year,Yes,Electronic check,111.81,1676.6,No
CUST-03964,Female,1,Yes,Yes,16,Yes,Yes,DSL,No,No,No,No,No,Yes,Month-to-month,Yes,Credit card (automatic),109.76,1740.61,No
CUST-03965,Female,0,Yes,No,0,Yes,Yes,DSL,Yes,Yes,Yes,Yes,Yes,Yes,Two year,Yes,Bank transfer (automatic),60.81,1.57,No
CUST-03966,Male,1,Yes,No,71,Yes,Yes,DSL,No,No,Yes,Yes,Yes,Yes,One year,No,Credit card (automatic),59.25,4199.96,No
CUST-03967,Female,1,No,No,64,Yes,Yes,No,No internet service,No internet service,No internet service,No internet service,No internet service,No internet service,Month-to-month,No,Mailed check,62.5,3998.89,No
CUST-03968,Female,1,Yes,Yes,65,Yes,No,No,No internet service,No internet service,No internet service,No internet service,No internet service,No internet service,Month-to-month,No,Electronic check,91.09,5923.21,No
CUST-03969,Female,1,No,No,36,Yes,Yes,DSL,No,Yes,No,Yes,Yes,No,Two year,No,Electronic check,73.01,2625.51,No
CUST-03970,Female,0,Yes,No,23,Yes,Yes,Fiber optic,No,No,Yes,No,No,Yes,One year,No,Bank transfer (automatic),46.79,1073.98,No
CUST-03971,Female,0,No,No,61,No,No phone service,Fiber optic,Yes,No,No,Yes,No,Yes,One year,Yes,Bank transfer (automatic),94.87,5788.36,No
CUST-03972,Male,0,No,No,20,Yes,No,DSL,No,No,No,Yes,Yes,No,Two year,Yes,Mailed check,108.38,2164.81,No
CUST-03973,Male,0,Yes,No,36,Yes,No,DSL,No,No,No,Yes,No,No,Month-to-month,Yes,Credit card (automatic),89.78,3236.7,No
CUST-03974,Female,0,Yes,Yes,34,Yes,Yes,Fiber optic,Yes,Yes,Yes,Yes,Yes,Yes,Month-to-month,Yes,Bank transfer (automatic),37.47,1277.84,No
CUST-03975,Male,0,Yes,No,37,No,No phone service,Fiber optic,No,Yes,Yes,No,Yes,No,Month-to-month,No,Electronic check,97.18,3598.5,No
CUST-03976,Male,1,Yes,No,52,No,No phone service,Fiber optic,No,Yes,Yes,Yes,No,Yes,Month-to-month,No,Bank transfer (automatic),116.9,6075.65,No
CUST-03977,Female,1,Yes,No,14,Yes,No,Fiber optic,No,Yes,No,No,Yes,Yes,Two year,No,Credit card (automatic),86.52,1214.15,No
CUST-03978,Male,0,No,No,41,Yes,Yes,DSL,No,No,Yes,Yes,No,Yes,Two year,Yes,Credit card (automatic),42.39,1734.28,No
CUST-03979,Female,0,Yes,No,3,Yes,No,Fiber optic,Yes,Yes,No,Yes,Yes,Yes,Month-to-month,No,Credit card (automatic),18.55,55.21,No
CUST-03980,Female,1,No,Yes,38,Yes,No,DSL,No,No,No,Yes,No,Yes,Month-to-month,No,Credit card (automatic),56.54,2135.34,No
CUST-03981,Male,0,No,No,22,Yes,No,DSL,No,Yes,No,No,Yes,Yes,Two year,No,Bank transfer (automatic),65.03,1436.45,No
CUST-03982,Female,0,No,No,14,Yes,No,Fiber optic,No,Yes,Yes,No,Yes,No,Two year,Yes,Credit card (automatic),108.97,1534.21,No
CUST-03983,Female,0,Yes,No,11,Yes,No,Fiber optic,Yes,Yes,Yes,Yes,No,No,Month-to-month,Yes,Credit card (automatic),79.97,880.79,No
CUST-03984,Female,0,Yes,No,69,Yes,No,Fiber optic,Yes,No,Yes,Yes,Yes,No,Two year,Yes,Mailed check,46.16,3177.13,No
CUST-03985,Female,0,Yes,No,53,Yes,Yes,DSL,No,Yes,Yes,Yes,No,Yes,Month-to-month,Yes,Mailed check,87.17,4618.92,No
CUST-03986,Female,1,Yes,No,37,Yes,No,Fiber optic,No,Yes,Yes,Yes,Yes,No,Month-to-month,No,Electronic check,27.22,1007.5,Yes
CUST-03987,Male,0,Yes,No,27,Yes,Yes,No,No internet service,No internet service,No internet service,No internet service,No internet service,No internet service,Two year,No,Credit card (automatic),39.34,1062.26,No
CUST-03988,Male,0,Yes,Yes,18,No,No phone service,No,No internet service,No internet service,No internet service,No internet service,No internet service,No internet service,Month-to-month,Yes,Electronic check,92.45,1676.81,No
CUST-03989,Female,0,No,No,68,Yes,No,DSL,Yes,No,No,Yes,No,No,Month-to-month,Yes,Bank transfer (automatic),47.72,,No
CUST-03990,Female,0,Yes,No,63,No,No phone service,DSL,No,No,Yes,No,Yes,No,Two year,Yes,Mailed check,21.11,1327.04,No
CUST-03991,Male,1,No,No,3,Yes,No,No,No internet service,No internet service,No internet service,No internet service,No internet service,No internet service,Month-to-month,Yes,Mailed check,67.68,203.85,No
CUST-03992,Female,0,No,Yes,9,Yes,No,Fiber optic,No,No,No,Yes,Yes,Yes,One year,Yes,Credit card (automatic),83.81,753.58,No
CUST-03993,Male,0,Yes,No,11,Yes,No,DSL,No,No,No,No,No,No,Two year,Yes,Electronic check,96.9,1062.15,No
CUST-03994,Female,0,Yes,No,68,Yes,No,Fiber optic,Yes,No,Yes,Yes,No,Yes,Two year,Yes,Mailed check,48.6,3295.99,No
CUST-03995,Female,0,Yes,No,6,Yes,Yes,DSL,No,Yes,Yes,Yes,Yes,Yes,Month-to-month,Yes,Bank transfer (automatic),60.46,366.42,Yes
CUST-03996,Female,0,Yes,No,43,Yes,No,Fiber optic,Yes,Yes,Yes,No,No,No,Month-to-month,No,Mailed check,73.66,3163.06,No
CUST-03997,Female,0,Yes,No,22,No,No phone service,DSL,No,No,No,No,Yes,Yes,Month-to-month,No,Electronic check,25.47,555.31,No
CUST-03998,Female,0,Yes,No,1,Yes,No,No,No internet service,No internet service,No internet service,No internet service,No internet service,No internet service,Month-to-month,Yes,Mailed check,37.76,33.7,Yes
CUST-03999,Female,0,No,No,36,Yes,No,Fiber optic,Yes,Yes,No,Yes,No,No,Two year,No,Mailed check,54.93,1970.17,No
CUST-04000,Female,0,No,No,68,Yes,Yes,Fiber optic,Yes,Yes,Yes,Yes,No,No,Month-to-month,No,Electronic check,44.72,3044.24,Yes
CUST-04001,Male,1,No,Yes,19,Yes,Yes,Fiber optic,Yes,No,No,No,No,No,Month-to-month,No,Bank transfer (automatic),64.58,1229.63,No
CUST-04002,Male,1,No,No,43,Yes,No,Fiber optic,No,No,Yes,No,Yes,Yes,One year,No,Credit card (automatic),83.07,3572.96,No
CUST-04003,Male,0,No,Yes,69,Yes,Yes,No,No internet service,No internet service,No internet service,No internet service,No internet service,No internet service,Month-to-month,No,Bank transfer (automatic),71.97,4969.48,No
CUST-04004,Female,0,No,No,50,Yes,No,DSL,No,Yes,No,No,No,No,Two year,No,Electronic check,95.42,4773.16,No
CUST-04005,Female,0,Yes,No,30,Yes,Yes,Fiber optic,No,Yes,No,No,No,No,One year,Yes,Credit card (automatic),80.64,2422.14,No
CUST-04006,Female,1,Yes,Yes,40,Yes,Yes,DSL,No,No,Yes,Yes,No,No,Month-to-month,Yes,Mailed check,47.19,1896.72,No
CUST-04007,Female,0,Yes,No,57,Yes,Yes,Fiber optic,No,No,Yes,Yes,Yes,Yes,Month-to-month,No,Mailed check,30.0,1714.91,No
CUST-04008,Female,0,No,No,4,Yes,Yes,Fiber optic,Yes,No,No,Yes,No,No,Two year,Yes,Electronic check,81.97,328.76,No
CUST-04009,Female,0,No,No,32,Yes,Yes,DSL,No,Yes,Yes,Yes,Yes,No,Two year,Yes,Bank transfer (automatic),39.2,1249.73,No
CUST-04010,Female,0,No,Yes,42,No,No phone service,Fiber optic,Yes,Yes,Yes,Yes,Yes,Yes,Two year,Yes,Bank transfer (automatic),49.87,2086.56,No
CUST-04011,Male,0,Yes,No,18,Yes,Yes,Fiber optic,No,No,Yes,No,No,Yes,Month-to-month,No,Bank transfer (automatic),97.52,1746.56,No
CUST-04012,Female,0,Yes,Yes,31,Yes,Yes,DSL,Yes,Yes,Yes,Yes,No,No,Two year,Yes,Credit card (automatic),39.99,1244.42,No
CUST-04013,Male,0,Yes,Yes,2,No,No phone service,DSL,Yes,Yes,No,No,No,Yes,Month-to-month,No,Bank transfer (automatic),71.78,140.77,No
CUST-04014,Male,0,No,Yes,0,Yes,No,DSL,No,Yes,No,Yes,No,No,One year,Yes,Bank transfer (automatic),27.48,0.4,No
CUST-04015,Female,0,No,No,40,Yes,No,Fiber optic,Yes,Yes,No,Yes,No,No,Month-to-month,Yes,Bank transfer (automatic),59.65,2381.23,No
CUST-04016,Female,0,No,Yes,47,Yes,Yes,Fiber optic,No,No,No,Yes,Yes,Yes,One year,No,Credit card (automatic),116.03,5464.44,No
CUST-04017,Male,0,Yes,Yes,38,Yes,No,No,No internet service,No internet service,No internet service,No internet service,No internet service,No internet service,Month-to-month,No,Bank transfer (automatic),113.44,4301.74,Yes
CUST-04018,Male,0,No,No,4,Yes,No,DSL,Yes,No,No,Yes,No,No,Month-to-month,No,Credit card (automatic),112.66,451.33,No
CUST-04019,Female,1,Yes,No,10,Yes,No,Fiber optic,Yes,No,No,No,No,Yes,Month-to-month,Yes,Credit card (automatic),77.52,773.41,Yes
CUST-04020,Female,0,Yes,Yes,21,Yes,Yes,Fiber optic,Yes,No,Yes,Yes,Yes,Yes,Two year,Yes,Electronic check,47.47,996.96,No
CUST-04021,Male,0,Yes,No,63,Yes,Yes,Fiber optic,Yes,Yes,No,No,No,No,Month-to-month,No,Mailed check,53.5,3368.9,No
CUST-04022,Female,0,Yes,No,11,Yes,No,Fiber optic,Yes,Yes,No,Yes,Yes,Yes,Two year,Yes,Bank transfer (automatic),38.6,420.14,No
CUST-04023,Female,1,Yes,Yes,52,Yes,No,DSL,Yes,No,No,No,Yes,Yes,One year,Yes,Mailed check,27.76,1437.93,No
CUST-04024,Female,0,Yes,No,54,Yes,Yes,DSL,No,No,Yes,Yes,Yes,No,Month-to-month,No,Credit card (automatic),34.89,1894.3,No
CUST-04025,Male,0,Yes,Yes,52,Yes,Yes,No,No internet service,No internet service,No internet service,No internet service,No internet service,No internet service,Month-to-month,Yes,Credit card (automatic),64.73,3364.47,No
CUST-04026,Male,1,No,Yes,20,Yes,No,DSL,No,No,No,Yes,Yes,Yes,Two year,No,Electronic check,20.7,415.71,No
CUST-04027,Male,0,Yes,No,18,Yes,Yes,Fiber optic,No,Yes,No,Yes,Yes,Yes,Month-to-month,Yes,Credit card (automatic),111.92,2006.59,No
CUST-04028,Female,0,No,Yes,68,Yes,No,DSL,Yes,Yes,Yes,Yes,No,No,Month-to-month,No,Electronic check,74.16,5032.3,No
CUST-04029,Female,0,Yes,Yes,71,Yes,Yes,Fiber optic,Yes,Yes,Yes,No,No,No,Month-to-month,Yes,Mailed check,35.35,2506.47,Yes
CUST-04030,Male,0,Yes,No,65,Yes,Yes,Fiber optic,No,Yes,No,Yes,Yes,Yes,Month-to-month,Yes,Credit card (automatic),59.63,3880.32,No
CUST-04031,Male,1,Yes,No,58,Yes,Yes,DSL,No,No,No,Yes,No,No,Month-to-month,Yes,Electronic check,55.63,3226.68,No
CUST-04032,Male,0,No,No,48,Yes,Yes,DSL,Yes,Yes,No,Yes,No,Yes,Month-to-month,No,Credit card (automatic),101.53,4870.74,No
CUST-04033,Female,0,Yes,No,58,Yes,No,DSL,No,No,No,Yes,No,No,One year,Yes,Electronic check,30.05,1745.05,Yes
CUST-04034,Male,0,Yes,No,22,Yes,Yes,No,No internet service,No internet service,No internet service,No internet service,No internet service,No internet service,Two year,No,Electronic check,60.99,1339.03,No
CUST-04035,Male,0,No,No,2,Yes,Yes,No,No internet service,No internet service,No internet service,No internet service,No internet service,No internet service,Two year,Yes,Mailed check,89.13,185.14,No
CUST-04036,Female,0,No,No,55,Yes,Yes,No,No internet service,No internet service,No internet service,No internet service,No internet service,No internet service,Two year,Yes,Bank transfer (automatic),55.32,3049.69,No
CUST-04037,Female,0,No,No,57,Yes,Yes,DSL,No,No,Yes,Yes,Yes,No,Month-to-month,Yes,Mailed check,53.76,3061.43,No
CUST-04038,Female,0,No,No,61,Yes,Yes,DSL,No,No,No,No,No,Yes,Month-to-month,No,Credit card (automatic),52.04,3170.56,No
CUST-04039,Male,0,Yes,Yes,17,Yes,No,DSL,No,Yes,Yes,Yes,Yes,Yes,Month-to-month,Yes,Bank transfer (automatic),94.2,1601.03,No
CUST-04040,Female,0,Yes,No,60,Yes,No,DSL,Yes,No,Yes,No,No,Yes,One year,No,Credit card (automatic),29.93,1797.93,No
CUST-04041,Female,0,No,No,36,Yes,Yes,Fiber optic,No,No,Yes,No,No,Yes,Two year,No,Mailed check,103.67,3730.75,No
CUST-04042,Male,0,Yes,No,53,No,No phone service,No,No internet service,No internet service,No internet service,No internet service,No internet service,No internet service,One year,Yes,Credit card (automatic),25.09,1335.0,No
CUST-04043,Female,0,No,No,64,Yes,Yes,DSL,Yes,No,Yes,Yes,Yes,No,Month-to-month,Yes,Bank transfer (automatic),49.9,3194.93,No
CUST-04044,Male,0,No,No,13,Yes,No,DSL,Yes,No,Yes,No,Yes,Yes,Two year,Yes,Electronic check,56.9,745.14,No
CUST-04045,Male,0,No,No,4,Yes,Yes,Fiber optic,No,Yes,No,Yes,No,Yes,Month-to-month,No,Electronic check,57.36,223.83,No
CUST-04046,Female,0,Yes,No,61,Yes,Yes,No,No internet service,No internet service,No internet service,No internet service,No internet service,No internet service,Month-to-month,No,Credit card (automatic),36.77,2240.01,No
CUST-04047,Female,0,No,No,0,Yes,No,Fiber optic,Yes,No,No,No,No,Yes,Month-to-month,Yes,Mailed check,78.32,2.67,No
CUST-04048,Female,0,Yes,No,62,Yes,Yes,No,No internet service,No internet service,No internet service,No internet service,No internet service,No internet service,Month-to-month,Yes,Bank transfer (automatic),63.36,3928.58,No
CUST-04049,Female,1,Yes,No,66,Yes,Yes,Fiber optic,No,No,No,No,No,Yes,Month-to-month,Yes,Credit card (automatic),74.76,4933.22,No
CUST-04050,Female,0,Yes,No,19,Yes,Yes,Fiber optic,Yes,Yes,No,Yes,Yes,Yes,One year,No,Electronic check,79.49,1507.71,No
CUST-04051,Female,0,No,No,42,Yes,Yes,DSL,No,No,No,Yes,No,No,One year,Yes,Credit card (automatic),37.13,1559.89,No
CUST-04052,Male,0,Yes,Yes,41,No,No phone service,No,No internet service,No internet service,No internet service,No internet service,No internet service,No internet service,Month-to-month,Yes,Electronic check,110.03,4518.37,No
CUST-04053,Male,0,No,No,68,Yes,No,Fiber optic,No,Yes,No,No,No,No,Month-to-month,Yes,Credit card (automatic),101.01,6858.63,No
CUST-04054,Female,0,Yes,No,38,Yes,No,Fiber optic,Yes,Yes,No,No,No,Yes,Two year,No,Mailed check,100.84,3831.16,No
CUST-04055,Male,1,Yes,No,61,Yes,No,Fiber optic,Yes,Yes,Yes,Yes,No,Yes,Two year,No,Mailed check,71.17,4340.83,No
CUST-04056,Female,0,Yes,No,47,Yes,No,DSL,No,No,No,No,No,Yes,Month-to-month,Yes,Electronic check,100.01,4695.03,No
CUST-04057,Male,0,No,No,5,Yes,Yes,DSL,No,Yes,Yes,No,No,Yes,Month-to-month,Yes,Mailed check,80.75,402.97,Yes
CUST-04058,Male,0,No,Yes,41,Yes,Yes,DSL,No,No,Yes,Yes,No,Yes,Month-to-month,Yes,Credit card (automatic),63.06,2577.26,Yes
CUST-04059,Male,0,No,No,57,Yes,No,No,No internet service,No internet service,No internet service,No internet service,No internet service,No internet service,Two year,No,Electronic check,93.25,5312.33,No
CUST-04060,Female,0,No,No,42,Yes,Yes,No,No internet service,No internet service,No internet service,No internet service,No internet service,No internet service,Month-to-month,Yes,Electronic check,77.99,3274.24,No
CUST-04061,Male,0,Yes,No,9,Yes,No,No,No internet service,No internet service,No internet service,No internet service,No internet service,No internet service,Two year,No,Electronic check,18.2,163.77,No
CUST-04062,Female,0,Yes,No,38,Yes,Yes,Fiber optic,No,Yes,No,Yes,No,No,Month-to-month,Yes,Mailed check,117.7,4481.98,No
CUST-04063,Male,0,No,No,12,Yes,Yes,Fiber optic,No,Yes,Yes,Yes,No,Yes,Month-to-month,Yes,Mailed check,60.99,727.8,No
CUST-04064,Male,0,No,No,38,Yes,No,DSL,Yes,Yes,No,Yes,No,No,Month-to-month,Yes,Bank transfer (automatic),75.17,2849.84,No
CUST-04065,Male,0,No,No,10,Yes,No,DSL,No,Yes,Yes,No,No,No,Month-to-month,Yes,Credit card (automatic),58.59,590.86,Yes
CUST-04066,Male,0,No,No,15,Yes,No,No,No internet service,No internet service,No internet service,No internet service,No internet service,No internet service,One year,Yes,Bank transfer (automatic),28.03,398.14,No
CUST-04067,Male,0,Yes,Yes,32,Yes,No,DSL,No,Yes,No,No,No,No,Month-to-month,Yes,Electronic check,101.4,3241.7,No
CUST-04068,Female,0,No,No,59,Yes,No,Fiber optic,Yes,No,No,Yes,No,No,One year,No,Credit card (automatic),86.26,5087.71,No
CUST-04069,Female,1,No,No,58,Yes,No,Fiber optic,No,No,Yes,Yes,Yes,No,Month-to-month,No,Mailed check,100.85,5844.59,No
CUST-04070,Male,0,Yes,No,50,Yes,No,Fiber optic,Yes,Yes,No,No,No,No,Month-to-month,Yes,Bank transfer (automatic),66.39,3319.03,No
CUST-04071,Male,1,No,Yes,14,Yes,Yes,No,No internet service,No internet service,No internet service,No internet service,No internet service,No internet service,Month-to-month,Yes,Bank transfer (automatic),97.17,1357.14,Yes
CUST-04072,Male,1,Yes,No,42,Yes,No,DSL,Yes,Yes,No,No,Yes,Yes,Month-to-month,Yes,Electronic check,97.77,4097.63,No
CUST-04073,Male,1,No,No,26,No,No phone service,No,No internet service,No internet service,No internet service,No internet service,No internet service,No internet service,Month-to-month,Yes,Credit card (automatic),51.63,1345.47,No
CUST-04074,Female,0,Yes,No,55,Yes,No,Fiber optic,Yes,Yes,No,Yes,Yes,No,Month-to-month,Yes,Credit card (automatic),18.41,1015.83,No
CUST-04075,Male,0,No,No,59,Yes,Yes,No,No internet service,No internet service,No internet service,No internet service,No internet service,No internet service,Two year,Yes,Electronic check,103.98,6129.88,No
CUST-04076,Female,0,No,No,69,Yes,Yes,No,No internet service,No internet service,No internet service,No internet service,No internet service,No internet service,Month-to-month,No,Mailed check,36.46,2513.03,No
CUST-04077,Male,0,No,No,46,No,No phone service,DSL,Yes,Yes,Yes,Yes,Yes,No,Two year,Yes,Credit card (automatic),104.87,4833.3,No
CUST-04078,Female,0,No,No,7,Yes,No,DSL,No,No,No,Yes,No,Yes,Two year,Yes,Bank transfer (automatic),79.83,561.05,No
CUST-04079,Male,0,No,No,62,Yes,Yes,No,No internet service,No internet service,No internet service,No internet service,No internet service,No internet service,Month-to-month,No,Electronic check,81.47,5051.14,No
CUST-04080,Male,0,Yes,No,6,Yes,No,DSL,Yes,Yes,Yes,Yes,Yes,Yes,One year,No,Bank transfer (automatic),42.72,264.41,No
CUST-04081,Female,0,No,No,1,No,No phone service,Fiber optic,No,Yes,No,No,Yes,Yes,One year,No,Mailed check,58.26,50.15,No
CUST-04082,Male,1,Yes,Yes,16,Yes,Yes,Fiber optic,No,No,No,No,Yes,No,One year,No,Mailed check,49.21,777.2,Yes
CUST-04083,Male,1,Yes,Yes,3,No,No phone service,Fiber optic,No,No,No,Yes,Yes,Yes,Month-to-month,No,Credit card (automatic),37.03,111.92,Yes
CUST-04084,Male,1,Yes,No,25,Yes,Yes,Fiber optic,No,Yes,Yes,No,No,Yes,One year,Yes,Bank transfer (automatic),90.45,2265.45,No
CUST-04085,Female,0,Yes,No,71,No,No phone service,Fiber optic,No,No,Yes,No,Yes,Yes,Month-to-month,No,Mailed check,27.58,1949.63,No
CUST-04086,Male,1,No,Yes,68,Yes,Yes,Fiber optic,No,Yes,No,No,No,No,Two year,Yes,Electronic check,69.2,4699.1,No
CUST-04087,Male,0,No,Yes,4,Yes,Yes,Fiber optic,No,No,No,Yes,Yes,Yes,One year,Yes,Mailed check,71.6,290.37,No
CUST-04088,Female,0,No,No,4,Yes,No,No,No internet service,No internet service,No internet service,No internet service,No internet service,No internet service,Month-to-month,Yes,Mailed check,113.54,448.4,No
CUST-04089,Female,0,No,No,68,Yes,Yes,Fiber optic,No,No,No,Yes,Yes,No,Month-to-month,Yes,Credit card (automatic),104.94,7134.64,Yes
CUST-04090,Female,1,Yes,Yes,2,Yes,Yes,DSL,Yes,Yes,Yes,No,No,No,Month-to-month,Yes,Electronic check,67.17,135.39,No
CUST-04091,Male,1,Yes,No,37,Yes,No,Fiber optic,No,No,Yes,Yes,No,No,Month-to-month,No,Mailed check,102.42,3794.31,Yes
CUST-04092,Male,0,Yes,No,0,Yes,No,No,No internet service,No internet service,No internet service,No internet service,No internet service,No internet service,Two year,No,Bank transfer (automatic),97.06,0.0,No
CUST-04093,Male,0,No,No,7,No,No phone service,DSL,No,No,Yes,No,Yes,Yes,Month-to-month,No,Electronic check,20.79,147.99,No
CUST-04094,Female,0,No,No,12,Yes,Yes,Fiber optic,No,No,Yes,No,No,Yes,Two year,No,Electronic check,110.21,1316.32,No
CUST-04095,Male,0,No,Yes,69,Yes,Yes,Fiber optic,Yes,No,No,No,Yes,Yes,Month-to-month,Yes,Bank transfer (automatic),86.79,5991.45,No
CUST-04096,Male,1,No,Yes,49,Yes,Yes,No,No internet service,No internet service,No internet service,No internet service,No internet service,No internet service,One year,Yes,Bank transfer (automatic),85.2,4170.26,Yes
CUST-04097,Female,1,Yes,Yes,7,Yes,No,No,No internet service,No internet service,No internet service,No internet service,No internet service,No internet service,Month-to-month,No,Credit card (automatic),89.35,618.55,Yes
CUST-04098,Female,0,No,Yes,29,Yes,Yes,No,No internet service,No internet service,No internet service,No internet service,No internet service,No internet service,Two year,No,Electronic check,40.48,1184.25,No
CUST-04099,Female,0,No,Yes,39,Yes,No,DSL,Yes,Yes,Yes,No,Yes,Yes,Two year,No,Bank transfer (automatic),20.92,825.03,No
CUST-04100,Female,0,Yes,Yes,32,Yes,No,DSL,Yes,No,No,Yes,No,No,One year,Yes,Electronic check,41.18,1318.5,No
CUST-04101,Female,0,Yes,No,51,Yes,No,DSL,No,No,Yes,No,Yes,No,Month-to-month,No,Electronic check,97.46,4978.2,No
CUST-04102,Male,0,No,Yes,32,No,No phone service,DSL,Yes,No,No,No,Yes,No,Month-to-month,Yes,Electronic check,77.73,,No
CUST-04103,Female,0,No,No,36,Yes,Yes,DSL,Yes,No,No,Yes,No,Yes,Month-to-month,No,Electronic check,54.13,1948.0,No
CUST-04104,Male,0,Yes,No,69,Yes,No,Fiber optic,Yes,No,No,Yes,No,No,Month-to-month,Yes,Electronic check,42.15,2907.47,No
CUST-04105,Male,0,No,No,68,Yes,Yes,DSL,No,Yes,No,Yes,No,Yes,Month-to-month,Yes,Credit card (automatic),97.98,6658.07,No
CUST-04106,Female,0,Yes,Yes,3,Yes,No,Fiber optic,No,Yes,Yes,Yes,No,No,Month-to-month,No,Electronic check,63.79,179.65,Yes
CUST-04107,Female,0,Yes,Yes,59,Yes,No,No,No internet service,No internet service,No internet service,No internet service,No internet service,No internet service,Month-to-month,No,Electronic check,79.17,4669.48,No
CUST-04108,Female,0,No,No,30,Yes,Yes,Fiber optic,Yes,No,No,No,Yes,No,One year,Yes,Credit card (automatic),19.26,584.31,No
CUST-04109,Male,0,Yes,No,13,Yes,Yes,No,No internet service,No internet service,No internet service,No internet service,No internet service,No internet service,Month-to-month,Yes,Bank transfer (automatic),60.99,794.25,No
CUST-04110,Female,0,No,No,59,Yes,No,DSL,No,Yes,Yes,Yes,Yes,No,Month-to-month,Yes,Bank transfer (automatic),19.54,1156.93,No
CUST-04111,Female,1,No,No,67,Yes,No,DSL,Yes,No,Yes,Yes,No,No,Two year,No,Credit card (automatic),96.74,6483.55,No
CUST-04112,Female,0,No,No,25,Yes,No,DSL,Yes,Yes,No,Yes,No,Yes,Two year,No,Bank transfer (automatic),42.93,1069.02,No
CUST-04113,Female,1,No,No,23,Yes,Yes,No,No internet service,No internet service,No internet service,No internet service,No internet service,No internet service,One year,No,Electronic check,34.71,799.57,Yes
CUST-04114,Female,1,Yes,No,55,No,No phone service,Fiber optic,Yes,Yes,No,No,No,No,Two year,No,Bank transfer (automatic),110.64,6083.54,No
CUST-04115,Male,0,No,No,8,Yes,Yes,No,No internet service,No internet service,No internet service,No internet service,No internet service,No internet service,Month-to-month,No,Mailed check,19.8,153.09,Yes
CUST-04116,Male,0,No,No,34,Yes,No,DSL,Yes,Yes,Yes,Yes,Yes,Yes,Month-to-month,No,Bank transfer (automatic),37.78,1289.12,No
CUST-04117,Male,0,Yes,No,23,Yes,Yes,No,No internet service,No internet service,No internet service,No internet service,No internet service,No internet service,Month-to-month,No,Credit card (automatic),42.05,960.62,No
CUST-04118,Female,1,No,Yes,30,Yes,No,DSL,No,Yes,Yes,No,Yes,Yes,Month-to-month,Yes,Bank transfer (automatic),100.28,3005.1,Yes
CUST-04119,Female,1,No,No,65,Yes,No,Fiber optic,No,Yes,No,Yes,No,No,Two year,Yes,Bank transfer (automatic),89.01,5796.73,No
CUST-04120,Female,0,No,No,65,Yes,Yes,No,No internet service,No internet service,No internet service,No internet service,No internet service,No internet service,Month-to-month,No,Credit card (automatic),114.74,7461.61,No
CUST-04121,Male,0,No,No,40,Yes,No,No,No internet service,No internet service,No internet service,No internet service,No internet service,No internet service,Month-to-month,Yes,Credit card (automatic),87.49,3500.83,No
CUST-04122,Female,0,Yes,No,35,Yes,No,No,No internet service,No internet service,No internet service,No internet service,No internet service,No internet service,Month-to-month,Yes,Electronic check,41.63,1446.18,No
CUST-04123,Female,0,Yes,No,33,Yes,No,DSL,Yes,No,Yes,Yes,No,No,Month-to-month,No,Credit card (automatic),34.68,1143.85,No
CUST-04124,Female,0,No,Yes,38,Yes,Yes,Fiber optic,Yes,Yes,Yes,Yes,Yes,No,One year,No,Mailed check,93.54,3548.7,Yes
CUST-04125,Male,0,Yes,Yes,22,Yes,No,No,No internet service,No internet service,No internet service,No internet service,No internet service,No internet service,Month-to-month,Yes,Mailed check,108.09,2377.59,No
CUST-04126,Female,0,Yes,Yes,43,Yes,No,Fiber optic,Yes,No,No,Yes,No,No,Month-to-month,Yes,Credit card (automatic),109.17,4693.36,Yes
CUST-04127,Male,0,Yes,No,69,Yes,Yes,Fiber optic,No,Yes,No,No,No,Yes,Two year,Yes,Mailed check,95.11,6558.31,No
CUST-04128,Female,0,Yes,No,57,Yes,No,DSL,Yes,Yes,No,No,Yes,No,One year,Yes,Electronic check,97.44,5559.94,No
CUST-04129,Male,0,No,No,58,Yes,Yes,DSL,No,No,Yes,Yes,Yes,Yes,Month-to-month,No,Credit card (automatic),84.24,4890.69,No
CUST-04130,Male,1,Yes,No,25,No,No phone service,Fiber optic,Yes,No,No,Yes,Yes,Yes,One year,No,Bank transfer (automatic),91.58,2283.87,No
CUST-04131,Male,0,No,Yes,21,Yes,No,Fiber optic,Yes,No,Yes,No,No,Yes,Month-to-month,No,Electronic check,29.6,629.47,No
CUST-04132,Female,0,No,Yes,39,Yes,No,DSL,No,Yes,No,Yes,No,No,Two year,Yes,Mailed check,50.92,1980.13,No
CUST-04133,Female,0,Yes,No,10,No,No phone service,DSL,No,Yes,No,Yes,Yes,No,Two year,Yes,Electronic check,63.81,646.42,No
CUST-04134,Male,0,No,No,8,Yes,No,Fiber optic,No,No,Yes,No,Yes,No,Month-to-month,Yes,Mailed check,84.43,674.39,Yes
CUST-04135,Male,0,Yes,No,11,Yes,No,Fiber optic,No,Yes,No,Yes,Yes,Yes,Month-to-month,No,Mailed check,59.77,655.47,No
CUST-04136,Female,0,No,No,25,Yes,No,DSL,No,Yes,No,No,Yes,No,Month-to-month,Yes,Mailed check,55.5,1394.95,No
CUST-04137,Female,0,No,No,37,Yes,No,No,No internet service,No internet service,No internet service,No internet service,No internet service,No internet service,Month-to-month,Yes,Electronic check,74.36,2750.5,No
CUST-04138,Male,1,Yes,Yes,2,Yes,Yes,DSL,Yes,No,Yes,Yes,Yes,Yes,One year,No,Bank transfer (automatic),57.44,120.37,No
CUST-04139,Female,0,No,No,14,Yes,Yes,Fiber optic,No,Yes,Yes,No,No,Yes,Month-to-month,No,Bank transfer (automatic),25.25,346.99,Yes
CUST-04140,Female,1,Yes,No,46,Yes,No,DSL,Yes,Yes,No,Yes,No,No,Month-to-month,No,Bank transfer (automatic),114.94,5287.38,No
CUST-04141,Female,0,No,No,4,Yes,Yes,Fiber optic,Yes,No,Yes,No,Yes,Yes,Month-to-month,No,Bank transfer (automatic),110.62,444.85,No
CUST-04142,Female,0,No,No,53,No,No phone service,Fiber optic,Yes,No,Yes,No,Yes,No,Month-to-month,No,Bank transfer (automatic),21.9,1166.68,No
CUST-04143,Male,0,Yes,Yes,23,No,No phone service,Fiber optic,Yes,No,No,Yes,No,Yes,Month-to-month,Yes,Mailed check,70.92,1634.72,No
CUST-04144,Female,0,Yes,Yes,10,No,No phone service,Fiber optic,No,Yes,Yes,Yes,Yes,Yes,One year,No,Bank transfer (automatic),89.28,893.02,No
CUST-04145,Female,0,Yes,No,32,Yes,Yes,No,No internet service,No internet service,No internet service,No internet service,No internet service,No internet service,Month-to-month,No,Credit card (automatic),78.99,2530.05,No
CUST-04146,Male,0,No,No,56,Yes,Yes,DSL,No,Yes,Yes,No,Yes,Yes,Month-to-month,Yes,Mailed check,53.34,2983.4,No
CUST-04147,Male,0,Yes,No,51,Yes,Yes,Fiber optic,No,No,No,Yes,No,Yes,Month-to-month,No,Bank transfer (automatic),98.33,5017.85,No
CUST-04148,Female,0,Yes,Yes,63,Yes,Yes,Fiber optic,No,No,Yes,No,Yes,Yes,Two year,No,Electronic check,79.47,5009.0,No
CUST-04149,Female,0,Yes,No,42,Yes,Yes,No,No internet service,No internet service,No internet service,No internet service,No internet service,No internet service,Month-to-month,Yes,Electronic check,41.89,1755.49,No
CUST-04150,Female,0,Yes,Yes,43,Yes,No,Fiber optic,No,Yes,Yes,Yes,Yes,No,Month-to-month,No,Credit card (automatic),79.12,3402.78,Yes
CUST-04151,Female,1,No,Yes,35,Yes,No,DSL,No,Yes,Yes,Yes,No,No,Month-to-month,No,Mailed check,45.47,1595.31,No
CUST-04152,Male,1,No,Yes,11,No,No phone service,Fiber optic,Yes,No,No,No,No,Yes,Month-to-month,Yes,Mailed check,77.58,865.6,No
CUST-04153,Male,0,No,No,55,Yes,No,No,No internet service,No internet service,No internet service,No internet service,No internet service,No internet service,One year,Yes,Mailed check,94.43,5199.58,No
CUST-04154,Male,1,No,No,2,Yes,Yes,DSL,No,Yes,No,No,Yes,No,Two year,Yes,Mailed check,48.25,97.63,No
CUST-04155,Female,0,No,No,49,Yes,No,Fiber optic,No,No,No,No,Yes,No,One year,No,Bank transfer (automatic),46.25,2267.67,No
CUST-04156,Female,0,No,Yes,28,Yes,No,Fiber optic,No,No,No,No,Yes,Yes,Two year,No,Mailed check,90.67,2538.03,Yes
CUST-04157,Female,0,Yes,Yes,15,Yes,No,DSL,No,Yes,Yes,Yes,Yes,No,Month-to-month,No,Mailed check,68.84,1033.16,No
CUST-04158,Female,1,No,Yes,39,Yes,No,Fiber optic,No,Yes,Yes,Yes,No,No,Month-to-month,No,Electronic check,31.88,1247.2,No
CUST-04159,Male,0,Yes,No,26,Yes,No,DSL,No,Yes,Yes,Yes,No,No,Two year,No,Bank transfer (automatic),72.57,1890.58,No
CUST-04160,Male,0,Yes,Yes,69,Yes,No,No,No internet service,No internet service,No internet service,No internet service,No internet service,No internet service,Month-to-month,No,Bank transfer (automatic),84.32,5817.65,No
CUST-04161,Female,0,Yes,No,41,Yes,No,Fiber optic,Yes,Yes,No,No,Yes,Yes,Month-to-month,No,Bank transfer (automatic),67.13,2746.83,No
CUST-04162,Male,0,Yes,Yes,56,Yes,Yes,No,No internet service,No internet service,No internet service,No internet service,No internet service,No internet service,Two year,Yes,Credit card (automatic),80.42,4502.45,No
CUST-04163,Female,0,No,Yes,9,Yes,Yes,Fiber optic,Yes,Yes,No,Yes,No,No,Month-to-month,Yes,Bank transfer (automatic),54.49,486.23,No
CUST-04164,Female,0,No,Yes,37,Yes,Yes,DSL,Yes,Yes,Yes,No,Yes,Yes,One year,Yes,Electronic check,105.78,3907.78,No
CUST-04165,Male,0,No,Yes,7,Yes,Yes,Fiber optic,No,No,No,No,Yes,Yes,One year,Yes,Electronic check,42.0,297.04,No
CUST-04166,Female,0,Yes,No,17,Yes,Yes,Fiber optic,Yes,Yes,No,No,Yes,No,One year,No,Credit card (automatic),46.13,785.94,No
CUST-04167,Female,0,No,No,16,Yes,No,No,No internet service,No internet service,No internet service,No internet service,No internet service,No internet service,One year,Yes,Electronic check,95.37,1521.33,No
CUST-04168,Male,0,No,No,57,Yes,No,No,No internet service,No internet service,No internet service,No internet service,No internet service,No internet service,One year,Yes,Electronic check,23.79,1354.41,No
CUST-04169,Female,0,No,Yes,65,Yes,No,Fiber optic,Yes,No,No,No,Yes,Yes,Month-to-month,No,Bank transfer (automatic),116.74,7589.63,Yes
CUST-04170,Female,0,No,Yes,43,Yes,Yes,Fiber optic,No,Yes,Yes,Yes,No,Yes,Month-to-month,Yes,Bank transfer (automatic),80.9,3479.99,No
CUST-04171,Male,1,No,No,8,Yes,No,No,No internet service,No internet service,No internet service,No internet service,No internet service,No internet service,Month-to-month,Yes,Electronic check,98.74,792.12,No
CUST-04172,Female,0,No,No,47,Yes,No,No,No internet service,No internet service,No internet service,No internet service,No internet service,No internet service,One year,No,Bank transfer (automatic),76.39,3586.52,No
CUST-04173,Male,0,Yes,No,38,Yes,Yes,Fiber optic,Yes,Yes,No,No,No,Yes,Month-to-month,No,Electronic check,96.63,3673.73,No
CUST-04174,Female,0,Yes,No,5,Yes,Yes,Fiber optic,No,No,No,Yes,No,Yes,Two year,Yes,Mailed check,61.42,306.86,No
CUST-04175,Male,1,No,No,29,Yes,No,Fiber optic,Yes,No,No,No,No,Yes,Month-to-month,Yes,Mailed check,75.67,2198.29,No
CUST-04176,Male,1,Yes,Yes,17,No,No phone service,Fiber optic,No,No,Yes,No,No,Yes,Two year,Yes,Electronic check,84.19,1436.6,No
CUST-04177,Male,0,Yes,No,42,Yes,No,No,No internet service,No internet service,No internet service,No internet service,No internet service,No internet service,One year,Yes,Bank transfer (automatic),108.19,4559.13,No
CUST-04178,Female,0,No,No,32,No,No phone service,DSL,No,No,Yes,No,Yes,Yes,Month-to-month,Yes,Mailed check,21.48,693.91,Yes
CUST-04179,Male,0,Yes,No,52,Yes,Yes,Fiber optic,No,No,Yes,No,No,Yes,Month-to-month,Yes,Mailed check,28.89,1502.91,No
CUST-04180,Male,0,No,No,55,Yes,Yes,Fiber optic,No,Yes,Yes,No,Yes,No,Two year,Yes,Mailed check,87.06,4788.11,No
CUST-04181,Male,0,Yes,No,18,Yes,Yes,Fiber optic,Yes,Yes,Yes,Yes,Yes,Yes,Month-to-month,Yes,Credit card (automatic),52.44,939.24,No
CUST-04182,Male,0,No,Yes,68,Yes,No,Fiber optic,No,Yes,Yes,No,Yes,Yes,Month-to-month,No,Electronic check,85.77,5827.8,No
CUST-04183,Male,0,Yes,No,25,No,No phone service,DSL,Yes,Yes,No,No,No,No,Two year,Yes,Mailed check,40.77,1020.61,No
CUST-04184,Female,0,Yes,Yes,28,No,No phone service,Fiber optic,Yes,No,No,Yes,No,No,Month-to-month,No,Bank transfer (automatic),80.83,2264.75,No
CUST-04185,Female,0,Yes,No,23,Yes,No,Fiber optic,Yes,Yes,Yes,No,Yes,No,Month-to-month,Yes,Electronic check,65.81,1527.01,No
CUST-04186,Female,0,Yes,No,5,No,No phone service,Fiber optic,No,Yes,Yes,Yes,No,Yes,Month-to-month,No,Electronic check,30.29,147.81,No
CUST-04187,Female,0,No,No,53,Yes,Yes,No,No internet service,No internet service,No internet service,No internet service,No internet service,No internet service,One year,No,Mailed check,110.94,5875.66,No
CUST-04188,Female,0,Yes,No,38,Yes,Yes,Fiber optic,No,Yes,Yes,Yes,Yes,Yes,One year,No,Mailed check,97.22,3695.61,No
CUST-04189,Female,0,No,No,3,Yes,No,No,No internet service,No internet service,No internet service,No internet service,No internet service,No internet service,One year,Yes,Electronic check,96.11,285.81,No
CUST-04190,Female,0,No,Yes,57,Yes,Yes,DSL,Yes,No,No,Yes,Yes,Yes,Two year,Yes,Bank transfer (automatic),87.69,5000.28,No
CUST-04191,Male,0,Yes,No,47,Yes,No,Fiber optic,No,No,Yes,No,Yes,No,Two year,No,Credit card (automatic),20.13,943.74,No
CUST-04192,Female,0,Yes,Yes,59,Yes,No,Fiber optic,No,No,No,No,No,Yes,Month-to-month,Yes,Electronic check,68.46,4037.71,No
CUST-04193,Male,0,No,No,25,Yes,No,DSL,No,Yes,Yes,No,Yes,Yes,One year,No,Electronic check,93.1,2329.65,No
CUST-04194,Male,0,Yes,No,39,Yes,No,DSL,Yes,Yes,No,No,No,No,Month-to-month,No,Electronic check,39.67,1544.3,No
CUST-04195,Female,0,No,Yes,55,Yes,No,Fiber optic,No,No,Yes,Yes,Yes,Yes,Month-to-month,No,Bank transfer (automatic),79.53,4372.35,Yes
CUST-04196,Male,0,Yes,Yes,38,Yes,No,Fiber optic,No,No,No,Yes,Yes,No,One year,No,Credit card (automatic),110.95,4218.74,No
CUST-04197,Male,0,No,No,38,Yes,Yes,DSL,Yes,Yes,No,Yes,No,No,One year,Yes,Credit card (automatic),93.29,3545.25,No
CUST-04198,Male,0,Yes,No,47,Yes,Yes,Fiber optic,No,No,Yes,No,Yes,Yes,Month-to-month,Yes,Electronic check,72.76,3416.52,No
CUST-04199,Male,0,Yes,No,24,Yes,No,DSL,No,Yes,Yes,No,Yes,No,Two year,No,Mailed check,48.99,1173.35,No
CUST-04200,Female,0,No,Yes,33,Yes,No,No,No internet service,No internet service,No internet service,No internet service,No internet service,No internet service,One year,Yes,Mailed check,81.65,2699.66,No
CUST-04201,Female,0,No,No,20,Yes,No,Fiber optic,Yes,No,Yes,Yes,Yes,Yes,Month-to-month,No,Bank transfer (automatic),89.44,1790.35,Yes
CUST-04202,Female,0,No,No,24,Yes,Yes,DSL,No,Yes,Yes,Yes,Yes,No,Month-to-month,No,Mailed check,81.78,1960.91,No
CUST-04203,Female,1,Yes,Yes,21,Yes,No,Fiber optic,No,No,No,Yes,Yes,No,One year,No,Bank transfer (automatic),93.54,1968.67,Yes
CUST-04204,Female,0,Yes,No,22,Yes,Yes,No,No internet service,No internet service,No internet service,No internet service,No internet service,No internet service,One year,No,Mailed check,45.92,1012.42,No
CUST-04205,Female,0,Yes,No,24,Yes,Yes,No,No internet service,No internet service,No internet service,No internet service,No internet service,No internet service,Two year,Yes,Electronic check,68.78,1657.49,No
CUST-04206,Female,0,Yes,No,25,Yes,No,Fiber optic,No,No,No,Yes,Yes,No,Month-to-month,No,Bank transfer (automatic),72.87,1826.18,No
CUST-04207,Female,0,No,No,29,Yes,Yes,Fiber optic,No,Yes,Yes,Yes,No,Yes,Month-to-month,Yes,Mailed check,26.99,788.54,Yes
CUST-04208,Female,0,No,No,37,Yes,Yes,No,No internet service,No internet service,No internet service,No internet service,No internet service,No internet service,Two year,Yes,Electronic check,35.65,1317.35,No
CUST-04209,Female,0,Yes,No,33,Yes,Yes,No,No internet service,No internet service,No internet service,No internet service,No internet service,No internet service,Two year,No,Bank transfer (automatic),48.66,1601.34,No
CUST-04210,Male,1,Yes,Yes,14,Yes,No,DSL,Yes,No,Yes,Yes,No,No,Month-to-month,Yes,Bank transfer (automatic),22.78,322.78,No
CUST-04211,Female,0,Yes,No,43,Yes,Yes,Fiber optic,Yes,Yes,Yes,No,No,Yes,One year,No,Mailed check,41.36,1782.39,No
CUST-04212,Male,0,No,Yes,9,Yes,No,Fiber optic,No,No,Yes,No,Yes,Yes,Two year,Yes,Mailed check,70.22,631.46,No
CUST-04213,Male,1,No,No,36,Yes,Yes,DSL,No,Yes,No,No,Yes,No,Month-to-month,Yes,Electronic check,72.17,2592.9,No
CUST-04214,Male,0,Yes,No,6,No,No phone service,No,No internet service,No internet service,No internet service,No internet service,No internet service,No internet service,Two year,Yes,Credit card (automatic),42.94,259.17,No
CUST-04215,Male,0,No,Yes,31,Yes,Yes,Fiber optic,No,No,No,No,No,No,Two year,No,Bank transfer (automatic),112.65,3494.09,No
CUST-04216,Female,0,Yes,Yes,10,Yes,Yes,Fiber optic,Yes,No,Yes,Yes,Yes,No,Two year,No,Electronic check,64.72,640.41,No
CUST-04217,Male,0,Yes,No,47,Yes,Yes,DSL,Yes,Yes,No,Yes,No,No,Two year,No,Electronic check,81.73,3843.18,No
CUST-04218,Female,0,No,No,67,Yes,No,DSL,No,No,Yes,No,No,Yes,Month-to-month,Yes,Mailed check,21.04,1415.43,No
CUST-04219,Female,0,No,No,47,Yes,No,DSL,Yes,No,No,No,Yes,No,Month-to-month,Yes,Mailed check,57.92,2715.67,No
CUST-04220,Male,0,No,No,44,Yes,Yes,No,No internet service,No internet service,No internet service,No internet service,No internet service,No internet service,Month-to-month,Yes,Credit card (automatic),72.21,3179.89,No
CUST-04221,Female,0,No,No,32,Yes,Yes,Fiber optic,Yes,No,Yes,No,No,Yes,Month-to-month,Yes,Mailed check,49.23,1581.91,No
CUST-04222,Male,1,Yes,No,3,Yes,Yes,DSL,Yes,No,No,Yes,No,Yes,Month-to-month,No,Mailed check,35.14,112.28,No
CUST-04223,Male,0,No,Yes,46,Yes,Yes,DSL,Yes,No,No,No,No,No,One year,Yes,Bank transfer (automatic),38.11,1743.69,No
CUST-04224,Female,0,No,No,52,Yes,No,Fiber optic,No,Yes,No,Yes,Yes,No,Two year,Yes,Electronic check,64.66,3367.76,No
CUST-04225,Female,0,No,No,30,Yes,No,Fiber optic,No,No,No,No,Yes,No,Month-to-month,Yes,Bank transfer (automatic),25.1,751.43,No
CUST-04226,Male,0,No,No,30,Yes,Yes,Fiber optic,Yes,No,No,No,No,No,Month-to-month,No,Electronic check,41.45,1241.35,Yes
CUST-04227,Female,1,Yes,Yes,26,Yes,No,No,No internet service,No internet service,No internet service,No internet service,No internet service,No internet service,Month-to-month,No,Bank transfer (automatic),89.95,2351.26,No
CUST-04228,Female,0,Yes,No,47,Yes,Yes,Fiber optic,Yes,Yes,Yes,No,No,No,Two year,Yes,Electronic check,39.47,1856.19,No
CUST-04229,Female,0,No,No,35,Yes,Yes,Fiber optic,Yes,No,No,No,Yes,No,Month-to-month,No,Bank transfer (automatic),29.69,1037.24,No
CUST-04230,Male,0,No,Yes,48,Yes,No,Fiber optic,No,Yes,Yes,Yes,Yes,No,Month-to-month,Yes,Mailed check,26.38,1270.24,Yes
CUST-04231,Male,1,Yes,No,30,Yes,No,Fiber optic,Yes,No,No,No,Yes,Yes,Month-to-month,No,Mailed check,116.87,3514.53,No
CUST-04232,Female,0,Yes,No,43,Yes,Yes,Fiber optic,Yes,Yes,No,No,Yes,Yes,Month-to-month,Yes,Electronic check,26.69,1148.54,No
CUST-04233,Female,0,No,Yes,58,Yes,Yes,Fiber optic,Yes,Yes,No,Yes,Yes,No,Two year,No,Electronic check,61.35,3555.63,Yes
CUST-04234,Female,0,Yes,Yes,22,Yes,Yes,Fiber optic,No,Yes,No,No,Yes,No,Month-to-month,Yes,Electronic check,69.11,1520.88,Yes
CUST-04235,Female,1,Yes,No,67,Yes,No,DSL,Yes,Yes,No,No,No,Yes,Month-to-month,Yes,Mailed check,114.46,7674.27,No
CUST-04236,Female,0,Yes,No,41,Yes,Yes,Fiber optic,Yes,Yes,Yes,Yes,Yes,Yes,One year,No,Credit card (automatic),107.11,4389.96,No
CUST-04237,Male,0,Yes,Yes,41,No,No phone service,DSL,Yes,No,Yes,Yes,No,No,One year,No,Electronic check,41.77,1718.03,No
CUST-04238,Female,0,No,Yes,12,Yes,Yes,DSL,Yes,No,No,No,No,No,One year,Yes,Electronic check,26.47,316.94,No
CUST-04239,Male,0,Yes,No,0,Yes,No,Fiber optic,Yes,No,Yes,No,Yes,Yes,Two year,No,Mailed check,61.79,0.0,No
CUST-04240,Female,0,Yes,No,52,Yes,No,Fiber optic,Yes,Yes,Yes,No,No,Yes,Two year,No,Bank transfer (automatic),28.09,1468.28,No
CUST-04241,Male,1,No,Yes,39,Yes,No,DSL,No,Yes,No,No,No,No,Month-to-month,Yes,Electronic check,105.11,4100.97,No
CUST-04242,Female,1,No,Yes,45,No,No phone service,DSL,No,No,No,Yes,Yes,Yes,Two year,Yes,Electronic check,88.38,3982.37,No
CUST-04243,Male,1,No,No,21,Yes,Yes,Fiber optic,Yes,No,No,Yes,Yes,Yes,Two year,Yes,Electronic check,112.38,2361.49,No
CUST-04244,Female,0,Yes,No,51,Yes,Yes,DSL,No,No,Yes,Yes,Yes,Yes,Two year,Yes,Mailed check,74.95,3822.64,No
CUST-04245,Male,0,No,No,27,No,No phone service,No,No internet service,No internet service,No internet service,No internet service,No internet service,No internet service,Month-to-month,Yes,Bank transfer (automatic),54.44,1473.56,No
CUST-04246,Male,1,Yes,No,52,Yes,No,No,No internet service,No internet service,No internet service,No internet service,No internet service,No internet service,One year,No,Mailed check,68.06,3538.35,No
CUST-04247,Male,0,No,No,62,Yes,No,No,No internet service,No internet service,No internet service,No internet service,No internet service,No internet service,Month-to-month,No,Credit card (automatic),34.08,2122.03,No
CUST-04248,Male,0,Yes,No,16,Yes,No,Fiber optic,Yes,Yes,No,Yes,Yes,Yes,Two year,Yes,Credit card (automatic),64.31,1028.81,No
CUST-04249,Male,0,No,No,63,Yes,No,No,No internet service,No internet service,No internet service,No internet service,No internet service,No internet service,Month-to-month,Yes,Mailed check,117.87,7434.9,No
CUST-04250,Male,1,No,No,5,Yes,No,Fiber optic,No,Yes,Yes,Yes,No,Yes,Two year,Yes,Bank transfer (automatic),87.05,438.27,No
CUST-04251,Female,0,Yes,Yes,13,Yes,No,DSL,Yes,No,No,Yes,Yes,No,One year,No,Mailed check,24.24,303.21,No
CUST-04252,Male,1,No,No,16,No,No phone service,Fiber optic,Yes,Yes,No,Yes,No,No,One year,No,Electronic check,90.57,1444.17,No
CUST-04253,Female,0,No,No,37,Yes,No,Fiber optic,Yes,No,No,Yes,No,No,Two year,No,Electronic check,28.07,1042.84,No
CUST-04254,Female,0,No,No,68,Yes,No,Fiber optic,No,Yes,Yes,Yes,Yes,Yes,Two year,Yes,Mailed check,57.06,3875.49,No
CUST-04255,Female,0,No,No,12,Yes,No,No,No internet service,No internet service,No internet service,No internet service,No internet service,No internet service,Month-to-month,No,Bank transfer (automatic),96.63,1152.78,No
CUST-04256,Female,0,No,No,52,Yes,No,Fiber optic,No,Yes,No,Yes,No,Yes,Month-to-month,Yes,Electronic check,30.81,1608.54,No
CUST-04257,Female,0,Yes,No,8,Yes,No,Fiber optic,Yes,Yes,Yes,Yes,Yes,No,One year,No,Bank transfer (automatic),47.27,370.22,Yes
CUST-04258,Male,1,Yes,No,43,No,No phone service,DSL,No,Yes,Yes,Yes,Yes,No,Month-to-month,Yes,Credit card (automatic),37.53,1617.68,No
CUST-04259,Male,0,No,No,25,Yes,No,No,No internet service,No internet service,No internet service,No internet service,No internet service,No internet service,Month-to-month,Yes,Credit card (automatic),105.01,2623.43,No
CUST-04260,Male,0,No,No,18,Yes,No,DSL,Yes,No,Yes,No,Yes,No,Month-to-month,No,Bank transfer (automatic),32.79,593.73,No
CUST-04261,Female,0,Yes,No,47,Yes,No,No,No internet service,No internet service,No internet service,No internet service,No internet service,No internet service,Month-to-month,Yes,Credit card (automatic),71.58,3365.59,No
CUST-04262,Male,0,Yes,No,29,Yes,Yes,Fiber optic,No,No,Yes,Yes,Yes,No,Month-to-month,Yes,Electronic check,45.53,1310.0,No
CUST-04263,Male,0,No,Yes,31,Yes,No,Fiber optic,Yes,Yes,Yes,Yes,No,Yes,One year,No,Electronic check,68.73,2129.06,No
CUST-04264,Male,0,Yes,Yes,68,Yes,No,DSL,No,No,Yes,Yes,Yes,No,One year,Yes,Credit card (automatic),34.74,2361.1,No
CUST-04265,Male,1,No,No,10,Yes,Yes,Fiber optic,Yes,No,No,Yes,Yes,No,Two year,Yes,Electronic check,93.76,939.65,No
CUST-04266,Male,0,No,No,25,Yes,No,No,No internet service,No internet service,No internet service,No internet service,No internet service,No internet service,Month-to-month,No,Electronic check,82.31,2059.34,No
CUST-04267,Female,0,No,No,25,Yes,No,DSL,Yes,No,Yes,No,No,Yes,Month-to-month,No,Electronic check,22.34,557.27,No
CUST-04268,Male,0,No,Yes,16,Yes,Yes,DSL,Yes,Yes,Yes,Yes,No,No,Month-to-month,Yes,Credit card (automatic),112.76,1798.49,No
CUST-04269,Female,0,Yes,No,43,No,No phone service,DSL,Yes,Yes,No,Yes,No,No,One year,Yes,Credit card (automatic),107.3,4616.31,No
CUST-04270,Female,1,Yes,Yes,22,No,No phone service,Fiber optic,Yes,Yes,Yes,Yes,Yes,Yes,Month-to-month,No,Mailed check,47.78,1055.52,No
CUST-04271,Female,0,Yes,No,24,Yes,No,Fiber optic,No,Yes,No,Yes,No,Yes,Two year,No,Credit card (automatic),47.19,1134.21,No
CUST-04272,Female,1,No,Yes,36,No,No phone service,Fiber optic,Yes,Yes,No,Yes,Yes,Yes,Two year,No,Credit card (automatic),67.92,2444.02,Yes
CUST-04273,Female,0,Yes,Yes,64,Yes,No,No,No internet service,No internet service,No internet service,No internet service,No internet service,No internet service,One year,Yes,Mailed check,79.91,5112.39,No
CUST-04274,Male,0,No,Yes,1,Yes,No,No,No internet service,No internet service,No internet service,No internet service,No internet service,No internet service,Month-to-month,Yes,Mailed check,47.1,42.51,Yes
CUST-04275,Male,1,No,No,31,Yes,No,No,No internet service,No internet service,No internet service,No internet service,No internet service,No internet service,Month-to-month,No,Electronic check,97.54,3024.98,No
CUST-04276,Male,0,Yes,No,54,Yes,Yes,Fiber optic,Yes,No,Yes,Yes,Yes,No,Month-to-month,No,Bank transfer (automatic),25.85,1396.86,Yes
CUST-04277,Female,0,No,Yes,49,Yes,No,DSL,Yes,No,Yes,Yes,Yes,No,Month-to-month,Yes,Mailed check,57.78,2835.4,No
CUST-04278,Male,0,No,No,64,Yes,Yes,Fiber optic,No,Yes,No,Yes,Yes,No,Month-to-month,Yes,Bank transfer (automatic),73.58,4706.01,No
CUST-04279,Male,0,No,Yes,31,Yes,No,DSL,No,Yes,No,No,Yes,Yes,Month-to-month,Yes,Credit card (automatic),97.97,3037.67,No
CUST-04280,Female,0,Yes,No,36,Yes,Yes,DSL,Yes,Yes,Yes,No,Yes,No,Month-to-month,No,Electronic check,105.18,3779.9,No
CUST-04281,Female,0,No,No,12,Yes,Yes,Fiber optic,No,Yes,Yes,Yes,Yes,Yes,Two year,No,Electronic check,42.44,507.58,Yes
CUST-04282,Female,0,Yes,No,53,Yes,No,No,No internet service,No internet service,No internet service,No internet service,No internet service,No internet service,Month-to-month,Yes,Mailed check,42.11,2229.02,No
CUST-04283,Female,0,No,No,2,No,No phone service,Fiber optic,Yes,Yes,No,No,No,Yes,Two year,No,Bank transfer (automatic),54.83,114.95,No
CUST-04284,Male,1,Yes,No,41,Yes,No,No,No internet service,No internet service,No internet service,No internet service,No internet service,No internet service,Month-to-month,Yes,Bank transfer (automatic),60.76,2499.69,No
CUST-04285,Female,0,No,No,39,Yes,No,DSL,Yes,Yes,No,No,Yes,No,Month-to-month,Yes,Bank transfer (automatic),102.84,4004.88,No
CUST-04286,Female,0,Yes,No,65,Yes,Yes,Fiber optic,No,Yes,Yes,No,No,No,Month-to-month,Yes,Bank transfer (automatic),18.76,1223.94,No
CUST-04287,Male,1,Yes,No,59,Yes,Yes,No,No internet service,No internet service,No internet service,No internet service,No internet service,No internet service,Two year,Yes,Bank transfer (automatic),86.5,5106.9,No
CUST-04288,Male,0,No,Yes,10,Yes,No,Fiber optic,Yes,Yes,No,No,No,No,Month-to-month,No,Electronic check,40.01,397.35,Yes
CUST-04289,Female,0,No,No,0,Yes,No,Fiber optic,No,Yes,No,Yes,No,Yes,Month-to-month,No,Bank transfer (automatic),106.24,0.0,No
CUST-04290,Male,0,No,No,25,Yes,No,No,No internet service,No internet service,No internet service,No internet service,No internet service,No internet service,Month-to-month,No,Bank transfer (automatic),49.73,1239.43,No
CUST-04291,Female,0,No,No,41,Yes,No,Fiber optic,No,Yes,No,Yes,Yes,Yes,Two year,No,Bank transfer (automatic),71.76,2940.27,Yes
CUST-04292,Female,0,Yes,No,61,Yes,Yes,No,No internet service,No internet service,No internet service,No internet service,No internet service,No internet service,Month-to-month,Yes,Mailed check,50.9,3103.11,No
CUST-04293,Male,0,No,No,60,Yes,No,DSL,Yes,Yes,Yes,Yes,Yes,Yes,Month-to-month,Yes,Credit card (automatic),60.53,3631.04,No
CUST-04294,Male,0,Yes,Yes,61,No,No phone service,No,No internet service,No internet service,No internet service,No internet service,No internet service,No internet service,Two year,Yes,Electronic check,70.22,4280.87,No
CUST-04295,Female,0,No,Yes,11,Yes,No,DSL,Yes,Yes,No,Yes,No,Yes,Month-to-month,No,Credit card (automatic),92.75,1024.28,No
CUST-04296,Female,0,Yes,No,26,Yes,No,DSL,No,No,Yes,No,No,Yes,Two year,No,Mailed check,30.08,784.62,No
CUST-04297,Female,0,Yes,No,66,No,No phone service,Fiber optic,No,Yes,No,Yes,Yes,Yes,Month-to-month,Yes,Credit card (automatic),53.22,3511.65,No
CUST-04298,Male,0,Yes,No,27,Yes,Yes,Fiber optic,No,No,No,No,Yes,No,Month-to-month,Yes,Mailed check,81.96,2210.22,Yes
CUST-04299,Female,1,No,No,65,Yes,Yes,Fiber optic,No,No,Yes,No,No,No,Month-to-month,Yes,Mailed check,76.88,4994.37,No
CUST-04300,Female,0,No,No,27,Yes,Yes,No,No internet service,No internet service,No internet service,No internet service,No internet service,No internet service,Month-to-month,No,Credit card (automatic),96.08,2596.35,No
CUST-04301,Female,0,Yes,Yes,20,Yes,No,No,No internet service,No internet service,No internet service,No internet service,No internet service,No internet service,Two year,No,Mailed check,106.91,2138.48,No
CUST-04302,Female,0,Yes,No,6,Yes,No,DSL,No,No,No,No,Yes,No,Month-to-month,Yes,Mailed check,27.41,165.45,No
CUST-04303,Female,1,Yes,No,13,Yes,Yes,Fiber optic,No,No,No,No,Yes,No,Month-to-month,Yes,Electronic check,89.38,1166.23,No
CUST-04304,Male,1,Yes,Yes,38,Yes,No,Fiber optic,No,No,Yes,Yes,Yes,Yes,Month-to-month,No,Credit card (automatic),46.4,1762.93,No
CUST-04305,Female,0,Yes,No,61,Yes,Yes,DSL,No,Yes,No,Yes,Yes,Yes,Month-to-month,Yes,Bank transfer (automatic),66.14,4041.39,No
CUST-04306,Female,0,No,Yes,11,Yes,Yes,Fiber optic,Yes,Yes,Yes,No,No,Yes,Month-to-month,Yes,Mailed check,80.78,878.57,No
CUST-04307,Female,0,Yes,No,37,Yes,No,DSL,No,No,No,Yes,Yes,No,Month-to-month,Yes,Electronic check,33.06,1216.64,No
CUST-04308,Female,0,No,Yes,57,Yes,Yes,No,No internet service,No internet service,No internet service,No internet service,No internet service,No internet service,Month-to-month,No,Mailed check,52.66,3010.67,No
CUST-04309,Male,0,No,No,55,Yes,No,Fiber optic,Yes,Yes,No,Yes,Yes,No,Month-to-month,Yes,Credit card (automatic),115.61,6356.56,No
CUST-04310,Male,0,No,No,38,Yes,No,Fiber optic,No,No,No,No,Yes,No,Month-to-month,Yes,Bank transfer (automatic),31.63,1203.42,No
CUST-04311,Male,0,Yes,No,3,Yes,Yes,No,No internet service,No internet service,No internet service,No internet service,No internet service,No internet service,Month-to-month,Yes,Mailed check,26.33,85.26,No
CUST-04312,Female,0,Yes,No,47,Yes,No,DSL,No,No,Yes,Yes,Yes,No,Month-to-month,Yes,Electronic check,101.68,4780.68,No
CUST-04313,Female,0,Yes,Yes,6,Yes,Yes,Fiber optic,No,Yes,No,No,No,No,Two year,Yes,Credit card (automatic),61.06,370.93,No
CUST-04314,Male,0,Yes,No,59,Yes,Yes,DSL,Yes,No,No,No,Yes,Yes,Two year,No,Credit card (automatic),85.48,5046.4,No
CUST-04315,Male,1,No,No,39,Yes,Yes,Fiber optic,Yes,Yes,Yes,No,Yes,No,Month-to-month,Yes,Bank transfer (automatic),48.57,1899.14,Yes
CUST-04316,Male,0,No,No,7,Yes,No,Fiber optic,No,Yes,Yes,No,Yes,No,Month-to-month,Yes,Bank transfer (automatic),37.84,267.35,No
CUST-04317,Female,0,No,No,57,Yes,Yes,DSL,No,No,No,Yes,No,No,Month-to-month,No,Bank transfer (automatic),39.25,2240.91,Yes
CUST-04318,Female,0,Yes,Yes,56,Yes,No,Fiber optic,No,No,Yes,No,No,Yes,One year,No,Credit card (automatic),37.56,2100.46,No
CUST-04319,Male,0,Yes,Yes,34,Yes,Yes,Fiber optic,No,No,No,No,No,No,One year,Yes,Bank transfer (automatic),42.7,1454.42,No
CUST-04320,Male,0,Yes,No,12,Yes,No,Fiber optic,Yes,Yes,No,Yes,Yes,Yes,One year,Yes,Bank transfer (automatic),40.12,481.24,No
CUST-04321,Male,0,Yes,No,38,Yes,Yes,No,No internet service,No internet service,No internet service,No internet service,No internet service,No internet service,One year,Yes,Credit card (automatic),99.37,3775.62,No
CUST-04322,Female,0,Yes,No,20,Yes,Yes,Fiber optic,No,Yes,Yes,No,No,Yes,Month-to-month,No,Mailed check,71.33,1418.2,Yes
CUST-04323,Female,1,Yes,No,46,Yes,No,Fiber optic,Yes,Yes,No,No,No,Yes,Two year,No,Electronic check,47.65,2189.79,No
CUST-04324,Female,0,No,No,1,Yes,Yes,Fiber optic,Yes,Yes,Yes,No,No,Yes,Two year,No,Electronic check,52.51,51.84,No
CUST-04325,Male,1,No,No,43,Yes,Yes,Fiber optic,Yes,Yes,Yes,No,Yes,Yes,One year,No,Electronic check,113.78,4900.32,No
CUST-04326,Male,0,Yes,No,29,No,No phone service,Fiber optic,No,Yes,Yes,Yes,No,No,Month-to-month,Yes,Mailed check,36.39,1053.91,No
CUST-04327,Female,1,No,No,54,Yes,No,No,No internet service,No internet service,No internet service,No internet service,No internet service,No internet service,One year,Yes,Credit card (automatic),106.68,5762.13,No
CUST-04328,Male,0,No,No,39,Yes,Yes,DSL,Yes,Yes,No,Yes,No,No,One year,Yes,Credit card (automatic),91.68,3582.4,No
CUST-04329,Female,0,No,No,23,Yes,Yes,DSL,No,Yes,No,No,No,Yes,Two year,No,Electronic check,79.35,1818.86,No
CUST-04330,Male,0,No,Yes,41,Yes,No,Fiber optic,No,No,Yes,Yes,Yes,Yes,One year,No,Mailed check,80.41,3294.9,No
CUST-04331,Male,0,Yes,No,27,Yes,Yes,DSL,Yes,No,Yes,Yes,No,Yes,Two year,No,Bank transfer (automatic),60.29,1632.23,No
CUST-04332,Male,0,No,No,50,Yes,No,DSL,Yes,No,No,Yes,No,No,Two year,Yes,Bank transfer (automatic),61.89,3106.85,No
CUST-04333,Male,0,Yes,No,21,Yes,No,DSL,No,No,Yes,Yes,Yes,Yes,Month-to-month,No,Bank transfer (automatic),97.61,2039.88,No
CUST-04334,Female,0,Yes,No,7,Yes,Yes,No,No internet service,No internet service,No internet service,No internet service,No internet service,No internet service,Month-to-month,No,Electronic check,99.09,693.04,No
CUST-04335,Male,0,No,Yes,13,Yes,No,DSL,Yes,Yes,Yes,No,No,Yes,Month-to-month,No,Electronic check,75.12,979.7,No
CUST-04336,Female,0,Yes,No,44,Yes,No,DSL,No,No,Yes,Yes,No,No,One year,No,Credit card (automatic),94.86,4178.05,No
CUST-04337,Female,1,No,No,37,Yes,Yes,Fiber optic,No,No,Yes,Yes,Yes,No,One year,Yes,Electronic check,99.01,3674.6,No
CUST-04338,Female,0,Yes,Yes,31,Yes,Yes,No,No internet service,No internet service,No internet service,No internet service,No internet service,No internet service,Month-to-month,No,Electronic check,51.21,1584.28,No
CUST-04339,Male,0,Yes,No,61,Yes,Yes,Fiber optic,No,Yes,No,No,Yes,Yes,One year,No,Bank transfer (automatic),80.34,4899.56,No
CUST-04340,Female,0,No,No,66,Yes,Yes,No,No internet service,No internet service,No internet service,No internet service,No internet service,No internet service,Two year,No,Mailed check,61.58,4056.14,No
CUST-04341,Female,0,No,No,60,Yes,No,No,No internet service,No internet service,No internet service,No internet service,No internet service,No internet service,Month-to-month,Yes,Credit card (automatic),27.81,1669.24,No
CUST-04342,Female,0,Yes,No,12,Yes,No,Fiber optic,No,No,No,Yes,Yes,Yes,Month-to-month,Yes,Mailed check,82.85,996.76,Yes
CUST-04343,Male,0,No,Yes,46,Yes,No,DSL,No,No,Yes,No,No,No,One year,No,Electronic check,76.75,3540.96,No
CUST-04344,Male,0,Yes,No,53,Yes,Yes,Fiber optic,No,Yes,Yes,No,Yes,Yes,Month-to-month,Yes,Bank transfer (automatic),28.26,1506.3,No
CUST-04345,Female,0,No,No,70,Yes,No,Fiber optic,Yes,No,No,Yes,No,No,Two year,Yes,Credit card (automatic),25.08,1763.18,No
CUST-04346,Male,1,Yes,Yes,51,Yes,Yes,DSL,No,No,No,No,Yes,Yes,One year,Yes,Bank transfer (automatic),42.96,2187.48,Yes
CUST-04347,Female,0,Yes,No,71,Yes,No,No,No internet service,No internet service,No internet service,No internet service,No internet service,No internet service,Month-to-month,No,Mailed check,101.34,7197.27,No
CUST-04348,Female,0,Yes,No,24,Yes,Yes,Fiber optic,Yes,No,No,No,No,No,Two year,No,Bank transfer (automatic),24.37,586.83,No
CUST-04349,Male,0,Yes,Yes,22,Yes,Yes,No,No internet service,No internet service,No internet service,No internet service,No internet service,No internet service,Month-to-month,Yes,Electronic check,64.04,1411.22,No
CUST-04350,Female,0,Yes,No,29,Yes,No,Fiber optic,No,Yes,No,No,No,Yes,Month-to-month,Yes,Bank transfer (automatic),35.9,1040.89,Yes
CUST-04351,Male,0,No,No,10,Yes,Yes,Fiber optic,No,Yes,Yes,No,Yes,Yes,Month-to-month,Yes,Mailed check,43.36,439.25,No
CUST-04352,Male,0,Yes,No,34,Yes,No,No,No internet service,No internet service,No internet service,No internet service,No internet service,No internet service,Month-to-month,Yes,Mailed check,94.99,3227.88,No
CUST-04353,Female,1,No,No,26,Yes,No,No,No internet service,No internet service,No internet service,No internet service,No internet service,No internet service,Month-to-month,No,Electronic check,103.06,2681.21,No
CUST-04354,Male,0,No,No,66,Yes,No,Fiber optic,Yes,No,No,No,No,No,Month-to-month,Yes,Electronic check,76.03,5025.25,No
CUST-04355,Male,0,Yes,Yes,46,Yes,No,No,No internet service,No internet service,No internet service,No internet service,No internet service,No internet service,Two year,No,Credit card (automatic),104.32,4809.49,No
CUST-04356,Female,0,Yes,No,49,Yes,Yes,DSL,No,Yes,No,No,Yes,Yes,Two year,Yes,Mailed check,103.69,5076.67,No
CUST-04357,Female,0,No,Yes,7,Yes,No,Fiber optic,Yes,No,Yes,No,Yes,Yes,One year,Yes,Electronic check,40.15,283.8,No
CUST-04358,Male,0,Yes,No,54,Yes,No,DSL,Yes,Yes,No,Yes,No,Yes,One year,Yes,Credit card (automatic),82.5,4457.27,No
CUST-04359,Male,0,Yes,Yes,41,No,No phone service,No,No internet service,No internet service,No internet service,No internet service,No internet service,No internet service,Month-to-month,Yes,Credit card (automatic),95.83,3935.13,No
CUST-04360,Female,0,No,No,66,No,No phone service,Fiber optic,Yes,No,Yes,Yes,No,Yes,One year,Yes,Credit card (automatic),74.11,4899.43,No
CUST-04361,Male,0,No,No,19,Yes,No,DSL,Yes,No,Yes,No,No,Yes,Month-to-month,No,Credit card (automatic),98.58,1871.35,Yes
CUST-04362,Male,0,No,Yes,44,Yes,Yes,DSL,No,No,No,No,No,Yes,Month-to-month,Yes,Mailed check,80.88,3558.34,No
CUST-04363,Male,0,No,No,34,No,No phone service,Fiber optic,Yes,No,No,Yes,No,Yes,Month-to-month,Yes,Mailed check,46.45,1579.67,No
CUST-04364,Male,0,No,Yes,19,Yes,No,Fiber optic,No,No,Yes,Yes,Yes,No,Two year,No,Electronic check,86.56,1647.03,No
CUST-04365,Male,0,No,No,23,Yes,No,DSL,No,Yes,Yes,No,Yes,No,Two year,Yes,Bank transfer (automatic),76.8,1770.53,No
CUST-04366,Male,1,Yes,No,56,No,No phone service,No,No internet service,No internet service,No internet service,No internet service,No internet service,No internet service,Month-to-month,No,Mailed check,80.5,4506.12,No
CUST-04367,Male,0,No,Yes,54,Yes,No,No,No internet service,No internet service,No internet service,No internet service,No internet service,No internet service,Month-to-month,Yes,Mailed check,27.53,1495.91,No
CUST-04368,Female,0,No,No,8,No,No phone service,Fiber optic,No,No,Yes,Yes,No,No,Two year,No,Credit card (automatic),30.57,235.41,Yes
CUST-04369,Female,0,Yes,Yes,15,Yes,Yes,DSL,Yes,No,No,No,No,No,One year,Yes,Mailed check,99.47,1486.08,No
CUST-04370,Female,0,Yes,Yes,54,Yes,No,No,No internet service,No internet service,No internet service,No internet service,No internet service,No internet service,One year,No,Electronic check,61.13,3304.06,No
CUST-04371,Female,0,Yes,No,71,Yes,No,No,No internet service,No internet service,No internet service,No internet service,No internet service,No internet service,Month-to-month,Yes,Bank transfer (automatic),39.53,2805.81,No
CUST-04372,Female,0,Yes,No,57,Yes,No,DSL,Yes,Yes,No,Yes,Yes,No,Month-to-month,Yes,Electronic check,27.27,1551.56,No
CUST-04373,Male,0,Yes,No,63,Yes,Yes,Fiber optic,Yes,Yes,No,No,Yes,No,Month-to-month,No,Mailed check,44.29,2795.07,No
CUST-04374,Male,1,Yes,Yes,48,Yes,No,No,No internet service,No internet service,No internet service,No internet service,No internet service,No internet service,Month-to-month,Yes,Credit card (automatic),47.52,2285.02,No
CUST-04375,Male,1,No,No,28,Yes,Yes,Fiber optic,No,Yes,No,Yes,Yes,Yes,Two year,Yes,Electronic check,116.3,3262.65,Yes
CUST-04376,Male,0,Yes,No,6,Yes,No,No,No internet service,No internet service,No internet service,No internet service,No internet service,No internet service,Two year,Yes,Bank transfer (automatic),101.45,603.52,No
CUST-04377,Female,0,Yes,Yes,68,Yes,No,No,No internet service,No internet service,No internet service,No internet service,No internet service,No internet service,Month-to-month,Yes,Credit card (automatic),25.85,1761.86,No
CUST-04378,Male,0,Yes,No,1,Yes,No,Fiber optic,Yes,Yes,Yes,Yes,No,No,Month-to-month,No,Credit card (automatic),92.84,96.85,No
CUST-04379,Male,0,Yes,No,32,Yes,Yes,No,No internet service,No internet service,No internet service,No internet service,No internet service,No internet service,Month-to-month,Yes,Electronic check,74.39,2375.44,No
CUST-04380,Female,0,No,No,47,Yes,No,DSL,No,Yes,No,No,Yes,No,Two year,Yes,Electronic check,40.85,1920.15,No
CUST-04381,Male,0,Yes,Yes,36,Yes,Yes,DSL,Yes,Yes,Yes,No,Yes,No,Month-to-month,Yes,Credit card (automatic),92.66,3340.6,No
CUST-04382,Male,0,Yes,No,29,Yes,No,DSL,No,No,Yes,No,No,Yes,Two year,Yes,Bank transfer (automatic),21.02,616.29,No
CUST-04383,Female,0,No,Yes,40,Yes,Yes,Fiber optic,No,No,No,Yes,No,No,Two year,No,Mailed check,91.15,3645.27,Yes
CUST-04384,Male,0,No,No,3,No,No phone service,DSL,Yes,Yes,Yes,Yes,No,No,Two year,Yes,Mailed check,107.53,317.1,No
CUST-04385,Male,0,No,No,38,Yes,No,Fiber optic,Yes,Yes,No,No,No,Yes,Month-to-month,Yes,Electronic check,106.26,4045.54,Yes
CUST-04386,Male,0,Yes,No,23,Yes,Yes,DSL,Yes,Yes,No,No,Yes,No,Two year,No,Electronic check,95.23,2190.49,No
CUST-04387,Male,0,No,No,49,Yes,No,Fiber optic,Yes,No,Yes,Yes,No,No,One year,No,Electronic check,111.47,5452.59,No
CUST-04388,Male,0,No,No,36,Yes,No,No,No internet service,No internet service,No internet service,No internet service,No internet service,No internet service,Two year,Yes,Electronic check,88.73,3193.08,No
CUST-04389,Female,0,No,No,52,Yes,No,Fiber optic,Yes,No,No,No,No,Yes,One year,Yes,Bank transfer (automatic),86.67,4512.5,No
CUST-04390,Female,0,Yes,No,24,Yes,No,No,No internet service,No internet service,No internet service,No internet service,No internet service,No internet service,Month-to-month,Yes,Mailed check,20.62,488.78,No
CUST-04391,Female,0,Yes,Yes,30,Yes,Yes,DSL,Yes,No,Yes,No,No,Yes,Two year,Yes,Credit card (automatic),35.42,1063.19,No
CUST-04392,Female,0,No,No,37,No,No phone service,Fiber optic,Yes,No,Yes,No,Yes,Yes,Two year,Yes,Mailed check,96.14,3555.54,No
CUST-04393,Female,0,Yes,No,57,Yes,Yes,DSL,Yes,No,Yes,Yes,No,No,One year,Yes,Electronic check,117.75,6711.56,No
CUST-04394,Female,0,Yes,No,52,Yes,No,Fiber optic,No,No,No,No,No,No,Month-to-month,Yes,Credit card (automatic),89.99,4677.3,No
CUST-04395,Male,0,Yes,No,49,Yes,Yes,Fiber optic,Yes,Yes,Yes,Yes,No,Yes,Month-to-month,No,Bank transfer (automatic),75.98,3725.54,No
CUST-04396,Female,0,Yes,No,3,Yes,No,Fiber optic,No,No,No,Yes,Yes,Yes,Two year,Yes,Bank transfer (automatic),36.34,107.91,No
CUST-04397,Female,0,Yes,No,51,Yes,Yes,DSL,No,Yes,No,No,Yes,Yes,Month-to-month,Yes,Electronic check,112.79,5755.57,Yes
CUST-04398,Male,0,No,No,30,Yes,No,DSL,No,No,Yes,No,No,Yes,Month-to-month,Yes,Electronic check,82.97,2487.26,No
CUST-04399,Male,0,No,No,13,Yes,No,DSL,Yes,Yes,Yes,Yes,Yes,Yes,Month-to-month,No,Mailed check,66.9,875.29,No
CUST-04400,Female,1,No,Yes,0,Yes,No,Fiber optic,No,No,No,Yes,No,Yes,Month-to-month,No,Electronic check,104.14,0.06,Yes
CUST-04401,Male,0,No,No,42,Yes,Yes,DSL,No,No,Yes,Yes,Yes,Yes,Two year,Yes,Electronic check,113.33,4753.82,No
CUST-04402,Female,0,Yes,No,58,No,No phone service,Fiber optic,Yes,Yes,No,Yes,No,No,Month-to-month,No,Credit card (automatic),55.12,3192.68,No
CUST-04403,Male,0,No,No,60,No,No phone service,DSL,Yes,No,Yes,No,No,No,Two year,No,Credit card (automatic),69.58,4169.01,No
CUST-04404,Female,0,No,No,40,Yes,Yes,No,No internet service,No internet service,No internet service,No internet service,No internet service,No internet service,Month-to-month,No,Mailed check,29.51,1174.89,No
CUST-04405,Male,0,Yes,Yes,17,Yes,Yes,Fiber optic,Yes,No,No,Yes,Yes,No,Two year,No,Mailed check,113.99,1931.26,No
CUST-04406,Male,0,Yes,No,59,Yes,No,DSL,Yes,Yes,No,Yes,No,Yes,One year,No,Bank transfer (automatic),30.07,1768.7,No
CUST-04407,Female,0,Yes,No,68,Yes,Yes,Fiber optic,Yes,Yes,No,No,No,No,Month-to-month,No,Credit card (automatic),110.9,7541.17,No
CUST-04408,Female,0,Yes,No,58,No,No phone service,Fiber optic,No,No,Yes,Yes,Yes,Yes,Two year,Yes,Credit card (automatic),37.1,2155.49,No
CUST-04409,Female,0,No,No,41,Yes,No,No,No internet service,No internet service,No internet service,No internet service,No internet service,No internet service,One year,No,Mailed check,108.88,4457.32,No
CUST-04410,Female,0,Yes,No,35,Yes,Yes,Fiber optic,No,Yes,No,Yes,No,No,Two year,No,Electronic check,63.23,2209.03,No
CUST-04411,Female,1,Yes,Yes,39,Yes,Yes,Fiber optic,Yes,No,Yes,Yes,No,No,Month-to-month,No,Bank transfer (automatic),77.21,3015.21,No
CUST-04412,Male,0,Yes,Yes,29,No,No phone service,Fiber optic,No,Yes,No,Yes,Yes,Yes,Month-to-month,Yes,Electronic check,21.56,624.45,Yes
CUST-04413,Female,0,Yes,Yes,10,Yes,No,Fiber optic,Yes,Yes,Yes,Yes,Yes,Yes,Two year,No,Credit card (automatic),57.44,565.84,No
CUST-04414,Female,0,Yes,No,24,Yes,Yes,No,No internet service,No internet service,No internet service,No internet service,No internet service,No internet service,Month-to-month,No,Mailed check,67.34,1616.35,Yes
CUST-04415,Male,0,Yes,No,44,No,No phone service,DSL,Yes,Yes,Yes,Yes,Yes,Yes,Two year,Yes,Bank transfer (automatic),18.94,835.17,No
CUST-04416,Male,1,No,No,50,Yes,No,Fiber optic,No,No,Yes,Yes,Yes,Yes,Two year,No,Bank transfer (automatic),84.09,4206.07,No
CUST-04417,Female,1,No,No,42,Yes,Yes,Fiber optic,No,No,No,Yes,Yes,No,Month-to-month,No,Credit card (automatic),101.89,4290.61,No
CUST-04418,Male,0,No,No,65,Yes,No,Fiber optic,Yes,No,No,Yes,No,Yes,Month-to-month,No,Bank transfer (automatic),20.48,1327.43,No
CUST-04419,Male,0,Yes,No,46,Yes,No,DSL,No,No,Yes,Yes,No,Yes,One year,No,Mailed check,67.25,3099.0,No
CUST-04420,Female,0,Yes,No,23,Yes,No,DSL,No,Yes,Yes,No,No,Yes,Month-to-month,Yes,Credit card (automatic),21.37,491.39,No
CUST-04421,Male,0,No,No,36,Yes,No,Fiber optic,No,Yes,No,No,Yes,Yes,Month-to-month,No,Mailed check,105.33,3794.22,No
CUST-04422,Male,0,No,Yes,55,Yes,Yes,Fiber optic,No,Yes,No,No,No,No,Month-to-month,Yes,Mailed check,34.08,1871.14,No
CUST-04423,Female,1,No,No,45,Yes,No,DSL,Yes,No,No,Yes,Yes,Yes,Month-to-month,Yes,Credit card (automatic),23.85,1069.89,No
CUST-04424,Female,1,No,No,27,Yes,No,DSL,Yes,Yes,No,No,No,No,Two year,Yes,Bank transfer (automatic),103.77,2795.54,No
CUST-04425,Male,1,Yes,No,51,Yes,No,Fiber optic,No,Yes,Yes,Yes,No,Yes,Month-to-month,Yes,Credit card (automatic),62.45,3177.61,Yes
CUST-04426,Male,0,No,No,14,Yes,Yes,DSL,No,Yes,Yes,Yes,Yes,No,Month-to-month,Yes,Mailed check,27.54,388.92,No
CUST-04427,Female,0,Yes,No,44,Yes,Yes,No,No internet service,No internet service,No internet service,No internet service,No internet service,No internet service,Month-to-month,No,Mailed check,82.79,3640.08,No
CUST-04428,Male,0,Yes,No,57,No,No phone service,DSL,Yes,No,Yes,No,No,Yes,Two year,No,Electronic check,88.56,5060.65,No
CUST-04429,Male,0,Yes,No,66,Yes,No,DSL,No,No,No,No,No,No,Month-to-month,Yes,Mailed check,74.83,4936.41,No
CUST-04430,Male,0,No,No,71,Yes,Yes,DSL,Yes,No,Yes,Yes,No,No,Month-to-month,Yes,Mailed check,51.21,3639.27,No
CUST-04431,Female,0,No,No,40,Yes,Yes,DSL,No,Yes,No,No,Yes,Yes,Two year,Yes,Mailed check,60.45,2418.28,No
CUST-04432,Male,0,No,Yes,64,Yes,Yes,No,No internet service,No internet service,No internet service,No internet service,No internet service,No internet service,Month-to-month,No,Credit card (automatic),113.48,7253.59,No
CUST-04433,Male,0,Yes,No,39,Yes,No,DSL,Yes,Yes,No,No,No,No,Month-to-month,Yes,Mailed check,71.44,2779.43,No
CUST-04434,Female,1,Yes,Yes,4,Yes,Yes,DSL,Yes,No,No,Yes,Yes,No,Two year,No,Credit card (automatic),57.71,223.29,No
CUST-04435,Male,1,No,No,27,Yes,Yes,No,No internet service,No internet service,No internet service,No internet service,No internet service,No internet service,One year,No,Credit card (automatic),88.82,2405.48,No
CUST-04436,Male,1,Yes,No,37,No,No phone service,DSL,No,Yes,Yes,No,Yes,No,One year,No,Electronic check,25.62,954.43,No
CUST-04437,Female,0,No,No,17,Yes,No,DSL,Yes,No,Yes,No,No,No,Month-to-month,No,Mailed check,47.02,808.98,No
CUST-04438,Female,0,Yes,No,36,Yes,Yes,DSL,No,No,Yes,No,No,No,Month-to-month,No,Mailed check,40.65,1452.3,No
CUST-04439,Female,0,Yes,No,26,Yes,No,Fiber optic,No,Yes,No,Yes,Yes,No,Month-to-month,Yes,Mailed check,86.01,2229.41,No
CUST-04440,Female,0,Yes,Yes,24,Yes,No,Fiber optic,No,Yes,Yes,No,No,No,One year,Yes,Mailed check,78.39,1884.38,No
CUST-04441,Male,1,Yes,Yes,68,Yes,No,No,No internet service,No internet service,No internet service,No internet service,No internet service,No internet service,Month-to-month,Yes,Bank transfer (automatic),93.94,6384.08,No
CUST-04442,Male,1,Yes,No,26,Yes,Yes,Fiber optic,No,No,Yes,No,Yes,Yes,One year,Yes,Mailed check,60.68,1581.15,No
CUST-04443,Female,0,Yes,No,53,No,No phone service,Fiber optic,Yes,No,Yes,Yes,No,No,Month-to-month,No,Electronic check,35.39,1873.44,No
CUST-04444,Female,0,Yes,Yes,6,Yes,No,No,No internet service,No internet service,No internet service,No internet service,No internet service,No internet service,One year,Yes,Credit card (automatic),36.28,214.94,No
CUST-04445,Male,0,No,Yes,26,Yes,No,Fiber optic,No,No,No,No,Yes,No,One year,Yes,Bank transfer (automatic),107.23,2778.9,No
CUST-04446,Female,0,Yes,No,58,Yes,No,DSL,No,Yes,Yes,Yes,No,No,Two year,No,Mailed check,25.49,1475.54,No
CUST-04447,Male,1,Yes,No,71,Yes,No,Fiber optic,Yes,No,No,Yes,No,No,Two year,Yes,Electronic check,77.41,5497.96,No
CUST-04448,Female,0,No,No,30,Yes,No,Fiber optic,Yes,No,No,Yes,No,Yes,One year,No,Mailed check,41.17,1230.16,Yes
CUST-04449,Male,0,No,No,67,Yes,No,DSL,Yes,No,No,Yes,No,Yes,One year,No,Bank transfer (automatic),39.43,2642.15,No
CUST-04450,Female,0,No,Yes,3,No,No phone service,DSL,Yes,Yes,Yes,No,No,Yes,Month-to-month,No,Bank transfer (automatic),27.84,78.29,No
CUST-04451,Female,0,No,No,17,Yes,No,Fiber optic,Yes,No,Yes,No,Yes,No,Two year,No,Electronic check,115.93,1966.94,No
CUST-04452,Male,0,Yes,Yes,62,Yes,Yes,DSL,Yes,No,Yes,Yes,Yes,Yes,One year,No,Credit card (automatic),24.1,1490.68,No
CUST-04453,Female,1,Yes,No,51,Yes,No,Fiber optic,No,Yes,No,Yes,Yes,No,Month-to-month,No,Electronic check,32.78,1674.1,No
CUST-04454,Male,0,No,No,62,Yes,No,DSL,No,Yes,No,Yes,Yes,Yes,Two year,No,Bank transfer (automatic),54.52,3384.53,No
CUST-04455,Male,0,Yes,No,44,Yes,No,Fiber optic,No,No,No,No,No,Yes,One year,Yes,Mailed check,63.58,2806.71,No
CUST-04456,Male,0,No,No,11,Yes,No,DSL,Yes,No,No,Yes,No,No,One year,Yes,Bank transfer (automatic),113.08,1247.78,No
CUST-04457,Male,0,Yes,No,7,Yes,No,Fiber optic,Yes,No,No,No,No,No,Month-to-month,No,Mailed check,42.18,297.08,No
CUST-04458,Male,0,Yes,No,21,Yes,No,Fiber optic,Yes,No,Yes,Yes,No,No,Two year,Yes,Electronic check,90.1,1900.97,No
CUST-04459,Female,0,Yes,No,40,Yes,Yes,No,No internet service,No internet service,No internet service,No internet service,No internet service,No internet service,Two year,Yes,Bank transfer (automatic),83.64,3346.97,No
CUST-04460,Female,0,Yes,No,40,Yes,No,Fiber optic,Yes,No,Yes,No,No,Yes,Month-to-month,No,Mailed check,69.75,2793.07,No
CUST-04461,Male,0,Yes,No,56,Yes,No,Fiber optic,Yes,Yes,No,Yes,No,Yes,One year,Yes,Credit card (automatic),44.61,2502.94,No
CUST-04462,Female,0,No,No,31,Yes,Yes,No,No internet service,No internet service,No internet service,No internet service,No internet service,No internet service,Month-to-month,Yes,Credit card (automatic),33.66,1044.33,No
CUST-04463,Male,0,Yes,Yes,54,Yes,Yes,DSL,Yes,Yes,Yes,No,No,No,Two year,No,Credit card (automatic),35.65,1924.76,No
CUST-04464,Female,0,Yes,No,5,Yes,Yes,DSL,No,Yes,Yes,Yes,Yes,No,One year,No,Mailed check,52.6,262.17,No
CUST-04465,Female,0,Yes,No,38,Yes,No,Fiber optic,Yes,No,No,Yes,No,Yes,Two year,Yes,Bank transfer (automatic),31.71,1202.12,No
CUST-04466,Female,0,Yes,No,8,Yes,No,DSL,Yes,Yes,No,No,Yes,Yes,Month-to-month,No,Bank transfer (automatic),117.86,940.4,No
CUST-04467,Female,0,Yes,No,31,Yes,No,No,No internet service,No internet service,No internet service,No internet service,No internet service,No internet service,Month-to-month,Yes,Mailed check,62.58,1945.29,No
CUST-04468,Male,0,No,No,35,Yes,No,Fiber optic,No,Yes,Yes,Yes,Yes,No,Two year,No,Mailed check,71.9,2511.02,No
CUST-04469,Male,0,Yes,No,15,Yes,No,Fiber optic,No,Yes,Yes,Yes,Yes,No,Month-to-month,Yes,Electronic check,79.65,1195.44,No
CUST-04470,Female,1,No,Yes,11,Yes,No,Fiber optic,No,Yes,Yes,No,No,No,Month-to-month,Yes,Mailed check,37.58,413.26,No
CUST-04471,Female,0,Yes,No,40,Yes,Yes,No,No internet service,No internet service,No internet service,No internet service,No internet service,No internet service,Two year,Yes,Bank transfer (automatic),66.18,2640.07,No
CUST-04472,Male,0,Yes,No,66,Yes,No,DSL,Yes,No,Yes,No,Yes,Yes,Month-to-month,Yes,Bank transfer (automatic),24.29,1607.33,No
CUST-04473,Female,1,No,No,57,Yes,No,Fiber optic,No,Yes,No,No,No,Yes,Month-to-month,Yes,Mailed check,114.92,6543.76,No
CUST-04474,Male,0,Yes,No,8,Yes,Yes,DSL,No,Yes,Yes,No,Yes,Yes,Month-to-month,No,Mailed check,65.28,518.51,No
CUST-04475,Male,0,Yes,No,16,Yes,No,No,No internet service,No internet service,No internet service,No internet service,No internet service,No internet service,One year,Yes,Mailed check,20.97,335.09,No
CUST-04476,Male,0,No,Yes,4,Yes,Yes,Fiber optic,Yes,No,No,No,Yes,No,Month-to-month,Yes,Electronic check,77.91,319.09,Yes
CUST-04477,Female,0,Yes,No,25,Yes,Yes,No,No internet service,No internet service,No internet service,No internet service,No internet service,No internet service,Two year,Yes,Bank transfer (automatic),28.01,702.85,No
CUST-04478,Male,0,No,Yes,0,Yes,Yes,Fiber optic,No,No,Yes,No,Yes,No,Month-to-month,Yes,Bank transfer (automatic),97.0,1.55,No
CUST-04479,Female,0,No,No,0,Yes,Yes,DSL,No,Yes,No,No,No,Yes,Two year,No,Credit card (automatic),113.34,6.76,No
CUST-04480,Male,0,No,No,34,Yes,No,No,No internet service,No internet service,No internet service,No internet service,No internet service,No internet service,One year,Yes,Mailed check,109.66,3727.12,No
CUST-04481,Female,1,Yes,No,8,Yes,No,No,No internet service,No internet service,No internet service,No internet service,No internet service,No internet service,One year,Yes,Electronic check,60.78,496.23,No
CUST-04482,Female,0,Yes,No,37,Yes,No,DSL,Yes,Yes,Yes,Yes,Yes,No,Month-to-month,No,Credit card (automatic),89.26,3305.14,No
CUST-04483,Female,0,No,No,3,Yes,No,DSL,Yes,Yes,No,No,No,No,Month-to-month,Yes,Electronic check,33.58,101.41,Yes
CUST-04484,Male,0,Yes,Yes,51,Yes,No,DSL,Yes,No,No,No,Yes,No,One year,Yes,Mailed check,25.57,1295.09,No
CUST-04485,Male,0,No,No,18,Yes,No,Fiber optic,No,No,Yes,Yes,No,Yes,Two year,Yes,Bank transfer (automatic),100.11,1806.86,No
CUST-04486,Female,0,Yes,Yes,4,Yes,Yes,No,No internet service,No internet service,No internet service,No internet service,No internet service,No internet service,Month-to-month,No,Electronic check,87.52,352.77,No
CUST-04487,Female,0,No,No,47,Yes,Yes,DSL,Yes,No,No,No,No,Yes,Two year,No,Mailed check,108.71,5108.26,No
CUST-04488,Female,0,Yes,Yes,62,Yes,Yes,Fiber optic,Yes,Yes,Yes,No,No,No,Month-to-month,Yes,Credit card (automatic),109.46,6784.0,No
CUST-04489,Male,0,No,No,37,Yes,Yes,Fiber optic,Yes,No,Yes,Yes,Yes,No,Month-to-month,Yes,Bank transfer (automatic),52.73,1961.08,No
CUST-04490,Male,1,Yes,No,51,Yes,Yes,DSL,No,Yes,No,Yes,No,Yes,Month-to-month,No,Bank transfer (automatic),49.86,2538.88,No
CUST-04491,Male,0,No,No,45,No,No phone service,DSL,Yes,No,Yes,Yes,No,No,Two year,Yes,Mailed check,62.19,2800.29,No
CUST-04492,Male,0,Yes,Yes,8,Yes,No,Fiber optic,Yes,Yes,No,Yes,Yes,Yes,One year,Yes,Bank transfer (automatic),84.57,676.73,No
CUST-04493,Female,0,No,No,49,Yes,Yes,No,No internet service,No internet service,No internet service,No internet service,No internet service,No internet service,Month-to-month,Yes,Electronic check,18.5,909.94,No
CUST-04494,Female,0,Yes,No,65,Yes,Yes,Fiber optic,Yes,No,Yes,No,No,No,Two year,Yes,Bank transfer (automatic),71.46,4635.29,No
CUST-04495,Male,0,Yes,No,37,No,No phone service,Fiber optic,No,Yes,Yes,Yes,No,No,One year,Yes,Electronic check,19.97,742.25,No
CUST-04496,Male,0,No,Yes,26,Yes,No,DSL,Yes,No,Yes,No,No,Yes,Two year,Yes,Credit card (automatic),63.07,1647.82,No
CUST-04497,Female,0,Yes,No,19,Yes,No,DSL,Yes,Yes,Yes,Yes,Yes,Yes,Two year,Yes,Electronic check,26.23,488.86,No
CUST-04498,Male,0,Yes,No,61,Yes,No,DSL,No,No,Yes,No,No,Yes,One year,Yes,Mailed check,74.22,4522.68,No
CUST-04499,Male,0,Yes,Yes,15,Yes,No,DSL,Yes,Yes,No,No,No,No,Two year,Yes,Mailed check,49.43,744.28,No
CUST-04500,Male,0,Yes,No,12,Yes,Yes,Fiber optic,No,No,Yes,Yes,Yes,Yes,Month-to-month,No,Bank transfer (automatic),65.89,790.01,No
CUST-04501,Male,0,No,No,19,Yes,Yes,Fiber optic,Yes,No,No,Yes,Yes,No,Two year,No,Electronic check,113.77,2165.03,No
CUST-04502,Male,0,Yes,No,23,Yes,Yes,DSL,No,Yes,Yes,No,No,Yes,Two year,Yes,Credit card (automatic),52.1,1202.02,No
CUST-04503,Male,0,Yes,Yes,49,Yes,No,Fiber optic,No,Yes,Yes,No,No,Yes,Month-to-month,Yes,Electronic check,89.93,4407.7,No
CUST-04504,Female,0,No,Yes,6,Yes,Yes,DSL,No,Yes,Yes,Yes,Yes,No,Two year,Yes,Electronic check,86.33,526.79,Yes
CUST-04505,Male,0,Yes,Yes,28,Yes,Yes,No,No internet service,No internet service,No internet service,No internet service,No internet service,No internet service,Month-to-month,Yes,Electronic check,104.89,2940.68,No
CUST-04506,Male,0,No,No,4,Yes,Yes,Fiber optic,Yes,Yes,Yes,No,Yes,Yes,Month-to-month,Yes,Electronic check,51.44,199.13,No
CUST-04507,Female,0,Yes,No,34,Yes,No,Fiber optic,No,No,Yes,No,No,No,Two year,Yes,Bank transfer (automatic),23.61,806.24,No
CUST-04508,Female,0,No,No,64,Yes,No,Fiber optic,Yes,Yes,No,No,Yes,No,Month-to-month,Yes,Electronic check,115.06,7363.68,No
CUST-04509,Female,0,Yes,No,69,Yes,No,Fiber optic,Yes,Yes,No,Yes,Yes,No,Month-to-month,Yes,Credit card (automatic),54.24,3745.3,No
CUST-04510,Male,0,No,Yes,6,Yes,No,Fiber optic,Yes,No,Yes,No,Yes,No,Month-to-month,No,Mailed check,37.37,230.06,No
CUST-04511,Female,0,No,Yes,43,Yes,Yes,No,No internet service,No internet service,No internet service,No internet service,No internet service,No internet service,One year,Yes,Mailed check,109.41,4712.71,No
CUST-04512,Male,1,No,No,71,Yes,Yes,Fiber optic,No,Yes,Yes,No,Yes,Yes,Two year,Yes,Electronic check,37.06,2631.68,No
CUST-04513,Male,1,Yes,Yes,12,No,No phone service,Fiber optic,No,Yes,No,No,No,No,Month-to-month,Yes,Bank transfer (automatic),70.88,854.75,No
CUST-04514,Male,0,No,No,37,Yes,No,Fiber optic,Yes,No,No,Yes,Yes,No,Two year,No,Mailed check,93.55,3455.95,No
CUST-04515,Female,0,Yes,No,12,Yes,No,Fiber optic,No,No,Yes,No,No,No,Month-to-month,Yes,Bank transfer (automatic),91.1,1090.88,No
CUST-04516,Female,0,No,Yes,53,Yes,Yes,No,No internet service,No internet service,No internet service,No internet service,No internet service,No internet service,Two year,Yes,Mailed check,20.95,1107.54,No
CUST-04517,Female,0,No,No,43,No,No phone service,Fiber optic,Yes,No,Yes,No,No,No,Two year,No,Electronic check,38.24,1649.49,No
CUST-04518,Female,0,No,No,12,No,No phone service,DSL,Yes,No,Yes,Yes,No,Yes,Month-to-month,No,Mailed check,106.85,1290.84,No
CUST-04519,Female,0,Yes,No,24,Yes,No,Fiber optic,Yes,Yes,No,No,No,No,Two year,No,Credit card (automatic),73.32,1775.63,No
CUST-04520,Male,1,Yes,No,23,Yes,No,No,No internet service,No internet service,No internet service,No internet service,No internet service,No internet service,Month-to-month,No,Electronic check,86.72,1998.87,No
CUST-04521,Male,1,No,Yes,28,Yes,No,No,No internet service,No internet service,No internet service,No internet service,No internet service,No internet service,Two year,No,Electronic check,58.23,1636.06,No
CUST-04522,Male,0,No,No,69,Yes,Yes,Fiber optic,No,No,Yes,No,No,Yes,Month-to-month,Yes,Credit card (automatic),92.52,6375.23,Yes
CUST-04523,Male,0,No,No,17,Yes,No,DSL,Yes,Yes,No,No,No,No,Two year,Yes,Electronic check,46.91,788.53,No
CUST-04524,Female,0,No,No,4,Yes,Yes,Fiber optic,No,No,No,Yes,Yes,Yes,Month-to-month,No,Mailed check,41.2,160.46,No
CUST-04525,Female,0,No,Yes,17,Yes,Yes,DSL,No,Yes,No,No,Yes,No,Month-to-month,No,Credit card (automatic),117.71,1994.8,No
CUST-04526,Male,0,No,No,62,Yes,No,Fiber optic,No,No,Yes,No,No,No,Month-to-month,No,Bank transfer (automatic),33.77,2096.3,No
CUST-04527,Female,0,No,No,36,No,No phone service,Fiber optic,Yes,No,No,No,Yes,Yes,Month-to-month,No,Credit card (automatic),116.14,4189.72,No
CUST-04528,Female,0,No,No,70,Yes,No,No,No internet service,No internet service,No internet service,No internet service,No internet service,No internet service,One year,No,Mailed check,110.65,7745.56,No
CUST-04529,Male,0,Yes,No,54,Yes,No,DSL,No,No,Yes,Yes,Yes,Yes,Month-to-month,No,Bank transfer (automatic),89.47,4828.1,No
CUST-04530,Male,0,No,No,11,Yes,No,No,No internet service,No internet service,No internet service,No internet service,No internet service,No internet service,Month-to-month,No,Electronic check,76.2,839.73,No
CUST-04531,Female,1,Yes,No,51,Yes,No,DSL,No,No,No,No,Yes,Yes,Two year,No,Bank transfer (automatic),18.45,937.35,No
CUST-04532,Female,0,No,No,56,Yes,Yes,Fiber optic,No,No,Yes,Yes,No,Yes,Month-to-month,Yes,Credit card (automatic),81.53,4562.96,No
CUST-04533,Male,0,Yes,Yes,45,Yes,Yes,DSL,No,Yes,No,No,Yes,No,Month-to-month,Yes,Electronic check,95.24,4284.83,No
CUST-04534,Male,0,Yes,No,43,Yes,No,No,No internet service,No internet service,No internet service,No internet service,No internet service,No internet service,One year,No,Credit card (automatic),91.29,3927.41,No
CUST-04535,Male,0,No,No,23,Yes,No,Fiber optic,No,Yes,Yes,No,Yes,Yes,Month-to-month,No,Credit card (automatic),35.21,801.5,No
CUST-04536,Female,0,Yes,No,8,Yes,Yes,DSL,No,Yes,Yes,Yes,No,Yes,Month-to-month,No,Credit card (automatic),72.45,569.45,No
CUST-04537,Male,0,Yes,No,11,Yes,Yes,DSL,No,Yes,Yes,Yes,No,No,One year,Yes,Credit card (automatic),73.02,798.92,No
CUST-04538,Male,1,No,No,8,No,No phone service,Fiber optic,No,Yes,No,No,Yes,Yes,Month-to-month,Yes,Mailed check,83.29,668.93,No
CUST-04539,Female,0,No,No,21,Yes,Yes,DSL,Yes,Yes,Yes,No,Yes,No,One year,Yes,Bank transfer (automatic),101.09,2116.56,No
CUST-04540,Female,0,No,Yes,16,No,No phone service,DSL,Yes,No,Yes,Yes,No,No,Two year,No,Credit card (automatic),87.82,1414.29,No
CUST-04541,Female,0,Yes,Yes,32,Yes,Yes,Fiber optic,Yes,No,Yes,Yes,No,No,Month-to-month,No,Bank transfer (automatic),32.13,1032.42,No
CUST-04542,Female,1,No,No,46,Yes,Yes,Fiber optic,No,No,No,No,Yes,Yes,Two year,Yes,Bank transfer (automatic),19.9,918.75,No
CUST-04543,Female,0,Yes,No,14,Yes,No,DSL,Yes,Yes,Yes,Yes,Yes,No,Month-to-month,Yes,Mailed check,31.66,447.52,No
CUST-04544,Male,0,No,No,32,Yes,No,Fiber optic,No,Yes,Yes,Yes,Yes,Yes,Month-to-month,Yes,Credit card (automatic),22.03,707.09,Yes
CUST-04545,Male,0,No,No,14,Yes,Yes,Fiber optic,No,No,Yes,Yes,Yes,Yes,One year,No,Credit card (automatic),61.68,866.05,No
CUST-04546,Female,0,Yes,No,26,Yes,No,No,No internet service,No internet service,No internet service,No internet service,No internet service,No internet service,Month-to-month,No,Bank transfer (automatic),46.38,1212.09,Yes
CUST-04547,Female,0,Yes,No,60,Yes,Yes,No,No internet service,No internet service,No internet service,No internet service,No internet service,No internet service,Month-to-month,Yes,Credit card (automatic),18.73,1128.8,No
CUST-04548,Female,0,Yes,Yes,67,Yes,No,Fiber optic,Yes,No,Yes,Yes,Yes,No,Month-to-month,No,Electronic check,26.03,1745.51,No
CUST-04549,Female,0,No,No,47,Yes,Yes,No,No internet service,No internet service,No internet service,No internet service,No internet service,No internet service,Month-to-month,Yes,Mailed check,57.75,2723.87,No
CUST-04550,Female,0,No,No,7,Yes,No,Fiber optic,Yes,Yes,No,Yes,No,Yes,Month-to-month,No,Electronic check,111.98,784.25,Yes
CUST-04551,Male,0,No,No,5,Yes,Yes,DSL,No,No,Yes,No,Yes,No,One year,Yes,Electronic check,117.48,585.12,No
CUST-04552,Male,0,Yes,No,62,Yes,No,Fiber optic,Yes,Yes,Yes,No,No,No,Month-to-month,Yes,Mailed check,23.01,1419.2,No
CUST-04553,Male,0,Yes,No,1,Yes,Yes,No,No internet service,No internet service,No internet service,No internet service,No internet service,No internet service,Two year,No,Credit card (automatic),101.06,97.45,No
CUST-04554,Male,0,Yes,No,21,Yes,No,No,No internet service,No internet service,No internet service,No internet service,No internet service,No internet service,Month-to-month,Yes,Credit card (automatic),66.03,1392.64,No
CUST-04555,Female,0,Yes,No,20,Yes,No,No,No internet service,No internet service,No internet service,No internet service,No internet service,No internet service,Month-to-month,Yes,Electronic check,80.1,1601.83,Yes
CUST-04556,Male,0,No,No,5,No,No phone service,Fiber optic,No,Yes,No,Yes,Yes,Yes,Two year,Yes,Credit card (automatic),68.6,345.4,No
CUST-04557,Female,1,Yes,No,69,Yes,No,Fiber optic,No,No,Yes,Yes,No,Yes,One year,No,Credit card (automatic),110.45,7621.45,No
CUST-04558,Female,1,Yes,No,12,Yes,No,DSL,No,Yes,No,Yes,Yes,Yes,Month-to-month,No,Credit card (automatic),65.85,784.19,Yes
CUST-04559,Female,0,No,No,0,Yes,Yes,DSL,Yes,Yes,No,Yes,No,Yes,Month-to-month,Yes,Bank transfer (automatic),34.8,0.0,No
CUST-04560,Male,0,No,Yes,21,Yes,No,Fiber optic,Yes,No,Yes,Yes,No,Yes,Two year,No,Electronic check,95.99,2011.62,No
CUST-04561,Female,0,Yes,No,23,Yes,No,Fiber optic,No,No,No,Yes,Yes,No,One year,No,Bank transfer (automatic),69.38,1593.56,No
CUST-04562,Male,1,Yes,Yes,63,Yes,Yes,DSL,Yes,Yes,No,No,No,Yes,Month-to-month,Yes,Credit card (automatic),29.71,1867.29,No
CUST-04563,Male,0,Yes,No,40,Yes,Yes,Fiber optic,No,No,Yes,No,No,No,Two year,No,Mailed check,64.16,2568.81,No
CUST-04564,Female,0,Yes,No,21,Yes,No,Fiber optic,Yes,No,Yes,No,No,No,Two year,Yes,Credit card (automatic),86.74,1825.6,No
CUST-04565,Female,0,Yes,Yes,60,Yes,No,No,No internet service,No internet service,No internet service,No internet service,No internet service,No internet service,Two year,Yes,Electronic check,47.58,2854.98,No
CUST-04566,Female,1,Yes,No,11,Yes,No,DSL,Yes,Yes,No,No,No,No,Two year,Yes,Electronic check,109.2,1191.25,No
CUST-04567,Male,0,No,No,3,Yes,Yes,Fiber optic,Yes,Yes,Yes,No,No,Yes,Month-to-month,No,Bank transfer (automatic),103.0,302.24,Yes
CUST-04568,Female,0,No,No,11,Yes,No,Fiber optic,No,Yes,Yes,No,No,No,Month-to-month,No,Electronic check,74.79,825.92,No
CUST-04569,Male,0,No,No,32,Yes,Yes,DSL,Yes,Yes,No,No,No,No,Month-to-month,Yes,Credit card (automatic),23.44,746.3,No
CUST-04570,Female,0,No,No,20,Yes,Yes,Fiber optic,Yes,No,Yes,Yes,No,Yes,Month-to-month,No,Bank transfer (automatic),76.33,1522.83,No
CUST-04571,Female,0,Yes,No,71,Yes,Yes,DSL,No,No,No,Yes,No,No,Two year,No,Credit card (automatic),59.56,4229.1,No
CUST-04572,Male,0,Yes,No,71,Yes,No,Fiber optic,No,Yes,Yes,No,Yes,No,Two year,Yes,Credit card (automatic),90.41,6415.18,No
CUST-04573,Male,0,Yes,No,51,Yes,No,Fiber optic,Yes,No,No,No,No,No,Two year,No,Electronic check,44.7,2269.09,No
CUST-04574,Male,1,Yes,Yes,46,Yes,No,No,No internet service,No internet service,No internet service,No internet service,No internet service,No internet service,One year,Yes,Mailed check,78.58,3610.06,No
CUST-04575,Male,0,No,No,58,Yes,No,No,No internet service,No internet service,No internet service,No internet service,No internet service,No internet service,One year,No,Bank transfer (automatic),73.44,4257.5,No
CUST-04576,Male,0,Yes,No,46,Yes,Yes,DSL,Yes,No,Yes,No,Yes,No,One year,No,Credit card (automatic),70.69,3248.97,No
CUST-04577,Male,0,Yes,No,55,Yes,No,No,No internet service,No internet service,No internet service,No internet service,No internet service,No internet service,Two year,Yes,Electronic check,29.59,1630.96,No
CUST-04578,Female,0,Yes,Yes,12,Yes,Yes,No,No internet service,No internet service,No internet service,No internet service,No internet service,No internet service,Month-to-month,Yes,Electronic check,66.99,804.32,No
CUST-04579,Female,0,Yes,No,43,Yes,No,Fiber optic,Yes,No,Yes,No,Yes,Yes,Month-to-month,Yes,Bank transfer (automatic),73.06,3141.67,No
CUST-04580,Male,0,No,No,34,Yes,Yes,DSL,No,No,No,Yes,No,No,Month-to-month,Yes,Credit card (automatic),110.77,3771.96,No
CUST-04581,Female,0,Yes,No,28,Yes,No,DSL,No,No,Yes,No,No,No,Two year,Yes,Electronic check,64.09,1786.72,No
CUST-04582,Male,1,No,No,55,No,No phone service,No,No internet service,No internet service,No internet service,No internet service,No internet service,No internet service,Month-to-month,Yes,Electronic check,81.99,4517.27,No
CUST-04583,Female,1,Yes,No,4,Yes,Yes,Fiber optic,No,Yes,No,No,Yes,No,One year,Yes,Bank transfer (automatic),74.92,307.94,No
CUST-04584,Female,1,Yes,No,66,Yes,No,DSL,Yes,Yes,No,No,Yes,Yes,Two year,Yes,Credit card (automatic),37.52,2475.74,No
CUST-04585,Male,0,Yes,No,52,Yes,No,Fiber optic,Yes,Yes,Yes,No,Yes,No,Two year,No,Bank transfer (automatic),36.44,1892.92,No
CUST-04586,Male,0,No,No,59,Yes,Yes,DSL,Yes,Yes,No,Yes,Yes,No,Month-to-month,Yes,Mailed check,91.94,5431.17,No
CUST-04587,Male,0,Yes,No,5,Yes,Yes,No,No internet service,No internet service,No internet service,No internet service,No internet service,No internet service,One year,Yes,Mailed check,70.31,350.23,No
CUST-04588,Female,0,Yes,Yes,47,Yes,Yes,No,No internet service,No internet service,No internet service,No internet service,No internet service,No internet service,Month-to-month,Yes,Bank transfer (automatic),107.6,5058.97,No
CUST-04589,Male,0,Yes,No,34,Yes,Yes,Fiber optic,No,No,Yes,Yes,No,No,One year,No,Electronic check,108.82,3701.27,No
CUST-04590,Female,0,No,No,17,No,No phone service,DSL,No,Yes,No,No,Yes,No,One year,Yes,Bank transfer (automatic),47.71,813.52,No
CUST-04591,Male,0,No,No,10,Yes,No,Fiber optic,No,Yes,Yes,No,No,No,Two year,Yes,Electronic check,28.15,276.0,No
CUST-04592,Female,0,Yes,No,50,Yes,Yes,DSL,Yes,No,No,No,Yes,No,Month-to-month,Yes,Mailed check,52.41,2622.7,No
CUST-04593,Female,0,No,No,22,Yes,No,DSL,No,Yes,Yes,No,No,No,Month-to-month,Yes,Credit card (automatic),24.7,538.99,No
CUST-04594,Male,0,Yes,Yes,46,Yes,No,Fiber optic,Yes,No,No,Yes,No,No,One year,No,Bank transfer (automatic),96.13,4418.99,No
CUST-04595,Female,0,Yes,No,58,Yes,Yes,DSL,Yes,No,No,No,Yes,Yes,Month-to-month,No,Credit card (automatic),32.62,1896.6,No
CUST-04596,Female,0,No,No,56,Yes,Yes,Fiber optic,No,Yes,Yes,No,Yes,No,One year,Yes,Bank transfer (automatic),104.64,5857.32,No
CUST-04597,Male,0,Yes,Yes,55,Yes,No,DSL,No,No,No,Yes,Yes,Yes,Two year,Yes,Mailed check,59.53,3270.96,No
CUST-04598,Female,0,Yes,Yes,26,Yes,No,Fiber optic,No,No,No,No,Yes,Yes,Month-to-month,Yes,Bank transfer (automatic),45.86,1193.38,No
CUST-04599,Male,1,No,Yes,34,Yes,Yes,DSL,Yes,No,No,Yes,Yes,No,Month-to-month,No,Bank transfer (automatic),68.15,2323.83,No
CUST-04600,Male,0,No,No,54,No,No phone service,Fiber optic,Yes,Yes,No,No,Yes,Yes,One year,Yes,Bank transfer (automatic),78.55,4253.72,No
CUST-04601,Male,1,No,Yes,8,No,No phone service,Fiber optic,No,Yes,Yes,Yes,Yes,Yes,Month-to-month,No,Credit card (automatic),88.15,710.91,No
CUST-04602,Male,0,No,No,17,Yes,No,No,No internet service,No internet service,No internet service,No internet service,No internet service,No internet service,Two year,Yes,Bank transfer (automatic),51.82,886.59,No
CUST-04603,Female,0,Yes,No,43,Yes,Yes,Fiber optic,Yes,No,Yes,Yes,No,Yes,Month-to-month,Yes,Mailed check,116.3,5000.78,No
CUST-04604,Female,0,Yes,No,20,Yes,Yes,Fiber optic,No,Yes,Yes,Yes,No,No,Two year,Yes,Electronic check,60.23,1217.4,No
CUST-04605,Female,0,Yes,No,55,Yes,No,No,No internet service,No internet service,No internet service,No internet service,No internet service,No internet service,Two year,Yes,Mailed check,101.45,5580.74,No
CUST-04606,Male,0,Yes,No,47,Yes,Yes,Fiber optic,Yes,No,No,Yes,Yes,Yes,Two year,No,Mailed check,21.49,1009.85,Yes
CUST-04607,Female,0,Yes,No,0,Yes,Yes,Fiber optic,Yes,Yes,No,Yes,Yes,Yes,Month-to-month,Yes,Bank transfer (automatic),95.8,1.91,Yes
CUST-04608,Female,0,Yes,No,26,Yes,Yes,DSL,Yes,Yes,Yes,Yes,No,Yes,Two year,Yes,Mailed check,73.13,1902.7,No
CUST-04609,Male,0,Yes,No,44,Yes,No,No,No internet service,No internet service,No internet service,No internet service,No internet service,No internet service,Two year,Yes,Bank transfer (automatic),81.96,3599.67,No
CUST-04610,Male,0,Yes,No,62,Yes,No,Fiber optic,No,Yes,Yes,Yes,No,Yes,One year,Yes,Bank transfer (automatic),55.29,3424.49,Yes
CUST-04611,Female,0,No,No,57,Yes,Yes,DSL,No,Yes,No,Yes,No,No,Two year,No,Electronic check,72.48,4133.26,No
CUST-04612,Male,0,Yes,Yes,39,Yes,No,DSL,No,No,Yes,No,Yes,No,Month-to-month,Yes,Mailed check,111.22,4333.63,No
CUST-04613,Male,0,Yes,No,62,Yes,Yes,Fiber optic,Yes,Yes,No,No,Yes,No,Two year,Yes,Mailed check,56.6,3512.44,No
CUST-04614,Male,0,Yes,No,37,Yes,No,DSL,No,No,Yes,Yes,Yes,No,Month-to-month,Yes,Bank transfer (automatic),28.58,1057.64,No
CUST-04615,Male,0,Yes,No,28,Yes,No,Fiber optic,No,Yes,No,No,Yes,Yes,Month-to-month,Yes,Bank transfer (automatic),90.05,2526.08,No
CUST-04616,Female,0,Yes,No,39,No,No phone service,DSL,No,Yes,Yes,Yes,No,Yes,One year,Yes,Electronic check,68.52,2671.66,No
CUST-04617,Male,0,No,No,18,Yes,Yes,Fiber optic,Yes,No,No,Yes,No,No,Month-to-month,Yes,Credit card (automatic),60.49,1091.23,No
CUST-04618,Male,1,No,Yes,55,Yes,No,DSL,No,No,No,No,No,No,Month-to-month,No,Bank transfer (automatic),95.78,5258.84,No
CUST-04619,Male,0,No,No,43,Yes,No,Fiber optic,No,No,No,No,No,No,Month-to-month,No,Electronic check,74.22,3183.41,Yes
CUST-04620,Male,0,Yes,No,64,Yes,No,DSL,Yes,No,Yes,Yes,No,Yes,Month-to-month,Yes,Bank transfer (automatic),81.14,5188.94,No
CUST-04621,Male,0,Yes,No,12,Yes,No,Fiber optic,No,Yes,No,No,No,Yes,Month-to-month,No,Bank transfer (automatic),110.61,1328.87,No
CUST-04622,Male,0,Yes,No,29,Yes,Yes,No,No internet service,No internet service,No internet service,No internet service,No internet service,No internet service,Two year,Yes,Bank transfer (automatic),23.85,687.74,No
CUST-04623,Male,0,Yes,No,48,No,No phone service,No,No internet service,No internet service,No internet service,No internet service,No internet service,No internet service,One year,No,Credit card (automatic),44.24,2127.16,No
CUST-04624,Male,0,No,No,62,Yes,Yes,DSL,No,No,No,Yes,Yes,Yes,Month-to-month,No,Credit card (automatic),107.82,6686.77,No
CUST-04625,Female,0,No,No,70,Yes,Yes,Fiber optic,Yes,Yes,No,No,No,No,Month-to-month,No,Bank transfer (automatic),97.27,6806.61,Yes
CUST-04626,Male,0,Yes,No,34,Yes,No,Fiber optic,No,No,No,No,Yes,Yes,Month-to-month,Yes,Mailed check,36.86,1254.36,No
CUST-04627,Female,0,Yes,No,10,Yes,No,No,No internet service,No internet service,No internet service,No internet service,No internet service,No internet service,Month-to-month,Yes,Electronic check,34.91,346.88,No
CUST-04628,Male,0,No,Yes,48,Yes,No,No,No internet service,No internet service,No internet service,No internet service,No internet service,No internet service,Month-to-month,No,Mailed check,100.51,4826.06,No
CUST-04629,Male,0,No,No,39,Yes,Yes,DSL,Yes,Yes,Yes,No,Yes,Yes,One year,No,Mailed check,73.29,2855.76,No
CUST-04630,Male,0,No,No,20,Yes,Yes,DSL,Yes,Yes,No,No,Yes,Yes,Month-to-month,Yes,Electronic check,104.03,2082.58,Yes
CUST-04631,Male,1,No,Yes,46,Yes,No,Fiber optic,No,No,No,Yes,Yes,Yes,Month-to-month,Yes,Bank transfer (automatic),109.77,5056.22,Yes
CUST-04632,Female,0,No,Yes,2,Yes,No,DSL,Yes,No,Yes,No,No,No,Month-to-month,No,Credit card (automatic),24.95,43.72,No
CUST-04633,Male,0,No,No,29,Yes,No,No,No internet service,No internet service,No internet service,No internet service,No internet service,No internet service,Month-to-month,Yes,Bank transfer (automatic),114.98,3330.95,No
CUST-04634,Male,0,No,No,66,Yes,Yes,No,No internet service,No internet service,No internet service,No internet service,No internet service,No internet service,Month-to-month,Yes,Credit card (automatic),89.65,5913.64,No
CUST-04635,Female,1,Yes,No,61,Yes,Yes,Fiber optic,No,No,Yes,No,No,No,Month-to-month,Yes,Bank transfer (automatic),101.45,6190.01,Yes
CUST-04636,Female,0,Yes,No,36,Yes,No,DSL,No,No,Yes,No,No,No,Month-to-month,No,Electronic check,81.03,2921.27,No
CUST-04637,Male,0,No,No,21,Yes,Yes,Fiber optic,Yes,No,Yes,Yes,Yes,Yes,Month-to-month,No,Mailed check,48.52,1010.22,No
CUST-04638,Female,0,Yes,Yes,30,Yes,Yes,Fiber optic,No,Yes,Yes,Yes,No,Yes,Two year,No,Mailed check,77.94,2337.28,No
CUST-04639,Female,0,No,Yes,45,Yes,Yes,No,No internet service,No internet service,No internet service,No internet service,No internet service,No internet service,One year,Yes,Mailed check,69.59,3131.69,No
CUST-04640,Female,0,Yes,Yes,44,Yes,Yes,DSL,No,No,No,No,No,No,Month-to-month,Yes,Mailed check,111.21,4897.65,No
CUST-04641,Male,0,No,Yes,13,Yes,No,Fiber optic,No,No,Yes,Yes,No,Yes,Month-to-month,No,Electronic check,73.5,951.02,No
CUST-04642,Male,1,Yes,Yes,11,Yes,No,DSL,No,No,No,No,No,No,Two year,No,Mailed check,20.79,232.34,No
CUST-04643,Male,0,No,No,62,Yes,No,Fiber optic,Yes,Yes,Yes,Yes,No,Yes,Month-to-month,Yes,Credit card (automatic),86.61,5371.29,No
CUST-04644,Female,0,Yes,No,37,Yes,Yes,No,No internet service,No internet service,No internet service,No internet service,No internet service,No internet service,Month-to-month,No,Electronic check,23.05,861.72,No
CUST-04645,Male,0,Yes,No,46,Yes,No,No,No internet service,No internet service,No internet service,No internet service,No internet service,No internet service,Month-to-month,No,Mailed check,112.4,5181.37,No
CUST-04646,Female,0,No,No,53,Yes,No,Fiber optic,Yes,Yes,Yes,Yes,Yes,No,Month-to-month,Yes,Credit card (automatic),66.66,3536.96,No
CUST-04647,Male,1,No,No,54,No,No phone service,No,No internet service,No internet service,No internet service,No internet service,No internet service,No internet service,Two year,No,Electronic check,114.8,6197.9,No
CUST-04648,Male,0,No,No,47,Yes,Yes,DSL,Yes,Yes,Yes,No,Yes,Yes,Month-to-month,Yes,Mailed check,20.59,970.18,No
CUST-04649,Female,0,Yes,No,71,Yes,Yes,Fiber optic,Yes,No,Yes,No,Yes,Yes,Two year,Yes,Mailed check,71.28,5063.79,No
CUST-04650,Male,0,Yes,No,14,Yes,No,Fiber optic,Yes,Yes,Yes,No,No,Yes,Month-to-month,Yes,Mailed check,40.62,571.31,No
CUST-04651,Female,0,Yes,Yes,70,Yes,No,Fiber optic,Yes,No,Yes,No,Yes,Yes,Month-to-month,Yes,Electronic check,82.07,5747.0,No
CUST-04652,Female,0,Yes,No,15,Yes,Yes,DSL,Yes,No,Yes,No,Yes,Yes,Month-to-month,No,Electronic check,67.82,1019.97,No
CUST-04653,Male,1,No,No,42,Yes,No,No,No internet service,No internet service,No internet service,No internet service,No internet service,No internet service,One year,Yes,Mailed check,74.61,3138.87,No
CUST-04654,Female,1,No,No,6,Yes,No,Fiber optic,Yes,Yes,No,No,No,No,One year,No,Bank transfer (automatic),53.96,334.75,No
CUST-04655,Male,0,Yes,No,42,No,No phone service,Fiber optic,No,No,Yes,No,Yes,No,One year,No,Electronic check,23.15,963.25,No
CUST-04656,Male,0,No,No,27,Yes,Yes,Fiber optic,No,No,No,No,Yes,Yes,Month-to-month,No,Credit card (automatic),28.61,778.97,No
CUST-04657,Female,0,No,No,65,Yes,No,DSL,No,No,No,Yes,Yes,No,Month-to-month,No,Credit card (automatic),103.86,6751.61,No
CUST-04658,Male,1,No,Yes,59,Yes,No,DSL,No,No,Yes,Yes,Yes,Yes,Month-to-month,Yes,Bank transfer (automatic),88.28,5204.57,No
CUST-04659,Female,0,No,No,2,Yes,Yes,No,No internet service,No internet service,No internet service,No internet service,No internet service,No internet service,Two year,Yes,Credit card (automatic),94.94,183.13,No
CUST-04660,Male,0,Yes,Yes,0,Yes,Yes,Fiber optic,No,Yes,Yes,No,No,Yes,Two year,No,Credit card (automatic),30.27,1.53,Yes
CUST-04661,Male,0,No,No,30,Yes,Yes,No,No internet service,No internet service,No internet service,No internet service,No internet service,No internet service,Month-to-month,No,Credit card (automatic),22.92,687.78,No
CUST-04662,Male,0,No,Yes,55,No,No phone service,DSL,Yes,Yes,Yes,No,Yes,No,Month-to-month,Yes,Electronic check,19.73,1079.76,No
CUST-04663,Male,1,No,No,45,Yes,No,No,No internet service,No internet service,No internet service,No internet service,No internet service,No internet service,Month-to-month,Yes,Credit card (automatic),70.18,3157.95,Yes
CUST-04664,Male,0,Yes,Yes,31,No,No phone service,No,No internet service,No internet service,No internet service,No internet service,No internet service,No internet service,Month-to-month,No,Bank transfer (automatic),68.09,2115.97,No
CUST-04665,Female,0,No,No,17,Yes,No,Fiber optic,No,No,Yes,Yes,Yes,Yes,Two year,Yes,Mailed check,29.06,501.78,No
CUST-04666,Female,0,Yes,Yes,67,Yes,No,Fiber optic,Yes,No,No,No,Yes,Yes,Two year,Yes,Electronic check,52.66,3528.86,No
CUST-04667,Female,0,Yes,Yes,34,Yes,No,Fiber optic,No,No,Yes,No,Yes,No,Month-to-month,Yes,Electronic check,71.02,2415.3,No
CUST-04668,Female,0,No,No,22,Yes,Yes,DSL,Yes,No,Yes,Yes,Yes,Yes,Month-to-month,No,Bank transfer (automatic),85.58,1885.87,No
CUST-04669,Female,0,No,Yes,12,Yes,Yes,Fiber optic,No,No,Yes,No,No,Yes,One year,Yes,Mailed check,99.0,1193.83,No
CUST-04670,Female,0,Yes,Yes,13,Yes,Yes,DSL,Yes,No,No,No,Yes,Yes,Month-to-month,Yes,Electronic check,82.14,1068.74,No
CUST-04671,Male,0,Yes,Yes,36,Yes,Yes,No,No internet service,No internet service,No internet service,No internet service,No internet service,No internet service,Month-to-month,Yes,Mailed check,21.0,757.75,No
CUST-04672,Male,0,Yes,No,4,Yes,No,No,No internet service,No internet service,No internet service,No internet service,No internet service,No internet service,Month-to-month,Yes,Electronic check,76.61,304.44,No
CUST-04673,Female,0,Yes,No,21,No,No phone service,Fiber optic,No,Yes,No,Yes,Yes,Yes,Month-to-month,Yes,Bank transfer (automatic),26.79,561.8,Yes
CUST-04674,Female,0,No,Yes,27,Yes,Yes,DSL,No,No,Yes,Yes,No,No,Month-to-month,No,Mailed check,74.49,2008.05,Yes
CUST-04675,Male,0,Yes,Yes,3,Yes,No,DSL,Yes,Yes,No,No,No,No,Month-to-month,Yes,Bank transfer (automatic),55.6,161.63,Yes
CUST-04676,Male,0,No,No,49,Yes,Yes,No,No internet service,No internet service,No internet service,No internet service,No internet service,No internet service,Month-to-month,No,Mailed check,46.63,2278.85,No
CUST-04677,Male,0,No,No,28,Yes,No,No,No internet service,No internet service,No internet service,No internet service,No internet service,No internet service,Month-to-month,Yes,Electronic check,66.17,1848.45,No
CUST-04678,Female,0,Yes,No,36,Yes,No,Fiber optic,Yes,No,No,Yes,No,Yes,Month-to-month,No,Electronic check,56.15,2016.75,No
CUST-04679,Female,0,No,No,34,Yes,No,Fiber optic,No,Yes,Yes,Yes,Yes,Yes,Month-to-month,Yes,Credit card (automatic),101.03,3436.51,Yes
CUST-04680,Female,1,Yes,No,19,Yes,No,Fiber optic,No,No,Yes,No,Yes,Yes,One year,No,Credit card (automatic),40.65,774.59,No
CUST-04681,Male,0,Yes,No,34,Yes,No,No,No internet service,No internet service,No internet service,No internet service,No internet service,No internet service,Month-to-month,No,Bank transfer (automatic),31.67,1074.68,No
CUST-04682,Male,0,Yes,No,1,Yes,No,Fiber optic,No,No,Yes,No,Yes,No,One year,No,Credit card (automatic),101.7,97.5,No
CUST-04683,Female,0,No,No,57,Yes,No,DSL,Yes,Yes,No,No,Yes,Yes,Month-to-month,Yes,Mailed check,42.34,2424.14,No
CUST-04684,Female,0,No,No,17,Yes,Yes,Fiber optic,Yes,No,Yes,No,Yes,Yes,Two year,Yes,Bank transfer (automatic),21.22,358.53,No
CUST-04685,Male,1,Yes,No,55,Yes,Yes,DSL,No,Yes,No,No,No,Yes,Month-to-month,Yes,Mailed check,56.7,3115.53,No
CUST-04686,Male,0,No,No,63,Yes,No,Fiber optic,Yes,Yes,No,No,No,No,Two year,Yes,Electronic check,99.9,6285.83,No
CUST-04687,Male,1,No,No,51,Yes,Yes,Fiber optic,Yes,Yes,Yes,Yes,Yes,No,Month-to-month,No,Credit card (automatic),61.19,3123.28,No
CUST-04688,Male,0,No,No,21,Yes,Yes,No,No internet service,No internet service,No internet service,No internet service,No internet service,No internet service,Month-to-month,Yes,Electronic check,65.01,1374.31,Yes
CUST-04689,Female,1,No,No,59,Yes,Yes,Fiber optic,Yes,Yes,No,Yes,No,No,Month-to-month,No,Credit card (automatic),22.72,1339.55,Yes
CUST-04690,Male,1,No,Yes,9,Yes,Yes,DSL,Yes,Yes,No,Yes,No,Yes,Month-to-month,Yes,Electronic check,89.11,800.26,No
CUST-04691,Male,1,Yes,No,5,Yes,Yes,No,No internet service,No internet service,No internet service,No internet service,No internet service,No internet service,Month-to-month,No,Credit card (automatic),52.37,263.23,No
CUST-04692,Male,0,No,No,5,Yes,No,No,No internet service,No internet service,No internet service,No internet service,No internet service,No internet service,Month-to-month,No,Mailed check,90.86,455.84,Yes
CUST-04693,Female,0,No,No,27,Yes,No,Fiber optic,No,No,No,Yes,No,Yes,Month-to-month,Yes,Electronic check,59.1,1583.22,Yes
CUST-04694,Female,0,Yes,No,41,Yes,No,DSL,Yes,Yes,Yes,No,No,No,Month-to-month,Yes,Credit card (automatic),70.69,2901.53,No
CUST-04695,Male,0,No,Yes,40,Yes,Yes,DSL,No,No,Yes,Yes,Yes,Yes,Two year,No,Electronic check,76.95,3087.38,No
CUST-04696,Male,1,No,Yes,62,No,No phone service,DSL,No,Yes,Yes,Yes,No,No,Month-to-month,No,Mailed check,37.69,2337.06,No
CUST-04697,Male,0,No,No,21,Yes,No,DSL,No,No,No,Yes,No,No,Two year,No,Credit card (automatic),47.4,994.86,No
CUST-04698,Female,1,Yes,No,28,Yes,Yes,DSL,No,No,Yes,Yes,Yes,No,Month-to-month,Yes,Electronic check,76.56,2147.65,No
CUST-04699,Female,0,No,No,70,Yes,No,DSL,Yes,No,No,Yes,Yes,Yes,Month-to-month,No,Mailed check,100.29,7023.68,No
CUST-04700,Female,0,No,Yes,33,Yes,No,No,No internet service,No internet service,No internet service,No internet service,No internet service,No internet service,Month-to-month,Yes,Electronic check,114.14,3767.49,No
CUST-04701,Male,0,Yes,No,1,Yes,Yes,Fiber optic,No,Yes,Yes,No,Yes,Yes,Two year,Yes,Mailed check,70.42,74.29,No
CUST-04702,Female,0,Yes,No,25,Yes,Yes,Fiber optic,Yes,Yes,No,No,No,No,Two year,No,Credit card (automatic),25.39,638.85,No
CUST-04703,Male,0,No,No,18,Yes,Yes,DSL,Yes,No,Yes,Yes,No,Yes,Month-to-month,Yes,Bank transfer (automatic),113.6,2038.93,No
CUST-04704,Male,0,Yes,No,19,Yes,No,No,No internet service,No internet service,No internet service,No internet service,No internet service,No internet service,Month-to-month,Yes,Mailed check,60.08,1135.78,Yes
CUST-04705,Male,1,Yes,No,32,Yes,No,Fiber optic,Yes,No,No,Yes,No,Yes,Month-to-month,Yes,Mailed check,28.25,897.54,No
CUST-04706,Female,0,Yes,No,3,Yes,No,No,No internet service,No internet service,No internet service,No internet service,No internet service,No internet service,One year,Yes,Electronic check,115.22,338.09,No
CUST-04707,Male,0,No,No,31,Yes,No,Fiber optic,Yes,No,Yes,Yes,Yes,Yes,One year,Yes,Credit card (automatic),46.05,1431.6,No
CUST-04708,Female,0,No,Yes,18,Yes,Yes,DSL,Yes,Yes,No,Yes,Yes,Yes,Month-to-month,Yes,Credit card (automatic),83.68,1510.3,No
CUST-04709,Female,0,Yes,No,2,No,No phone service,No,No internet service,No internet service,No internet service,No internet service,No internet service,No internet service,Month-to-month,Yes,Electronic check,32.41,67.06,No
CUST-04710,Male,0,Yes,No,60,Yes,Yes,Fiber optic,No,Yes,No,Yes,No,No,Month-to-month,No,Electronic check,89.96,5405.91,No
CUST-04711,Male,0,Yes,No,37,Yes,No,Fiber optic,No,No,Yes,No,Yes,Yes,Month-to-month,No,Credit card (automatic),115.63,4276.77,Yes
CUST-04712,Female,0,Yes,No,5,Yes,No,Fiber optic,Yes,No,No,Yes,No,Yes,Month-to-month,Yes,Electronic check,116.51,579.1,Yes
CUST-04713,Male,0,No,No,55,Yes,No,Fiber optic,No,Yes,No,Yes,No,Yes,Month-to-month,Yes,Bank transfer (automatic),30.62,1684.71,No
CUST-04714,Female,0,Yes,No,39,Yes,No,No,No internet service,No internet service,No internet service,No internet service,No internet service,No internet service,Two year,No,Electronic check,94.87,3705.64,No
CUST-04715,Male,1,No,No,68,No,No phone service,Fiber optic,Yes,No,Yes,Yes,No,Yes,Month-to-month,Yes,Bank transfer (automatic),84.43,5738.29,No
CUST-04716,Female,0,Yes,No,41,Yes,No,Fiber optic,Yes,No,No,Yes,No,Yes,Two year,No,Electronic check,98.15,4033.86,No
CUST-04717,Female,0,No,No,1,Yes,Yes,Fiber optic,No,Yes,No,No,No,No,Month-to-month,Yes,Mailed check,51.32,50.96,No
CUST-04718,Female,0,No,Yes,27,Yes,No,No,No internet service,No internet service,No internet service,No internet service,No internet service,No internet service,Two year,No,Credit card (automatic),58.17,1573.15,No
CUST-04719,Female,0,Yes,No,16,Yes,Yes,Fiber optic,No,Yes,No,No,Yes,Yes,Two year,No,Mailed check,52.18,835.69,No
CUST-04720,Male,0,No,No,69,Yes,Yes,DSL,Yes,No,No,Yes,Yes,No,Month-to-month,No,Mailed check,94.65,6528.87,No
CUST-04721,Male,0,No,Yes,68,Yes,No,Fiber optic,Yes,No,Yes,Yes,No,Yes,Month-to-month,Yes,Electronic check,98.91,6730.43,Yes
CUST-04722,Female,0,No,Yes,38,Yes,No,DSL,Yes,Yes,Yes,Yes,Yes,Yes,Month-to-month,Yes,Credit card (automatic),42.93,1613.96,No
CUST-04723,Female,0,Yes,No,6,Yes,No,DSL,Yes,No,No,No,Yes,Yes,Month-to-month,Yes,Bank transfer (automatic),75.28,449.99,No
CUST-04724,Male,0,No,No,31,Yes,Yes,DSL,Yes,Yes,No,No,No,Yes,Month-to-month,No,Mailed check,30.6,952.58,No
CUST-04725,Male,0,No,No,3,Yes,Yes,DSL,No,Yes,No,No,Yes,No,Two year,Yes,Credit card (automatic),19.32,50.7,No
CUST-04726,Male,0,Yes,Yes,20,Yes,Yes,DSL,Yes,No,No,Yes,Yes,Yes,Two year,Yes,Mailed check,79.01,1576.7,No
CUST-04727,Male,0,Yes,Yes,31,No,No phone service,DSL,No,Yes,Yes,No,No,No,Month-to-month,No,Bank transfer (automatic),102.02,3160.15,No
CUST-04728,Male,0,No,No,13,Yes,No,Fiber optic,No,Yes,No,No,Yes,Yes,Two year,No,Bank transfer (automatic),108.66,1410.93,No
CUST-04729,Male,0,No,Yes,69,Yes,Yes,DSL,No,Yes,No,Yes,No,No,Two year,Yes,Bank transfer (automatic),80.04,5519.75,No
CUST-04730,Female,0,Yes,Yes,45,Yes,Yes,DSL,Yes,No,Yes,No,Yes,Yes,Month-to-month,Yes,Mailed check,98.87,4444.06,No
CUST-04731,Male,0,Yes,Yes,19,Yes,Yes,No,No internet service,No internet service,No internet service,No internet service,No internet service,No internet service,Month-to-month,Yes,Credit card (automatic),58.42,1109.63,No
CUST-04732,Male,0,No,Yes,57,Yes,Yes,No,No internet service,No internet service,No internet service,No internet service,No internet service,No internet service,Month-to-month,No,Bank transfer (automatic),105.53,6019.24,No
CUST-04733,Female,1,No,Yes,47,Yes,No,DSL,Yes,No,No,Yes,No,Yes,Month-to-month,Yes,Electronic check,95.47,4489.0,No
CUST-04734,Male,0,Yes,No,6,Yes,No,No,No internet service,No internet service,No internet service,No internet service,No internet service,No internet service,Month-to-month,Yes,Credit card (automatic),48.85,298.23,No
CUST-04735,Male,0,Yes,Yes,39,Yes,No,Fiber optic,Yes,No,Yes,Yes,No,No,Month-to-month,Yes,Electronic check,77.72,3030.08,No
CUST-04736,Male,0,No,No,58,Yes,No,DSL,Yes,Yes,No,No,No,Yes,Month-to-month,Yes,Electronic check,23.13,1347.84,No
CUST-04737,Male,0,No,No,35,Yes,No,Fiber optic,Yes,No,No,No,Yes,Yes,Month-to-month,Yes,Credit card (automatic),32.66,1136.72,No
CUST-04738,Male,0,Yes,No,43,Yes,Yes,No,No internet service,No internet service,No internet service,No internet service,No internet service,No internet service,Month-to-month,No,Credit card (automatic),112.67,4851.37,No
CUST-04739,Female,0,No,No,30,Yes,Yes,Fiber optic,Yes,Yes,Yes,No,No,Yes,Month-to-month,No,Electronic check,18.98,574.86,No
CUST-04740,Male,0,No,No,41,Yes,Yes,DSL,No,Yes,Yes,No,No,No,One year,No,Electronic check,38.32,1563.23,No
CUST-04741,Female,1,No,No,43,Yes,Yes,DSL,No,No,No,Yes,No,Yes,Month-to-month,Yes,Electronic check,31.88,1373.18,No
CUST-04742,Female,0,No,No,42,Yes,Yes,DSL,Yes,No,Yes,No,Yes,Yes,One year,No,Credit card (automatic),87.88,3690.33,No
CUST-04743,Male,0,Yes,No,42,Yes,No,DSL,Yes,Yes,No,Yes,Yes,No,Two year,Yes,Electronic check,28.57,1199.41,No
CUST-04744,Female,0,Yes,No,46,Yes,Yes,DSL,No,Yes,Yes,Yes,No,Yes,Month-to-month,No,Mailed check,20.01,920.79,No
CUST-04745,Male,0,No,No,5,Yes,No,Fiber optic,No,No,No,No,Yes,No,Two year,Yes,Electronic check,111.05,552.15,No
CUST-04746,Female,0,No,Yes,65,Yes,No,Fiber optic,No,No,Yes,Yes,Yes,Yes,Month-to-month,Yes,Bank transfer (automatic),105.28,6847.89,No
CUST-04747,Female,0,No,No,8,Yes,No,Fiber optic,Yes,Yes,No,Yes,Yes,Yes,Month-to-month,Yes,Mailed check,53.84,430.74,Yes
CUST-04748,Male,0,No,No,10,Yes,Yes,Fiber optic,No,Yes,No,No,No,No,One year,No,Credit card (automatic),28.05,274.88,No
CUST-04749,Male,0,Yes,No,17,Yes,Yes,DSL,No,No,Yes,No,No,No,Month-to-month,No,Credit card (automatic),85.82,1458.75,No
CUST-04750,Male,0,No,Yes,24,Yes,Yes,Fiber optic,No,Yes,No,Yes,No,No,Month-to-month,Yes,Mailed check,106.31,2549.07,Yes
CUST-04751,Male,0,No,No,57,Yes,No,No,No internet service,No internet service,No internet service,No internet service,No internet service,No internet service,One year,Yes,Electronic check,115.47,6584.87,No
CUST-04752,Male,1,Yes,No,29,No,No phone service,Fiber optic,No,Yes,Yes,No,Yes,Yes,Month-to-month,No,Electronic check,31.01,892.71,No
CUST-04753,Female,0,Yes,Yes,0,Yes,Yes,Fiber optic,Yes,No,No,No,Yes,Yes,Two year,No,Credit card (automatic),78.02,10.01,No
CUST-04754,Female,0,No,No,62,Yes,No,DSL,Yes,Yes,No,Yes,No,Yes,Two year,Yes,Mailed check,61.06,3786.32,No
CUST-04755,Female,0,Yes,No,28,No,No phone service,DSL,Yes,No,Yes,No,Yes,Yes,Month-to-month,Yes,Electronic check,33.68,936.86,No
CUST-04756,Female,0,Yes,No,65,Yes,No,Fiber optic,Yes,No,No,Yes,No,No,One year,No,Bank transfer (automatic),98.79,6420.34,No
CUST-04757,Female,0,No,No,52,Yes,Yes,Fiber optic,Yes,Yes,No,No,No,Yes,Two year,Yes,Mailed check,96.22,5001.03,No
CUST-04758,Female,0,No,No,18,Yes,No,DSL,No,No,No,No,No,Yes,Two year,Yes,Credit card (automatic),114.46,2056.3,No
CUST-04759,Female,0,Yes,No,65,Yes,Yes,DSL,Yes,Yes,Yes,No,Yes,Yes,One year,Yes,Electronic check,26.55,1727.88,No
CUST-04760,Male,0,No,No,51,Yes,Yes,Fiber optic,Yes,Yes,Yes,No,No,Yes,Month-to-month,No,Electronic check,41.89,2147.54,No
CUST-04761,Male,0,Yes,No,30,Yes,No,DSL,No,Yes,No,No,Yes,No,Month-to-month,Yes,Electronic check,100.76,3032.15,No
CUST-04762,Female,0,Yes,No,59,Yes,No,No,No internet service,No internet service,No internet service,No internet service,No internet service,No internet service,Two year,Yes,Credit card (automatic),57.54,3395.87,No
CUST-04763,Female,0,Yes,No,67,Yes,No,DSL,Yes,Yes,Yes,Yes,No,No,Month-to-month,Yes,Credit card (automatic),65.59,4390.63,No
CUST-04764,Male,0,No,No,29,Yes,Yes,No,No internet service,No internet service,No internet service,No internet service,No internet service,No internet service,One year,Yes,Mailed check,79.15,2296.75,No
CUST-04765,Male,1,No,Yes,12,Yes,Yes,Fiber optic,No,Yes,No,Yes,No,Yes,Month-to-month,Yes,Bank transfer (automatic),58.85,709.89,No
CUST-04766,Male,0,Yes,Yes,14,Yes,No,Fiber optic,Yes,Yes,No,No,No,No,Month-to-month,No,Bank transfer (automatic),21.54,302.58,Yes
CUST-04767,Male,1,Yes,No,19,Yes,No,Fiber optic,Yes,Yes,No,Yes,No,Yes,Month-to-month,Yes,Credit card (automatic),78.4,1493.33,Yes
CUST-04768,Female,0,No,No,33,Yes,Yes,Fiber optic,No,No,No,No,Yes,No,Month-to-month,No,Mailed check,40.89,1351.59,No
CUST-04769,Male,0,Yes,No,19,Yes,No,Fiber optic,No,Yes,Yes,Yes,No,Yes,Month-to-month,Yes,Mailed check,114.89,2184.33,No
CUST-04770,Female,0,Yes,Yes,49,Yes,Yes,DSL,Yes,Yes,Yes,No,No,Yes,Two year,Yes,Credit card (automatic),87.03,4258.39,No
CUST-04771,Female,0,No,No,26,Yes,No,DSL,No,No,No,Yes,Yes,Yes,One year,Yes,Credit card (automatic),102.07,2653.17,No
CUST-04772,Female,0,No,No,29,Yes,No,Fiber optic,No,Yes,No,No,Yes,No,Month-to-month,Yes,Electronic check,113.44,3299.31,No
CUST-04773,Male,0,No,No,55,Yes,No,DSL,Yes,Yes,Yes,Yes,Yes,Yes,One year,Yes,Bank transfer (automatic),24.33,1340.6,No
CUST-04774,Male,0,No,Yes,64,Yes,Yes,DSL,Yes,No,No,No,Yes,Yes,Month-to-month,No,Electronic check,32.87,2109.52,No
CUST-04775,Female,1,Yes,No,54,Yes,No,No,No internet service,No internet service,No internet service,No internet service,No internet service,No internet service,Month-to-month,No,Credit card (automatic),98.8,5345.26,No
CUST-04776,Female,0,No,Yes,23,Yes,No,No,No internet service,No internet service,No internet service,No internet service,No internet service,No internet service,Two year,Yes,Mailed check,106.48,2443.14,No
CUST-04777,Female,0,No,Yes,24,Yes,Yes,No,No internet service,No internet service,No internet service,No internet service,No internet service,No internet service,Month-to-month,No,Bank transfer (automatic),18.49,456.76,No
CUST-04778,Male,0,Yes,No,52,Yes,Yes,Fiber optic,Yes,Yes,No,Yes,Yes,No,One year,No,Mailed check,112.52,5855.91,No
CUST-04779,Female,0,Yes,Yes,10,Yes,Yes,DSL,No,No,No,No,Yes,Yes,Two year,Yes,Credit card (automatic),63.44,640.21,No
CUST-04780,Male,0,Yes,Yes,59,Yes,Yes,DSL,No,No,Yes,Yes,Yes,No,Month-to-month,No,Bank transfer (automatic),64.26,3787.99,No
CUST-04781,Female,0,No,No,46,No,No phone service,No,No internet service,No internet service,No internet service,No internet service,No internet service,No internet service,Month-to-month,No,Credit card (automatic),105.87,4873.64,Yes
CUST-04782,Female,0,Yes,Yes,24,Yes,Yes,No,No internet service,No internet service,No internet service,No internet service,No internet service,No internet service,One year,No,Mailed check,46.95,1122.79,No
CUST-04783,Female,0,No,No,24,Yes,Yes,Fiber optic,Yes,Yes,No,Yes,Yes,Yes,Month-to-month,No,Credit card (automatic),76.35,1833.15,No
CUST-04784,Male,0,Yes,Yes,16,Yes,Yes,Fiber optic,Yes,Yes,Yes,No,Yes,No,Two year,No,Electronic check,51.42,824.4,No
CUST-04785,Male,1,No,No,11,Yes,No,No,No internet service,No internet service,No internet service,No internet service,No internet service,No internet service,Two year,No,Bank transfer (automatic),29.36,321.77,No
CUST-04786,Female,0,Yes,No,51,Yes,No,Fiber optic,No,Yes,No,No,Yes,No,Month-to-month,Yes,Credit card (automatic),53.86,2752.61,No
CUST-04787,Male,0,No,Yes,10,Yes,No,No,No internet service,No internet service,No internet service,No internet service,No internet service,No internet service,Month-to-month,Yes,Bank transfer (automatic),35.3,350.4,No
CUST-04788,Female,0,No,No,9,Yes,No,DSL,Yes,Yes,No,No,No,No,Month-to-month,Yes,Bank transfer (automatic),70.1,620.84,No
CUST-04789,Male,1,Yes,No,59,Yes,Yes,Fiber optic,Yes,No,Yes,Yes,Yes,No,Month-to-month,No,Mailed check,70.98,4186.6,No
CUST-04790,Male,0,Yes,Yes,53,Yes,Yes,Fiber optic,No,Yes,No,No,Yes,Yes,Month-to-month,No,Electronic check,61.73,3277.96,No
CUST-04791,Male,1,No,No,62,No,No phone service,Fiber optic,Yes,No,No,No,No,No,Month-to-month,No,Electronic check,35.38,2205.84,No
CUST-04792,Female,1,Yes,Yes,19,Yes,Yes,No,No internet service,No internet service,No internet service,No internet service,No internet service,No internet service,Month-to-month,Yes,Credit card (automatic),29.87,574.11,No
CUST-04793,Male,1,No,Yes,4,Yes,Yes,No,No internet service,No internet service,No internet service,No internet service,No internet service,No internet service,Month-to-month,No,Bank transfer (automatic),28.46,119.17,No
CUST-04794,Male,0,No,Yes,40,Yes,No,DSL,No,No,No,Yes,Yes,No,Month-to-month,No,Electronic check,29.22,1166.91,No
CUST-04795,Female,0,No,No,62,Yes,No,DSL,No,Yes,No,Yes,No,No,Month-to-month,Yes,Credit card (automatic),47.49,2955.9,No
CUST-04796,Female,0,Yes,No,55,Yes,Yes,Fiber optic,Yes,Yes,Yes,No,No,Yes,Month-to-month,Yes,Credit card (automatic),18.19,1003.87,No
CUST-04797,Female,0,No,No,31,Yes,No,DSL,No,No,No,Yes,No,No,Month-to-month,Yes,Mailed check,24.23,754.75,No
CUST-04798,Female,0,No,No,26,No,No phone service,DSL,Yes,Yes,No,No,Yes,No,One year,Yes,Bank transfer (automatic),65.04,1694.18,No
CUST-04799,Male,0,No,No,67,Yes,Yes,Fiber optic,No,Yes,Yes,No,Yes,Yes,One year,Yes,Mailed check,36.27,2424.3,No
CUST-04800,Male,0,No,No,47,Yes,No,Fiber optic,Yes,Yes,No,No,No,No,Month-to-month,No,Credit card (automatic),44.34,2085.9,No
CUST-04801,Male,0,Yes,No,6,Yes,No,No,No internet service,No internet service,No internet service,No internet service,No internet service,No internet service,Month-to-month,No,Mailed check,53.33,312.71,Yes
CUST-04802,Male,0,Yes,No,45,Yes,Yes,DSL,Yes,No,No,Yes,No,Yes,Two year,No,Electronic check,21.97,992.78,No
CUST-04803,Male,0,No,Yes,17,Yes,No,DSL,Yes,Yes,Yes,Yes,Yes,No,Two year,No,Bank transfer (automatic),40.0,681.68,No
CUST-04804,Female,0,Yes,No,37,Yes,Yes,DSL,No,No,Yes,Yes,No,Yes,Two year,No,Mailed check,95.67,3536.63,No
CUST-04805,Male,0,Yes,No,64,Yes,Yes,Fiber optic,No,No,Yes,No,Yes,Yes,Month-to-month,Yes,Bank transfer (automatic),52.09,3339.39,No
CUST-04806,Male,0,No,No,16,Yes,No,Fiber optic,Yes,No,Yes,No,Yes,Yes,Month-to-month,Yes,Bank transfer (automatic),36.62,584.13,No
CUST-04807,Male,1,Yes,No,37,Yes,Yes,DSL,No,Yes,No,No,No,No,Month-to-month,Yes,Mailed check,37.77,1395.82,No
CUST-04808,Female,0,Yes,No,62,Yes,Yes,DSL,Yes,No,Yes,Yes,Yes,No,Month-to-month,Yes,Credit card (automatic),116.47,7223.81,No
CUST-04809,Female,0,Yes,No,41,Yes,No,DSL,Yes,Yes,No,No,Yes,No,Month-to-month,Yes,Credit card (automatic),32.85,1346.77,No
CUST-04810,Male,0,Yes,No,7,Yes,Yes,Fiber optic,Yes,No,Yes,No,Yes,No,Month-to-month,Yes,Credit card (automatic),108.54,760.95,No
CUST-04811,Female,0,Yes,No,29,No,No phone service,DSL,No,Yes,Yes,No,No,Yes,Two year,Yes,Electronic check,26.05,760.61,No
CUST-04812,Female,0,Yes,Yes,63,Yes,No,DSL,Yes,Yes,Yes,Yes,No,Yes,Month-to-month,Yes,Credit card (automatic),105.44,6639.03,No
CUST-04813,Female,0,No,No,8,Yes,No,DSL,Yes,No,No,Yes,No,No,Month-to-month,Yes,Electronic check,68.69,545.4,No
CUST-04814,Female,0,Yes,No,56,Yes,No,No,No internet service,No internet service,No internet service,No internet service,No internet service,No internet service,Month-to-month,Yes,Bank transfer (automatic),78.87,4415.56,No
CUST-04815,Female,0,No,No,58,Yes,Yes,DSL,No,Yes,No,Yes,Yes,Yes,Month-to-month,Yes,Electronic check,42.59,2469.91,No
CUST-04816,Female,0,No,No,66,No,No phone service,DSL,Yes,Yes,Yes,Yes,No,No,Month-to-month,Yes,Bank transfer (automatic),107.86,7121.97,No
CUST-04817,Female,0,No,No,4,Yes,No,DSL,No,No,No,Yes,No,No,Two year,Yes,Bank transfer (automatic),76.71,316.55,No
CUST-04818,Male,0,Yes,Yes,3,Yes,No,Fiber optic,Yes,No,No,No,Yes,No,Month-to-month,No,Mailed check,85.57,256.5,Yes
CUST-04819,Male,0,Yes,No,7,Yes,Yes,Fiber optic,No,Yes,No,No,Yes,Yes,Two year,Yes,Bank transfer (automatic),73.68,515.94,No
CUST-04820,Female,0,No,No,41,Yes,No,Fiber optic,Yes,No,No,No,Yes,No,Month-to-month,No,Mailed check,30.52,1248.06,No
CUST-04821,Male,0,No,No,34,Yes,Yes,Fiber optic,No,No,No,No,No,No,Month-to-month,No,Electronic check,101.62,3451.22,Yes
CUST-04822,Male,0,No,No,12,No,No phone service,No,No internet service,No internet service,No internet service,No internet service,No internet service,No internet service,Month-to-month,No,Credit card (automatic),36.36,439.71,No
CUST-04823,Female,1,Yes,Yes,4,Yes,No,Fiber optic,No,Yes,Yes,No,No,No,Month-to-month,Yes,Mailed check,47.19,188.96,No
CUST-04824,Male,0,Yes,No,39,Yes,Yes,Fiber optic,No,Yes,No,Yes,Yes,No,Month-to-month,No,Credit card (automatic),84.95,3319.29,No
CUST-04825,Female,0,Yes,No,18,Yes,No,DSL,No,Yes,Yes,Yes,No,Yes,Month-to-month,Yes,Credit card (automatic),27.33,497.63,No
CUST-04826,Female,1,No,No,3,Yes,Yes,Fiber optic,No,Yes,Yes,No,Yes,No,Month-to-month,Yes,Electronic check,111.34,338.37,Yes
CUST-04827,Female,0,Yes,No,58,Yes,Yes,Fiber optic,Yes,No,No,Yes,No,No,Month-to-month,No,Credit card (automatic),30.41,1756.48,No
CUST-04828,Male,0,Yes,No,17,Yes,Yes,No,No internet service,No internet service,No internet service,No internet service,No internet service,No internet service,Month-to-month,Yes,Mailed check,84.72,1443.66,No
CUST-04829,Male,1,No,No,23,Yes,No,No,No internet service,No internet service,No internet service,No internet service,No internet service,No internet service,Month-to-month,No,Credit card (automatic),81.51,1870.06,No
CUST-04830,Male,0,Yes,No,30,Yes,Yes,Fiber optic,Yes,Yes,Yes,No,Yes,No,Month-to-month,No,Electronic check,87.8,2624.58,No
CUST-04831,Male,0,No,No,57,Yes,Yes,DSL,No,Yes,No,No,Yes,Yes,Month-to-month,Yes,Bank transfer (automatic),61.33,3496.91,No
CUST-04832,Female,0,Yes,No,27,Yes,No,DSL,Yes,No,Yes,No,Yes,Yes,Month-to-month,No,Mailed check,56.23,1525.0,No
CUST-04833,Female,0,No,No,8,Yes,No,No,No internet service,No internet service,No internet service,No internet service,No internet service,No internet service,Two year,Yes,Electronic check,115.77,929.72,No
CUST-04834,Male,0,Yes,No,44,Yes,Yes,Fiber optic,Yes,No,No,No,No,Yes,One year,Yes,Mailed check,99.72,4383.27,No
CUST-04835,Female,1,No,Yes,48,Yes,No,Fiber optic,No,Yes,Yes,No,No,Yes,Two year,Yes,Bank transfer (automatic),66.54,3207.9,No
CUST-04836,Female,0,Yes,No,1,Yes,Yes,Fiber optic,Yes,No,No,Yes,No,No,Month-to-month,No,Credit card (automatic),36.23,40.31,No
CUST-04837,Male,0,No,Yes,5,Yes,Yes,Fiber optic,No,No,No,Yes,No,Yes,Month-to-month,Yes,Electronic check,107.06,531.09,No
CUST-04838,Female,1,No,Yes,28,Yes,Yes,Fiber optic,No,No,Yes,No,Yes,No,Two year,No,Bank transfer (automatic),82.87,2310.13,No
CUST-04839,Male,1,Yes,No,25,Yes,Yes,DSL,No,Yes,Yes,Yes,No,No,Month-to-month,No,Mailed check,31.58,788.48,Yes
CUST-04840,Female,0,Yes,No,27,Yes,Yes,Fiber optic,Yes,Yes,Yes,Yes,No,Yes,Month-to-month,No,Credit card (automatic),36.31,970.55,No
CUST-04841,Male,0,No,No,6,Yes,Yes,DSL,Yes,Yes,No,Yes,Yes,Yes,Month-to-month,Yes,Bank transfer (automatic),72.08,427.33,No
CUST-04842,Female,0,Yes,Yes,33,No,No phone service,Fiber optic,No,Yes,Yes,No,No,Yes,Month-to-month,No,Credit card (automatic),68.37,2247.71,No
CUST-04843,Female,0,No,No,55,Yes,Yes,DSL,No,Yes,Yes,Yes,No,No,Two year,No,Electronic check,58.93,3237.38,No
CUST-04844,Male,0,No,No,9,No,No phone service,Fiber optic,Yes,No,No,Yes,Yes,Yes,Month-to-month,No,Bank transfer (automatic),60.69,543.54,No
CUST-04845,Male,1,Yes,No,56,Yes,No,No,No internet service,No internet service,No internet service,No internet service,No internet service,No internet service,Month-to-month,Yes,Bank transfer (automatic),35.22,1967.95,No
CUST-04846,Male,1,Yes,No,46,Yes,Yes,Fiber optic,Yes,Yes,Yes,Yes,Yes,Yes,Month-to-month,Yes,Credit card (automatic),43.55,2014.8,No
CUST-04847,Male,0,Yes,No,26,Yes,Yes,DSL,Yes,Yes,No,No,No,No,Month-to-month,Yes,Credit card (automatic),67.27,1748.09,No
CUST-04848,Female,0,No,Yes,38,Yes,Yes,DSL,Yes,No,No,Yes,No,No,Two year,Yes,Credit card (automatic),24.37,932.7,No
CUST-04849,Female,0,No,No,21,No,No phone service,DSL,No,No,Yes,Yes,Yes,Yes,Two year,Yes,Electronic check,53.27,1121.52,No
CUST-04850,Male,0,Yes,No,18,Yes,No,No,No internet service,No internet service,No internet service,No internet service,No internet service,No internet service,Month-to-month,No,Electronic check,39.04,701.68,No
CUST-04851,Female,0,No,No,8,Yes,Yes,Fiber optic,Yes,Yes,Yes,Yes,No,No,Month-to-month,Yes,Credit card (automatic),35.46,281.29,No
CUST-04852,Male,0,No,Yes,18,Yes,No,Fiber optic,Yes,Yes,No,Yes,No,No,Month-to-month,No,Bank transfer (automatic),32.66,594.64,No
CUST-04853,Male,0,Yes,No,1,Yes,No,DSL,No,Yes,No,No,Yes,Yes,Month-to-month,No,Mailed check,32.02,26.84,No
CUST-04854,Female,0,No,No,60,Yes,No,Fiber optic,No,No,No,Yes,No,Yes,Month-to-month,No,Bank transfer (automatic),34.04,2039.27,No
CUST-04855,Female,0,No,Yes,58,Yes,Yes,Fiber optic,Yes,Yes,Yes,No,Yes,Yes,Month-to-month,Yes,Bank transfer (automatic),55.41,3210.57,No
CUST-04856,Male,0,No,No,69,Yes,Yes,DSL,Yes,No,No,No,No,Yes,Two year,Yes,Electronic check,28.15,1942.72,No
CUST-04857,Male,0,Yes,No,70,Yes,No,DSL,Yes,Yes,No,No,No,Yes,Month-to-month,No,Electronic check,107.7,7534.46,No
CUST-04858,Male,0,Yes,No,69,Yes,No,DSL,No,No,No,No,Yes,Yes,Two year,Yes,Electronic check,67.79,4682.19,No
CUST-04859,Female,0,No,No,32,Yes,Yes,DSL,Yes,Yes,No,Yes,Yes,Yes,Two year,Yes,Electronic check,68.48,2196.73,No
CUST-04860,Female,0,Yes,Yes,64,Yes,Yes,Fiber optic,No,Yes,Yes,No,Yes,No,Month-to-month,Yes,Bank transfer (automatic),39.11,2499.45,No
CUST-04861,Female,0,No,No,24,Yes,Yes,DSL,Yes,No,No,No,Yes,No,One year,Yes,Electronic check,104.72,2515.92,No
CUST-04862,Female,0,Yes,No,69,Yes,Yes,DSL,Yes,No,Yes,Yes,No,Yes,Month-to-month,No,Credit card (automatic),100.81,6951.69,No
CUST-04863,Male,0,No,No,27,Yes,Yes,Fiber optic,No,No,Yes,Yes,No,No,Month-to-month,Yes,Electronic check,21.42,579.23,No
CUST-04864,Male,0,No,No,17,Yes,No,Fiber optic,Yes,No,No,No,No,Yes,Month-to-month,Yes,Credit card (automatic),91.24,1556.93,No
CUST-04865,Male,0,No,Yes,62,Yes,No,DSL,No,Yes,Yes,No,No,No,Month-to-month,Yes,Credit card (automatic),36.43,2259.18,No
CUST-04866,Male,0,No,No,48,Yes,No,Fiber optic,Yes,No,No,Yes,Yes,Yes,One year,Yes,Credit card (automatic),73.56,3530.35,No
CUST-04867,Male,0,Yes,No,65,Yes,Yes,DSL,No,Yes,Yes,No,Yes,No,Two year,No,Mailed check,105.05,6839.69,No
CUST-04868,Male,1,No,Yes,39,Yes,No,Fiber optic,No,Yes,No,No,No,No,Two year,No,Mailed check,111.41,4346.79,No
CUST-04869,Female,0,No,No,65,No,No phone service,No,No internet service,No internet service,No internet service,No internet service,No internet service,No internet service,Month-to-month,Yes,Mailed check,36.45,2365.03,No
CUST-04870,Female,1,Yes,No,3,Yes,No,No,No internet service,No internet service,No internet service,No internet service,No internet service,No internet service,Month-to-month,Yes,Mailed check,111.96,331.28,No
CUST-04871,Male,0,Yes,No,33,Yes,Yes,Fiber optic,No,Yes,No,Yes,No,Yes,Month-to-month,Yes,Bank transfer (automatic),24.96,835.08,No
CUST-04872,Male,0,No,No,4,Yes,No,Fiber optic,Yes,Yes,No,Yes,No,No,Two year,No,Mailed check,108.93,432.02,Yes
CUST-04873,Female,0,No,No,21,Yes,No,Fiber optic,No,No,Yes,Yes,Yes,No,Two year,Yes,Mailed check,95.23,1996.32,No
CUST-04874,Female,0,Yes,No,19,Yes,Yes,No,No internet service,No internet service,No internet service,No internet service,No internet service,No internet service,Month-to-month,Yes,Mailed check,109.38,2078.35,No
CUST-04875,Female,0,No,Yes,46,Yes,Yes,No,No internet service,No internet service,No internet service,No internet service,No internet service,No internet service,Month-to-month,Yes,Credit card (automatic),54.61,2515.72,No
CUST-04876,Female,0,No,No,33,Yes,No,Fiber optic,No,No,Yes,Yes,Yes,Yes,Month-to-month,Yes,Bank transfer (automatic),112.08,3692.44,No
CUST-04877,Male,0,No,Yes,43,Yes,No,Fiber optic,Yes,Yes,Yes,No,No,Yes,Two year,Yes,Credit card (automatic),99.85,4292.16,No
CUST-04878,Male,0,No,No,5,Yes,Yes,DSL,Yes,No,Yes,No,No,Yes,One year,Yes,Credit card (automatic),50.83,247.44,No
CUST-04879,Male,0,No,Yes,55,Yes,Yes,Fiber optic,No,Yes,No,No,No,No,Two year,Yes,Credit card (automatic),51.89,2853.19,No
CUST-04880,Male,1,No,Yes,28,Yes,Yes,Fiber optic,No,Yes,Yes,No,No,Yes,Month-to-month,No,Bank transfer (automatic),53.72,1508.27,No
CUST-04881,Male,1,No,Yes,52,No,No phone service,No,No internet service,No internet service,No internet service,No internet service,No internet service,No internet service,Two year,Yes,Bank transfer (automatic),76.88,3996.5,No
CUST-04882,Female,0,No,No,0,Yes,No,No,No internet service,No internet service,No internet service,No internet service,No internet service,No internet service,One year,No,Mailed check,36.19,9.85,No
CUST-04883,Male,0,No,No,58,No,No phone service,Fiber optic,No,Yes,Yes,No,Yes,Yes,One year,No,Credit card (automatic),61.35,3554.07,No
CUST-04884,Female,1,Yes,No,47,Yes,No,No,No internet service,No internet service,No internet service,No internet service,No internet service,No internet service,Month-to-month,Yes,Credit card (automatic),24.77,1165.28,No
CUST-04885,Male,0,Yes,Yes,6,Yes,Yes,No,No internet service,No internet service,No internet service,No internet service,No internet service,No internet service,Month-to-month,Yes,Bank transfer (automatic),53.83,329.52,No
CUST-04886,Male,0,Yes,No,31,Yes,No,No,No internet service,No internet service,No internet service,No internet service,No internet service,No internet service,Two year,Yes,Bank transfer (automatic),84.67,2629.81,No
CUST-04887,Male,0,No,No,60,Yes,Yes,Fiber optic,No,No,No,Yes,Yes,Yes,Month-to-month,Yes,Credit card (automatic),76.95,4630.21,No
CUST-04888,Male,0,No,No,56,Yes,Yes,Fiber optic,No,Yes,No,No,Yes,No,Month-to-month,No,Mailed check,49.65,2782.02,No
CUST-04889,Male,0,No,No,50,Yes,No,Fiber optic,Yes,No,No,Yes,Yes,No,Month-to-month,No,Bank transfer (automatic),43.72,2181.53,No
CUST-04890,Female,1,Yes,No,18,Yes,Yes,DSL,Yes,Yes,No,Yes,Yes,Yes,Month-to-month,No,Bank transfer (automatic),50.71,913.2,No
CUST-04891,Female,0,Yes,No,26,Yes,Yes,DSL,Yes,Yes,No,Yes,Yes,No,Month-to-month,Yes,Bank transfer (automatic),24.95,644.51,No
CUST-04892,Female,0,No,Yes,62,Yes,No,DSL,Yes,No,Yes,Yes,Yes,No,Month-to-month,No,Credit card (automatic),43.76,2713.72,No
CUST-04893,Male,1,Yes,Yes,59,Yes,No,No,No internet service,No internet service,No internet service,No internet service,No internet service,No internet service,One year,No,Credit card (automatic),88.81,5245.96,No
CUST-04894,Male,1,Yes,No,60,Yes,No,Fiber optic,No,Yes,Yes,Yes,Yes,No,Month-to-month,No,Credit card (automatic),35.87,2155.68,Yes
CUST-04895,Female,0,No,No,60,No,No phone service,No,No internet service,No internet service,No internet service,No internet service,No internet service,No internet service,Month-to-month,Yes,Mailed check,31.82,1908.68,No
CUST-04896,Male,0,No,Yes,44,Yes,Yes,Fiber optic,No,Yes,No,No,Yes,No,Month-to-month,No,Credit card (automatic),102.61,4511.41,No
CUST-04897,Male,0,Yes,No,20,No,No phone service,DSL,No,No,Yes,Yes,Yes,Yes,Month-to-month,No,Credit card (automatic),41.66,834.83,No
CUST-04898,Female,0,No,No,43,Yes,Yes,DSL,No,No,Yes,Yes,No,Yes,Month-to-month,No,Credit card (automatic),43.11,1856.38,No
CUST-04899,Male,0,Yes,No,0,Yes,Yes,DSL,Yes,No,Yes,Yes,No,No,Month-to-month,Yes,Bank transfer (automatic),64.3,0.0,No
CUST-04900,Female,0,Yes,No,43,Yes,Yes,No,No internet service,No internet service,No internet service,No internet service,No internet service,No internet service,Month-to-month,Yes,Electronic check,65.19,2798.07,No
CUST-04901,Male,1,Yes,Yes,61,Yes,No,Fiber optic,No,No,Yes,Yes,Yes,No,One year,No,Bank transfer (automatic),36.62,2232.37,No
CUST-04902,Female,0,No,No,60,Yes,No,Fiber optic,Yes,Yes,Yes,Yes,Yes,No,Two year,Yes,Mailed check,73.61,4409.94,No
CUST-04903,Male,0,Yes,Yes,49,Yes,Yes,Fiber optic,Yes,Yes,No,Yes,No,Yes,Two year,Yes,Electronic check,87.57,4281.88,No
CUST-04904,Male,0,Yes,No,40,Yes,No,No,No internet service,No internet service,No internet service,No internet service,No internet service,No internet service,Two year,No,Electronic check,66.45,2652.85,No
CUST-04905,Female,0,No,Yes,32,Yes,No,DSL,No,Yes,No,Yes,No,Yes,Month-to-month,Yes,Mailed check,107.54,3443.19,No
CUST-04906,Male,0,No,No,11,Yes,No,No,No internet service,No internet service,No internet service,No internet service,No internet service,No internet service,Month-to-month,Yes,Credit card (automatic),117.16,1289.27,No
CUST-04907,Male,1,Yes,No,1,Yes,No,Fiber optic,No,Yes,Yes,Yes,Yes,Yes,Month-to-month,No,Bank transfer (automatic),70.86,68.64,Yes
CUST-04908,Female,0,No,No,20,Yes,No,No,No internet service,No internet service,No internet service,No internet service,No internet service,No internet service,Month-to-month,No,Mailed check,115.27,2300.72,No
CUST-04909,Male,0,No,Yes,13,Yes,Yes,Fiber optic,No,Yes,No,Yes,Yes,Yes,Month-to-month,No,Mailed check,82.65,1076.29,No
CUST-04910,Female,0,Yes,Yes,33,Yes,No,DSL,Yes,No,Yes,Yes,No,Yes,Month-to-month,Yes,Mailed check,70.88,2340.62,No
CUST-04911,Male,0,No,Yes,63,Yes,Yes,Fiber optic,No,No,No,No,Yes,Yes,Two year,No,Electronic check,105.0,6621.21,No
CUST-04912,Male,0,Yes,No,22,Yes,Yes,DSL,No,No,Yes,No,No,Yes,Two year,No,Bank transfer (automatic),114.65,2509.74,No
CUST-04913,Male,0,No,No,49,Yes,Yes,No,No internet service,No internet service,No internet service,No internet service,No internet service,No internet service,Month-to-month,Yes,Mailed check,117.9,5768.37,No
CUST-04914,Male,0,No,No,13,No,No phone service,Fiber optic,Yes,Yes,No,Yes,No,Yes,Month-to-month,No,Bank transfer (automatic),93.92,1225.65,No
CUST-04915,Female,0,Yes,Yes,45,Yes,Yes,DSL,Yes,No,Yes,No,No,No,Month-to-month,Yes,Electronic check,66.53,2996.22,No
CUST-04916,Male,0,Yes,Yes,4,Yes,No,DSL,Yes,No,No,No,No,No,Month-to-month,Yes,Bank transfer (automatic),47.6,195.07,Yes
CUST-04917,Female,0,No,Yes,65,Yes,Yes,No,No internet service,No internet service,No internet service,No internet service,No internet service,No internet service,Two year,No,Mailed check,73.8,4792.54,No
CUST-04918,Male,0,No,No,21,Yes,Yes,No,No internet service,No internet service,No internet service,No internet service,No internet service,No internet service,Month-to-month,Yes,Electronic check,95.75,2008.8,Yes
CUST-04919,Male,0,No,No,69,No,No phone service,Fiber optic,Yes,Yes,Yes,Yes,No,No,Month-to-month,Yes,Electronic check,20.68,1420.53,No
CUST-04920,Male,0,Yes,No,1,Yes,No,Fiber optic,Yes,Yes,Yes,Yes,No,No,One year,Yes,Electronic check,44.77,33.09,No
CUST-04921,Male,0,No,No,28,Yes,No,No,No internet service,No internet service,No internet service,No internet service,No internet service,No internet service,One year,No,Electronic check,53.46,1497.58,No
CUST-04922,Female,0,Yes,Yes,60,Yes,No,DSL,Yes,Yes,Yes,Yes,No,Yes,Two year,No,Mailed check,95.99,5766.48,No
CUST-04923,Female,0,No,Yes,70,No,No phone service,DSL,Yes,No,Yes,No,No,Yes,One year,Yes,Mailed check,79.36,5554.36,No
CUST-04924,Female,0,No,No,15,Yes,Yes,Fiber optic,No,No,No,Yes,Yes,Yes,Month-to-month,Yes,Credit card (automatic),60.57,904.97,No
CUST-04925,Female,1,No,No,63,Yes,Yes,No,No internet service,No internet service,No internet service,No internet service,No internet service,No internet service,Month-to-month,Yes,Bank transfer (automatic),109.93,6919.99,No
CUST-04926,Male,0,No,No,13,Yes,Yes,Fiber optic,No,No,Yes,Yes,Yes,No,Month-to-month,Yes,Electronic check,71.81,939.1,Yes
CUST-04927,Female,0,No,Yes,42,Yes,Yes,DSL,No,Yes,No,No,Yes,Yes,Month-to-month,Yes,Bank transfer (automatic),90.39,3796.79,No
CUST-04928,Female,0,Yes,Yes,42,Yes,Yes,Fiber optic,No,Yes,Yes,No,No,No,Month-to-month,Yes,Electronic check,83.55,3509.71,Yes
CUST-04929,Male,1,Yes,Yes,69,Yes,No,Fiber optic,No,No,Yes,No,No,No,Two year,No,Bank transfer (automatic),103.85,7158.43,No
CUST-04930,Male,0,Yes,Yes,54,Yes,Yes,Fiber optic,No,Yes,No,No,Yes,No,Month-to-month,No,Bank transfer (automatic),99.24,5354.38,No
CUST-04931,Male,0,No,Yes,30,Yes,No,No,No internet service,No internet service,No internet service,No internet service,No internet service,No internet service,Two year,Yes,Mailed check,116.9,3510.67,No
CUST-04932,Male,1,Yes,No,39,No,No phone service,Fiber optic,Yes,No,Yes,No,No,No,One year,No,Credit card (automatic),55.92,2178.25,No
CUST-04933,Female,1,Yes,Yes,26,Yes,No,DSL,Yes,No,Yes,Yes,No,Yes,One year,Yes,Electronic check,34.49,893.48,No
CUST-04934,Female,0,No,Yes,51,Yes,No,No,No internet service,No internet service,No internet service,No internet service,No internet service,No internet service,Month-to-month,Yes,Credit card (automatic),93.98,4805.53,No
CUST-04935,Male,0,No,No,6,Yes,No,DSL,No,No,No,No,Yes,No,Month-to-month,Yes,Bank transfer (automatic),105.47,633.17,No
CUST-04936,Male,1,Yes,No,45,Yes,Yes,No,No internet service,No internet service,No internet service,No internet service,No internet service,No internet service,Two year,Yes,Bank transfer (automatic),23.44,1053.94,No
CUST-04937,Male,0,Yes,No,32,Yes,No,Fiber optic,No,Yes,No,Yes,Yes,No,One year,No,Electronic check,51.29,1640.6,No
CUST-04938,Female,0,Yes,No,7,Yes,Yes,Fiber optic,Yes,No,No,Yes,No,No,Month-to-month,Yes,Credit card (automatic),98.72,687.65,Yes
CUST-04939,Female,0,Yes,No,4,Yes,Yes,No,No internet service,No internet service,No internet service,No internet service,No internet service,No internet service,Month-to-month,Yes,Bank transfer (automatic),86.34,345.0,Yes
CUST-04940,Male,0,Yes,Yes,60,Yes,No,Fiber optic,Yes,Yes,Yes,Yes,Yes,Yes,One year,No,Electronic check,93.53,5621.5,No
CUST-04941,Male,0,Yes,No,71,Yes,No,Fiber optic,No,No,Yes,No,No,Yes,Month-to-month,Yes,Credit card (automatic),72.32,5136.79,No
CUST-04942,Female,0,Yes,Yes,59,Yes,No,No,No internet service,No internet service,No internet service,No internet service,No internet service,No internet service,Month-to-month,Yes,Bank transfer (automatic),56.18,3306.64,No
CUST-04943,Male,1,No,Yes,23,Yes,No,DSL,No,Yes,No,No,No,Yes,Month-to-month,No,Mailed check,99.14,2278.03,Yes
CUST-04944,Male,0,Yes,No,6,Yes,Yes,DSL,Yes,No,No,Yes,No,Yes,Month-to-month,Yes,Mailed check,73.45,441.22,No
CUST-04945,Female,0,No,No,60,Yes,Yes,Fiber optic,Yes,Yes,No,Yes,No,Yes,One year,No,Credit card (automatic),69.5,4162.47,No
CUST-04946,Male,0,No,No,35,No,No phone service,DSL,Yes,No,Yes,Yes,Yes,No,Month-to-month,No,Bank transfer (automatic),91.48,3199.46,No
CUST-04947,Female,1,No,No,26,No,No phone service,DSL,No,Yes,Yes,No,No,No,One year,No,Mailed check,37.09,959.53,No
CUST-04948,Male,0,Yes,No,28,Yes,No,No,No internet service,No internet service,No internet service,No internet service,No internet service,No internet service,Month-to-month,Yes,Bank transfer (automatic),76.6,2142.82,Yes
CUST-04949,Male,0,Yes,No,19,Yes,No,Fiber optic,Yes,No,Yes,Yes,No,No,Two year,Yes,Mailed check,48.44,920.71,No
CUST-04950,Female,0,No,No,69,Yes,No,No,No internet service,No internet service,No internet service,No internet service,No internet service,No internet service,Two year,Yes,Mailed check,20.14,1393.15,No
CUST-04951,Female,0,Yes,No,2,Yes,Yes,No,No internet service,No internet service,No internet service,No internet service,No internet service,No internet service,Month-to-month,Yes,Electronic check,92.89,180.01,Yes
CUST-04952,Male,1,Yes,No,38,Yes,Yes,DSL,Yes,No,Yes,No,Yes,No,One year,No,Electronic check,65.47,2487.43,No
CUST-04953,Female,0,No,Yes,44,No,No phone service,No,No internet service,No internet service,No internet service,No internet service,No internet service,No internet service,Month-to-month,No,Mailed check,108.32,4764.44,No
CUST-04954,Male,0,Yes,No,67,Yes,No,No,No internet service,No internet service,No internet service,No internet service,No internet service,No internet service,Two year,Yes,Bank transfer (automatic),68.02,4556.24,No
CUST-04955,Male,0,No,No,30,Yes,No,DSL,No,No,No,No,No,Yes,Month-to-month,No,Credit card (automatic),19.02,566.5,No
CUST-04956,Female,0,No,Yes,37,Yes,No,No,No internet service,No internet service,No internet service,No internet service,No internet service,No internet service,Month-to-month,No,Bank transfer (automatic),58.87,2177.95,No
CUST-04957,Male,0,No,No,5,Yes,No,Fiber optic,Yes,Yes,Yes,Yes,Yes,No,Month-to-month,No,Electronic check,35.11,178.02,Yes
CUST-04958,Male,0,No,No,7,Yes,No,No,No internet service,No internet service,No internet service,No internet service,No internet service,No internet service,Month-to-month,Yes,Electronic check,110.11,763.81,No
CUST-04959,Female,0,Yes,Yes,27,Yes,Yes,No,No internet service,No internet service,No internet service,No internet service,No internet service,No internet service,Month-to-month,Yes,Mailed check,62.58,1698.3,No
CUST-04960,Female,0,No,Yes,14,Yes,No,Fiber optic,Yes,Yes,Yes,Yes,No,No,Month-to-month,No,Bank transfer (automatic),69.07,971.69,No
CUST-04961,Male,0,Yes,No,7,Yes,Yes,Fiber optic,Yes,Yes,Yes,No,No,No,Month-to-month,Yes,Bank transfer (automatic),54.55,373.98,No
CUST-04962,Female,0,Yes,No,53,Yes,No,DSL,Yes,No,Yes,Yes,Yes,Yes,Month-to-month,No,Mailed check,70.22,3728.89,No
CUST-04963,Female,0,Yes,No,5,Yes,Yes,Fiber optic,No,No,Yes,Yes,Yes,No,Month-to-month,No,Credit card (automatic),26.28,138.97,No
CUST-04964,Female,0,Yes,Yes,28,Yes,No,DSL,No,No,No,No,Yes,Yes,Month-to-month,Yes,Electronic check,63.87,1785.85,No
CUST-04965,Female,0,No,Yes,33,Yes,No,No,No internet service,No internet service,No internet service,No internet service,No internet service,No internet service,Month-to-month,Yes,Credit card (automatic),84.34,2784.25,No
CUST-04966,Male,0,No,No,6,Yes,Yes,Fiber optic,Yes,Yes,No,No,No,Yes,Month-to-month,Yes,Bank transfer (automatic),55.23,331.83,No
CUST-04967,Male,1,No,No,39,Yes,No,No,No internet service,No internet service,No internet service,No internet service,No internet service,No internet service,Month-to-month,Yes,Mailed check,57.27,2226.64,No
CUST-04968,Male,0,No,No,12,Yes,No,Fiber optic,No,Yes,Yes,Yes,No,Yes,Two year,Yes,Mailed check,101.74,1226.01,No
CUST-04969,Female,0,No,No,61,Yes,No,DSL,No,Yes,Yes,Yes,Yes,No,Month-to-month,No,Bank transfer (automatic),71.66,4361.86,Yes
CUST-04970,Female,1,Yes,No,64,Yes,Yes,Fiber optic,Yes,Yes,Yes,No,No,Yes,Month-to-month,No,Mailed check,76.76,4914.09,No
CUST-04971,Female,1,No,Yes,40,Yes,No,DSL,No,No,Yes,No,No,No,Two year,Yes,Mailed check,47.68,1915.04,No
CUST-04972,Female,1,Yes,Yes,41,Yes,No,DSL,Yes,Yes,Yes,Yes,Yes,Yes,Month-to-month,Yes,Electronic check,66.3,2709.86,Yes
CUST-04973,Female,0,Yes,No,65,Yes,No,Fiber optic,No,No,No,No,Yes,Yes,Month-to-month,Yes,Electronic check,23.4,1519.53,No
CUST-04974,Female,0,No,No,10,Yes,No,No,No internet service,No internet service,No internet service,No internet service,No internet service,No internet service,Month-to-month,Yes,Electronic check,61.03,616.0,Yes
CUST-04975,Female,0,Yes,No,49,Yes,No,Fiber optic,No,No,No,Yes,No,Yes,Month-to-month,No,Credit card (automatic),98.27,4817.24,No
CUST-04976,Male,0,Yes,No,70,Yes,Yes,DSL,Yes,Yes,No,No,No,Yes,Two year,Yes,Electronic check,34.15,2394.67,No
CUST-04977,Male,0,No,No,34,Yes,Yes,No,No internet service,No internet service,No internet service,No internet service,No internet service,No internet service,Month-to-month,Yes,Credit card (automatic),94.45,3207.86,No
CUST-04978,Female,1,No,Yes,19,Yes,Yes,DSL,No,No,No,Yes,Yes,No,One year,Yes,Bank transfer (automatic),55.42,1048.28,No
CUST-04979,Female,0,No,Yes,27,Yes,Yes,DSL,No,No,Yes,No,Yes,Yes,Month-to-month,Yes,Credit card (automatic),20.71,558.17,No
CUST-04980,Female,0,Yes,Yes,36,Yes,No,No,No internet service,No internet service,No internet service,No internet service,No internet service,No internet service,One year,No,Electronic check,113.32,4080.85,No
CUST-04981,Male,1,No,Yes,2,Yes,No,DSL,No,No,Yes,Yes,No,Yes,Two year,Yes,Bank transfer (automatic),36.14,75.28,No
CUST-04982,Male,0,No,No,58,Yes,Yes,DSL,No,Yes,Yes,No,No,No,Month-to-month,No,Bank transfer (automatic),51.48,2988.06,No
CUST-04983,Female,0,Yes,Yes,26,Yes,Yes,Fiber optic,Yes,Yes,No,Yes,No,Yes,Month-to-month,Yes,Bank transfer (automatic),66.07,1722.71,No
CUST-04984,Female,0,No,Yes,31,Yes,Yes,DSL,No,No,No,No,No,No,Month-to-month,Yes,Bank transfer (automatic),112.94,3501.72,No
CUST-04985,Male,0,Yes,No,47,Yes,Yes,DSL,Yes,Yes,Yes,No,Yes,No,Month-to-month,No,Bank transfer (automatic),76.12,3572.4,No
CUST-04986,Male,0,Yes,No,45,Yes,Yes,Fiber optic,No,No,No,Yes,No,No,Month-to-month,No,Electronic check,108.53,4877.07,Yes
CUST-04987,Male,1,No,No,46,Yes,No,No,No internet service,No internet service,No internet service,No internet service,No internet service,No internet service,Two year,No,Credit card (automatic),74.45,3428.49,No
CUST-04988,Male,1,Yes,No,39,Yes,Yes,Fiber optic,Yes,No,Yes,No,No,No,Month-to-month,Yes,Bank transfer (automatic),38.54,1508.09,No
CUST-04989,Female,1,Yes,No,2,Yes,No,DSL,Yes,No,No,No,No,No,One year,No,Credit card (automatic),74.44,158.74,No
CUST-04990,Male,0,No,No,28,No,No phone service,No,No internet service,No internet service,No internet service,No internet service,No internet service,No internet service,Month-to-month,Yes,Bank transfer (automatic),28.04,797.24,No
CUST-04991,Male,1,No,Yes,57,Yes,Yes,No,No internet service,No internet service,No internet service,No internet service,No internet service,No internet service,Month-to-month,Yes,Credit card (automatic),29.71,1698.33,Yes
CUST-04992,Female,0,No,Yes,49,No,No phone service,DSL,No,Yes,No,Yes,No,Yes,Two year,Yes,Mailed check,29.57,1450.76,No
CUST-04993,Male,0,Yes,No,9,Yes,No,Fiber optic,Yes,No,Yes,No,Yes,No,Month-to-month,Yes,Electronic check,19.23,170.97,No
CUST-04994,Male,0,Yes,No,60,Yes,No,Fiber optic,Yes,Yes,No,No,No,Yes,Month-to-month,Yes,Mailed check,33.13,1983.43,No
CUST-04995,Male,0,No,No,60,Yes,No,Fiber optic,Yes,Yes,No,No,Yes,Yes,Month-to-month,Yes,Electronic check,53.3,3198.33,Yes
CUST-04996,Female,0,No,Yes,22,Yes,Yes,No,No internet service,No internet service,No internet service,No internet service,No internet service,No internet service,Two year,Yes,Electronic check,25.21,554.1,No
CUST-04997,Male,0,No,No,5,Yes,No,No,No internet service,No internet service,No internet service,No internet service,No internet service,No internet service,Month-to-month,Yes,Bank transfer (automatic),18.62,102.63,No
CUST-04998,Female,0,Yes,No,59,Yes,No,Fiber optic,Yes,No,No,No,No,Yes,Two year,No,Mailed check,29.23,1727.5,No
CUST-04999,Female,0,No,No,26,Yes,Yes,DSL,No,Yes,No,No,Yes,Yes,Month-to-month,Yes,Mailed check,111.61,2900.71,No
CUST-05000,Male,0,Yes,Yes,54,Yes,Yes,DSL,Yes,No,No,No,Yes,Yes,Two year,Yes,Credit card (automatic),70.56,3805.83,No
CUST-05001,Male,0,No,No,30,Yes,Yes,Fiber optic,No,No,Yes,Yes,No,Yes,Month-to-month,No,Bank transfer (automatic),61.5,1847.67,No
CUST-05002,Male,0,Yes,No,29,Yes,No,Fiber optic,Yes,Yes,Yes,Yes,Yes,No,Month-to-month,Yes,Mailed check,66.72,1935.57,No
CUST-05003,Male,0,Yes,No,66,Yes,Yes,No,No internet service,No internet service,No internet service,No internet service,No internet service,No internet service,Month-to-month,Yes,Electronic check,73.48,4847.42,No
CUST-05004,Female,0,No,Yes,12,Yes,No,DSL,Yes,Yes,No,No,Yes,No,One year,Yes,Credit card (automatic),28.78,341.93,No
CUST-05005,Male,0,Yes,No,58,Yes,Yes,Fiber optic,Yes,No,Yes,Yes,Yes,No,Two year,Yes,Electronic check,76.48,4438.59,No
CUST-05006,Male,0,Yes,Yes,53,Yes,No,DSL,Yes,Yes,Yes,No,No,Yes,Month-to-month,Yes,Electronic check,101.42,5373.22,No
CUST-05007,Male,0,No,Yes,20,Yes,Yes,No,No internet service,No internet service,No internet service,No internet service,No internet service,No internet service,One year,Yes,Credit card (automatic),74.06,1479.58,No
CUST-05008,Female,1,No,No,42,Yes,Yes,No,No internet service,No internet service,No internet service,No internet service,No internet service,No internet service,Month-to-month,Yes,Electronic check,106.3,4462.18,No
CUST-05009,Male,0,Yes,Yes,10,Yes,No,No,No internet service,No internet service,No internet service,No internet service,No internet service,No internet service,Month-to-month,Yes,Credit card (automatic),31.82,332.37,No
CUST-05010,Male,0,Yes,No,66,Yes,Yes,DSL,Yes,Yes,No,Yes,No,Yes,Month-to-month,No,Credit card (automatic),100.59,6639.73,No
CUST-05011,Female,0,Yes,No,37,Yes,Yes,DSL,Yes,Yes,No,No,Yes,Yes,Month-to-month,Yes,Bank transfer (automatic),84.26,3113.5,No
CUST-05012,Female,0,No,Yes,23,Yes,No,Fiber optic,No,Yes,No,No,Yes,No,Month-to-month,Yes,Credit card (automatic),78.37,1789.65,Yes
CUST-05013,Male,0,Yes,No,50,Yes,Yes,Fiber optic,Yes,No,No,No,No,Yes,Month-to-month,No,Bank transfer (automatic),76.88,3835.8,Yes
CUST-05014,Male,0,Yes,No,60,Yes,Yes,DSL,No,No,Yes,Yes,Yes,Yes,Month-to-month,Yes,Credit card (automatic),29.89,1791.94,No
CUST-05015,Male,0,No,Yes,45,Yes,No,No,No internet service,No internet service,No internet service,No internet service,No internet service,No internet service,Month-to-month,No,Bank transfer (automatic),82.19,3707.03,No
CUST-05016,Male,1,No,No,42,Yes,No,No,No internet service,No internet service,No internet service,No internet service,No internet service,No internet service,Month-to-month,Yes,Mailed check,57.88,2442.39,No
CUST-05017,Male,0,No,No,26,Yes,Yes,DSL,No,Yes,Yes,No,No,No,Month-to-month,No,Credit card (automatic),24.33,631.39,Yes
CUST-05018,Female,0,No,No,29,Yes,Yes,Fiber optic,Yes,No,Yes,No,Yes,No,Two year,No,Mailed check,38.53,1119.19,No
CUST-05019,Female,0,No,Yes,62,Yes,No,Fiber optic,No,Yes,Yes,Yes,No,No,One year,Yes,Mailed check,62.26,3859.29,No
CUST-05020,Male,0,Yes,No,9,Yes,No,DSL,Yes,Yes,Yes,No,No,No,Two year,No,Credit card (automatic),117.3,1057.98,No
CUST-05021,Male,1,Yes,Yes,2,Yes,Yes,DSL,No,No,Yes,Yes,Yes,No,Month-to-month,No,Credit card (automatic),61.07,120.94,No
CUST-05022,Female,0,Yes,No,59,Yes,No,Fiber optic,No,Yes,Yes,No,No,Yes,One year,Yes,Mailed check,32.98,1943.03,No
CUST-05023,Male,0,No,No,26,Yes,Yes,No,No internet service,No internet service,No internet service,No internet service,No internet service,No internet service,Month-to-month,No,Credit card (automatic),108.17,2809.14,Yes
CUST-05024,Male,0,No,No,44,Yes,Yes,No,No internet service,No internet service,No internet service,No internet service,No internet service,No internet service,One year,No,Bank transfer (automatic),21.52,950.43,No
CUST-05025,Male,0,No,No,61,Yes,No,DSL,No,Yes,No,No,No,No,Month-to-month,Yes,Mailed check,30.67,1877.38,No
CUST-05026,Male,1,Yes,No,23,Yes,No,No,No internet service,No internet service,No internet service,No internet service,No internet service,No internet service,Month-to-month,Yes,Credit card (automatic),65.37,1501.26,No
CUST-05027,Male,0,No,No,45,Yes,No,Fiber optic,Yes,No,No,Yes,Yes,No,Two year,Yes,Mailed check,27.28,1231.24,No
CUST-05028,Female,1,No,No,43,Yes,No,DSL,Yes,No,Yes,Yes,No,Yes,One year,No,Mailed check,75.16,3232.66,No
CUST-05029,Male,1,No,No,62,Yes,Yes,Fiber optic,No,No,No,Yes,Yes,Yes,One year,Yes,Electronic check,33.78,2092.45,No
CUST-05030,Male,0,Yes,Yes,3,Yes,No,No,No internet service,No internet service,No internet service,No internet service,No internet service,No internet service,One year,Yes,Credit card (automatic),83.09,252.66,No
CUST-05031,Male,0,No,Yes,15,Yes,Yes,DSL,Yes,Yes,Yes,No,No,Yes,One year,No,Bank transfer (automatic),29.77,453.29,No
CUST-05032,Female,0,No,No,50,Yes,Yes,DSL,No,No,Yes,No,No,No,Month-to-month,Yes,Bank transfer (automatic),99.01,4946.38,No
CUST-05033,Female,1,Yes,No,47,Yes,Yes,Fiber optic,No,Yes,No,Yes,No,No,Month-to-month,No,Bank transfer (automatic),91.38,4293.25,No
CUST-05034,Female,0,No,Yes,64,Yes,Yes,DSL,No,No,No,Yes,No,No,Month-to-month,Yes,Electronic check,110.54,7081.89,Yes
CUST-05035,Female,0,No,Yes,68,Yes,Yes,No,No internet service,No internet service,No internet service,No internet service,No internet service,No internet service,Month-to-month,No,Bank transfer (automatic),24.84,1688.91,Yes
CUST-05036,Male,0,No,Yes,44,Yes,No,Fiber optic,Yes,Yes,No,No,Yes,Yes,One year,No,Bank transfer (automatic),73.53,3231.35,No
CUST-05037,Female,0,Yes,No,2,Yes,No,No,No internet service,No internet service,No internet service,No internet service,No internet service,No internet service,Month-to-month,Yes,Bank transfer (automatic),88.89,178.63,No
CUST-05038,Male,0,No,No,16,Yes,Yes,DSL,Yes,Yes,No,Yes,Yes,No,Month-to-month,Yes,Credit card (automatic),108.27,1732.36,No
CUST-05039,Male,0,No,No,36,Yes,No,No,No internet service,No internet service,No internet service,No internet service,No internet service,No internet service,One year,No,Mailed check,66.21,2388.84,No
CUST-05040,Female,1,Yes,No,4,Yes,No,Fiber optic,Yes,No,No,Yes,Yes,No,Two year,No,Mailed check,113.13,452.3,No
CUST-05041,Female,0,Yes,No,46,Yes,Yes,DSL,Yes,No,Yes,No,Yes,Yes,Month-to-month,Yes,Bank transfer (automatic),30.25,1391.45,No
CUST-05042,Female,0,No,No,43,No,No phone service,No,No internet service,No internet service,No internet service,No internet service,No internet service,No internet service,One year,No,Credit card (automatic),61.32,2636.5,No
CUST-05043,Female,0,Yes,Yes,32,Yes,No,Fiber optic,Yes,No,Yes,No,Yes,No,Two year,Yes,Credit card (automatic),43.32,1387.08,No
CUST-05044,Female,0,No,Yes,20,Yes,Yes,DSL,No,No,No,No,Yes,Yes,Month-to-month,No,Credit card (automatic),33.54,678.38,No
CUST-05045,Male,0,Yes,No,66,Yes,No,DSL,Yes,No,No,No,Yes,No,One year,Yes,Electronic check,46.68,3084.5,No
CUST-05046,Female,0,No,No,67,Yes,No,DSL,Yes,Yes,Yes,Yes,Yes,Yes,Two year,No,Credit card (automatic),84.47,5654.28,No
CUST-05047,Female,0,No,No,31,No,No phone service,No,No internet service,No internet service,No internet service,No internet service,No internet service,No internet service,One year,Yes,Mailed check,66.32,2057.33,No
CUST-05048,Female,1,No,No,23,No,No phone service,No,No internet service,No internet service,No internet service,No internet service,No internet service,No internet service,Month-to-month,Yes,Electronic check,36.15,833.18,No
CUST-05049,Male,0,Yes,No,34,Yes,No,Fiber optic,Yes,Yes,Yes,No,Yes,Yes,Month-to-month,Yes,Credit card (automatic),21.17,721.66,No
CUST-05050,Female,0,Yes,Yes,17,Yes,Yes,Fiber optic,No,Yes,No,No,No,Yes,Month-to-month,Yes,Electronic check,110.35,1868.55,No
CUST-05051,Male,0,No,Yes,66,Yes,Yes,DSL,Yes,No,Yes,No,Yes,No,Two year,Yes,Electronic check,49.41,3261.79,No
CUST-05052,Female,0,No,No,53,Yes,No,Fiber optic,Yes,Yes,No,No,No,Yes,Two year,Yes,Bank transfer (automatic),30.76,1627.44,No
CUST-05053,Female,1,No,No,25,Yes,Yes,DSL,Yes,Yes,Yes,Yes,No,No,Month-to-month,Yes,Credit card (automatic),32.61,807.76,Yes
CUST-05054,Male,0,No,No,59,Yes,No,DSL,Yes,Yes,Yes,No,Yes,No,Two year,No,Mailed check,43.34,2563.11,No
CUST-05055,Female,0,Yes,No,64,Yes,Yes,Fiber optic,No,No,No,Yes,No,No,Month-to-month,Yes,Credit card (automatic),41.08,2627.71,No
CUST-05056,Male,0,Yes,No,50,Yes,Yes,No,No internet service,No internet service,No internet service,No internet service,No internet service,No internet service,Month-to-month,Yes,Bank transfer (automatic),45.96,2296.66,No
CUST-05057,Male,0,No,No,59,Yes,No,Fiber optic,Yes,No,Yes,Yes,Yes,No,One year,No,Bank transfer (automatic),40.55,2396.86,No
CUST-05058,Male,0,Yes,Yes,58,Yes,No,No,No internet service,No internet service,No internet service,No internet service,No internet service,No internet service,Two year,Yes,Credit card (automatic),61.06,3546.6,No
CUST-05059,Female,0,Yes,Yes,16,Yes,No,No,No internet service,No internet service,No internet service,No internet service,No internet service,No internet service,One year,Yes,Mailed check,94.56,1511.72,No
CUST-05060,Female,0,Yes,Yes,20,Yes,Yes,Fiber optic,Yes,Yes,No,No,Yes,Yes,Two year,Yes,Credit card (automatic),20.72,414.55,No
CUST-05061,Female,0,No,No,66,Yes,No,DSL,Yes,No,No,Yes,No,No,Month-to-month,Yes,Electronic check,37.05,2440.25,No
CUST-05062,Male,0,No,Yes,27,Yes,Yes,Fiber optic,Yes,No,No,Yes,Yes,Yes,Month-to-month,No,Bank transfer (automatic),89.2,2403.69,No
CUST-05063,Female,0,Yes,No,43,Yes,Yes,DSL,Yes,No,Yes,Yes,No,No,Two year,No,Electronic check,32.89,1420.76,No
CUST-05064,Male,0,Yes,No,69,No,No phone service,DSL,No,Yes,Yes,No,Yes,No,Month-to-month,Yes,Credit card (automatic),92.13,6357.2,No
CUST-05065,Female,0,No,No,61,Yes,No,Fiber optic,Yes,No,No,Yes,No,Yes,Month-to-month,Yes,Electronic check,69.48,4243.13,No
CUST-05066,Male,0,No,Yes,41,Yes,Yes,No,No internet service,No internet service,No internet service,No internet service,No internet service,No internet service,Month-to-month,Yes,Electronic check,106.16,4351.73,No
CUST-05067,Male,0,No,Yes,21,Yes,No,Fiber optic,No,No,No,Yes,Yes,Yes,Month-to-month,No,Credit card (automatic),19.02,401.52,Yes
CUST-05068,Male,0,Yes,No,37,Yes,Yes,Fiber optic,Yes,No,Yes,No,No,Yes,Month-to-month,No,Mailed check,96.44,3559.56,No
CUST-05069,Female,0,Yes,Yes,13,Yes,Yes,Fiber optic,Yes,No,No,No,No,Yes,Month-to-month,Yes,Credit card (automatic),75.22,982.16,No
CUST-05070,Male,0,Yes,Yes,25,No,No phone service,Fiber optic,No,Yes,Yes,No,No,No,Month-to-month,Yes,Electronic check,64.89,1622.11,No
CUST-05071,Male,0,No,Yes,39,No,No phone service,Fiber optic,No,Yes,Yes,No,No,No,One year,No,Mailed check,32.57,1267.88,No
CUST-05072,Male,0,No,Yes,53,Yes,Yes,Fiber optic,Yes,Yes,No,No,Yes,Yes,Month-to-month,Yes,Mailed check,41.41,2197.87,No
CUST-05073,Male,0,No,Yes,12,No,No phone service,Fiber optic,Yes,No,Yes,No,No,Yes,Two year,No,Bank transfer (automatic),96.6,1164.17,No
CUST-05074,Male,1,No,No,18,Yes,No,No,No internet service,No internet service,No internet service,No internet service,No internet service,No internet service,Month-to-month,No,Electronic check,32.9,590.17,Yes
CUST-05075,Male,0,No,No,41,Yes,No,Fiber optic,Yes,Yes,No,No,No,Yes,Two year,Yes,Credit card (automatic),70.73,2893.95,No
CUST-05076,Female,0,Yes,No,40,Yes,No,DSL,No,Yes,Yes,No,No,No,Month-to-month,No,Credit card (automatic),38.76,1558.73,No
CUST-05077,Female,0,Yes,Yes,49,Yes,Yes,Fiber optic,No,Yes,Yes,No,Yes,Yes,Month-to-month,No,Bank transfer (automatic),66.93,3278.49,No
CUST-05078,Male,0,Yes,No,2,No,No phone service,Fiber optic,Yes,No,No,No,Yes,Yes,Two year,No,Credit card (automatic),43.47,77.34,No
CUST-05079,Female,0,No,No,30,Yes,Yes,No,No internet service,No internet service,No internet service,No internet service,No internet service,No internet service,Month-to-month,No,Bank transfer (automatic),53.11,1591.19,Yes
CUST-05080,Female,0,Yes,Yes,14,Yes,Yes,DSL,Yes,Yes,No,Yes,No,Yes,Month-to-month,Yes,Mailed check,98.24,1377.61,No
CUST-05081,Male,0,No,No,53,Yes,Yes,Fiber optic,No,Yes,No,No,No,Yes,One year,Yes,Bank transfer (automatic),21.71,1150.22,No
CUST-05082,Male,1,Yes,Yes,52,Yes,No,Fiber optic,No,No,No,Yes,Yes,Yes,Month-to-month,No,Electronic check,110.43,5741.71,No
CUST-05083,Male,0,Yes,No,44,Yes,Yes,Fiber optic,Yes,No,No,No,No,No,One year,No,Credit card (automatic),49.94,2195.6,No
CUST-05084,Female,0,No,No,37,Yes,Yes,Fiber optic,Yes,No,Yes,Yes,Yes,No,Month-to-month,No,Electronic check,77.6,2869.1,No
CUST-05085,Male,0,Yes,No,49,Yes,No,Fiber optic,No,Yes,Yes,No,No,Yes,Month-to-month,Yes,Mailed check,40.18,1962.43,No
CUST-05086,Female,0,Yes,Yes,23,Yes,Yes,No,No internet service,No internet service,No internet service,No internet service,No internet service,No internet service,One year,Yes,Electronic check,53.87,1232.52,No
CUST-05087,Male,0,Yes,No,16,Yes,No,DSL,No,No,No,No,No,No,Month-to-month,Yes,Mailed check,63.97,1025.34,Yes
CUST-05088,Female,0,Yes,Yes,17,Yes,No,DSL,Yes,Yes,Yes,No,No,No,Month-to-month,Yes,Mailed check,86.87,1482.94,No
CUST-05089,Male,0,Yes,No,41,Yes,No,Fiber optic,Yes,Yes,No,Yes,Yes,No,Month-to-month,No,Mailed check,105.31,4316.33,Yes
CUST-05090,Male,0,Yes,No,16,Yes,No,Fiber optic,Yes,No,No,Yes,Yes,Yes,Month-to-month,Yes,Electronic check,104.61,1680.69,No
CUST-05091,Female,0,Yes,Yes,15,Yes,Yes,Fiber optic,Yes,No,Yes,Yes,No,No,Month-to-month,Yes,Bank transfer (automatic),51.7,780.99,Yes
CUST-05092,Female,1,No,No,51,Yes,Yes,DSL,No,Yes,Yes,No,No,No,Month-to-month,No,Credit card (automatic),26.87,1369.71,No
CUST-05093,Female,0,Yes,No,35,Yes,Yes,DSL,Yes,No,No,No,Yes,No,Two year,No,Mailed check,110.5,3870.69,No
CUST-05094,Female,1,No,No,38,Yes,Yes,DSL,Yes,Yes,Yes,No,Yes,No,Month-to-month,Yes,Mailed check,21.07,803.11,No
CUST-05095,Female,0,Yes,Yes,24,Yes,No,No,No internet service,No internet service,No internet service,No internet service,No internet service,No internet service,One year,No,Bank transfer (automatic),106.11,2544.12,No
CUST-05096,Female,0,No,No,41,No,No phone service,No,No internet service,No internet service,No internet service,No internet service,No internet service,No internet service,Month-to-month,No,Mailed check,20.58,832.99,No
CUST-05097,Male,0,No,No,20,No,No phone service,No,No internet service,No internet service,No internet service,No internet service,No internet service,No internet service,Month-to-month,Yes,Bank transfer (automatic),115.66,2313.89,Yes
CUST-05098,Female,0,Yes,No,67,Yes,Yes,Fiber optic,Yes,Yes,Yes,No,No,Yes,One year,Yes,Mailed check,19.11,1283.88,No
CUST-05099,Male,1,No,No,58,Yes,Yes,Fiber optic,Yes,No,Yes,No,Yes,Yes,Two year,No,Bank transfer (automatic),19.7,1139.83,No
CUST-05100,Male,0,No,No,29,Yes,No,DSL,No,No,Yes,No,Yes,Yes,Month-to-month,No,Credit card (automatic),68.87,2007.27,No
CUST-05101,Female,1,Yes,No,56,No,No phone service,DSL,No,No,Yes,Yes,Yes,Yes,Two year,Yes,Mailed check,84.68,4747.24,No
CUST-05102,Male,0,No,Yes,32,Yes,Yes,No,No internet service,No internet service,No internet service,No internet service,No internet service,No internet service,Two year,Yes,Mailed check,53.28,1697.6,No
CUST-05103,Female,0,Yes,No,52,Yes,No,Fiber optic,No,Yes,No,Yes,Yes,No,Two year,Yes,Mailed check,78.59,4085.71,No
CUST-05104,Female,0,No,No,15,Yes,Yes,No,No internet service,No internet service,No internet service,No internet service,No internet service,No internet service,Month-to-month,No,Mailed check,102.59,1534.65,Yes
CUST-05105,Male,0,No,No,48,No,No phone service,Fiber optic,No,Yes,No,No,No,Yes,Month-to-month,Yes,Electronic check,97.56,4681.04,No
CUST-05106,Male,0,No,No,4,Yes,Yes,Fiber optic,Yes,Yes,No,No,No,No,Two year,No,Electronic check,106.41,428.91,No
CUST-05107,Female,0,No,Yes,59,Yes,No,DSL,Yes,Yes,Yes,Yes,No,No,One year,Yes,Mailed check,33.92,2000.02,No
CUST-05108,Female,0,Yes,No,70,Yes,No,No,No internet service,No internet service,No internet service,No internet service,No internet service,No internet service,Month-to-month,Yes,Bank transfer (automatic),40.46,2829.35,No
CUST-05109,Male,0,Yes,No,54,Yes,Yes,Fiber optic,No,No,Yes,No,Yes,No,Two year,Yes,Mailed check,76.77,4146.05,No
CUST-05110,Male,1,Yes,Yes,34,Yes,Yes,DSL,Yes,No,Yes,No,No,No,One year,Yes,Bank transfer (automatic),90.37,3076.38,No
CUST-05111,Male,0,Yes,No,68,Yes,Yes,DSL,Yes,Yes,Yes,Yes,No,No,Two year,No,Bank transfer (automatic),28.74,1958.07,No
CUST-05112,Male,1,Yes,No,41,Yes,No,Fiber optic,Yes,No,No,Yes,Yes,Yes,Month-to-month,No,Electronic check,35.56,1461.04,Yes
CUST-05113,Female,0,No,Yes,68,Yes,Yes,DSL,Yes,Yes,Yes,Yes,Yes,Yes,One year,No,Credit card (automatic),110.29,7506.57,No
CUST-05114,Female,0,Yes,Yes,23,Yes,No,DSL,Yes,No,No,No,Yes,No,Month-to-month,Yes,Bank transfer (automatic),20.58,,No
CUST-05115,Female,1,No,No,70,Yes,No,Fiber optic,No,No,No,No,Yes,No,One year,Yes,Mailed check,58.18,4070.79,No
CUST-05116,Female,0,Yes,No,70,Yes,Yes,DSL,No,No,Yes,No,Yes,No,Month-to-month,No,Credit card (automatic),39.09,2735.52,No
CUST-05117,Male,1,Yes,Yes,54,Yes,No,Fiber optic,No,No,Yes,No,Yes,Yes,Month-to-month,Yes,Electronic check,95.43,5149.17,No
CUST-05118,Male,0,Yes,No,13,No,No phone service,DSL,Yes,No,Yes,Yes,Yes,No,Two year,Yes,Electronic check,104.36,1352.52,No
CUST-05119,Female,0,Yes,No,54,Yes,No,Fiber optic,Yes,Yes,No,Yes,Yes,No,Month-to-month,No,Credit card (automatic),42.7,2309.49,No
CUST-05120,Female,0,No,No,14,Yes,No,Fiber optic,Yes,Yes,No,No,No,No,One year,Yes,Electronic check,76.99,1082.01,No
CUST-05121,Female,0,Yes,No,4,Yes,No,DSL,No,Yes,Yes,Yes,No,Yes,Two year,Yes,Mailed check,102.32,396.05,No
CUST-05122,Female,0,No,No,3,Yes,Yes,Fiber optic,Yes,Yes,No,Yes,No,Yes,Month-to-month,Yes,Bank transfer (automatic),77.85,238.25,Yes
CUST-05123,Female,0,No,No,29,Yes,No,Fiber optic,No,Yes,Yes,Yes,No,No,One year,Yes,Bank transfer (automatic),78.07,2261.97,No
CUST-05124,Female,0,Yes,Yes,52,Yes,No,No,No internet service,No internet service,No internet service,No internet service,No internet service,No internet service,One year,No,Mailed check,59.29,3079.92,No
CUST-05125,Female,1,No,No,29,Yes,No,Fiber optic,Yes,No,No,No,No,No,Month-to-month,Yes,Mailed check,83.3,2414.07,No
CUST-05126,Female,0,No,No,60,Yes,No,No,No internet service,No internet service,No internet service,No internet service,No internet service,No internet service,Month-to-month,Yes,Electronic check,114.03,6835.49,No
CUST-05127,Female,0,Yes,Yes,70,Yes,No,Fiber optic,Yes,No,No,No,Yes,No,Two year,No,Mailed check,47.96,3356.36,No
CUST-05128,Male,0,No,No,67,No,No phone service,DSL,Yes,Yes,Yes,Yes,No,Yes,One year,Yes,Bank transfer (automatic),38.06,2559.59,No
CUST-05129,Female,0,Yes,Yes,54,Yes,Yes,Fiber optic,No,Yes,No,Yes,No,No,Month-to-month,No,Mailed check,113.81,6138.0,No
CUST-05130,Male,1,Yes,No,70,Yes,No,Fiber optic,No,Yes,No,Yes,No,Yes,Two year,No,Bank transfer (automatic),24.02,1684.49,No
CUST-05131,Male,0,No,No,41,Yes,Yes,No,No internet service,No internet service,No internet service,No internet service,No internet service,No internet service,Month-to-month,No,Mailed check,101.99,4186.46,No
CUST-05132,Female,0,No,No,28,No,No phone service,DSL,Yes,No,No,Yes,Yes,Yes,Month-to-month,Yes,Credit card (automatic),108.98,3054.35,No
CUST-05133,Female,0,No,Yes,34,No,No phone service,DSL,Yes,No,No,Yes,Yes,Yes,Month-to-month,Yes,Credit card (automatic),39.94,1365.63,No
CUST-05134,Male,0,No,Yes,44,Yes,Yes,No,No internet service,No internet service,No internet service,No internet service,No internet service,No internet service,Month-to-month,Yes,Bank transfer (automatic),60.57,2669.99,No
CUST-05135,Male,1,No,No,28,Yes,No,Fiber optic,No,No,No,Yes,No,No,Month-to-month,Yes,Mailed check,30.3,851.75,Yes
CUST-05136,Female,0,No,No,69,Yes,No,Fiber optic,Yes,No,No,Yes,No,Yes,One year,Yes,Mailed check,54.7,3779.49,No
CUST-05137,Male,1,No,No,2,Yes,No,Fiber optic,Yes,Yes,Yes,Yes,No,Yes,Month-to-month,Yes,Electronic check,63.73,132.42,No
CUST-05138,Female,0,Yes,Yes,56,Yes,No,DSL,Yes,Yes,Yes,No,No,Yes,Two year,Yes,Electronic check,68.96,3860.01,No
CUST-05139,Female,1,Yes,Yes,65,Yes,Yes,Fiber optic,Yes,No,Yes,No,No,No,One year,No,Mailed check,30.25,1969.41,No
CUST-05140,Female,0,Yes,No,21,Yes,No,No,No internet service,No internet service,No internet service,No internet service,No internet service,No internet service,Month-to-month,Yes,Bank transfer (automatic),58.36,1224.2,No
CUST-05141,Male,1,No,No,26,Yes,Yes,No,No internet service,No internet service,No internet service,No internet service,No internet service,No internet service,Month-to-month,Yes,Bank transfer (automatic),80.51,2086.59,No
CUST-05142,Male,1,No,Yes,21,Yes,No,DSL,Yes,No,No,Yes,No,No,One year,Yes,Mailed check,68.01,1437.39,No
CUST-05143,Female,1,No,No,48,Yes,No,Fiber optic,Yes,Yes,No,Yes,Yes,Yes,Two year,No,Electronic check,102.14,4899.95,No
CUST-05144,Male,0,Yes,No,23,Yes,Yes,DSL,No,No,Yes,Yes,Yes,Yes,Month-to-month,Yes,Bank transfer (automatic),113.11,2607.01,Yes
CUST-05145,Male,0,Yes,Yes,26,Yes,No,No,No internet service,No internet service,No internet service,No internet service,No internet service,No internet service,Two year,Yes,Electronic check,99.69,2594.61,No
CUST-05146,Male,0,Yes,No,35,Yes,No,Fiber optic,Yes,No,No,Yes,Yes,No,Month-to-month,No,Credit card (automatic),22.74,791.42,No
CUST-05147,Male,0,No,No,16,Yes,Yes,Fiber optic,Yes,No,No,Yes,Yes,No,Month-to-month,No,Electronic check,39.47,627.64,Yes
CUST-05148,Male,0,Yes,No,55,Yes,Yes,Fiber optic,Yes,Yes,Yes,Yes,Yes,Yes,Month-to-month,Yes,Electronic check,26.76,1473.79,No
CUST-05149,Male,0,Yes,No,9,Yes,No,No,No internet service,No internet service,No internet service,No internet service,No internet service,No internet service,Month-to-month,No,Mailed check,61.38,554.42,No
CUST-05150,Male,0,No,No,53,Yes,Yes,No,No internet service,No internet service,No internet service,No internet service,No internet service,No internet service,Month-to-month,Yes,Credit card (automatic),90.38,4788.26,Yes
CUST-05151,Female,0,Yes,Yes,37,Yes,No,DSL,Yes,Yes,Yes,Yes,Yes,Yes,Month-to-month,No,Bank transfer (automatic),21.24,777.97,No
CUST-05152,Male,0,Yes,No,3,Yes,Yes,Fiber optic,Yes,No,Yes,Yes,No,No,Month-to-month,Yes,Mailed check,44.7,138.12,No
CUST-05153,Male,0,Yes,No,49,Yes,No,Fiber optic,No,Yes,No,Yes,No,No,Two year,Yes,Electronic check,27.39,1327.48,No
CUST-05154,Male,0,No,No,60,Yes,Yes,DSL,Yes,Yes,Yes,Yes,Yes,No,Two year,Yes,Credit card (automatic),59.01,3542.34,No
CUST-05155,Male,0,Yes,Yes,20,Yes,Yes,No,No internet service,No internet service,No internet service,No internet service,No internet service,No internet service,Two year,Yes,Bank transfer (automatic),110.53,2216.26,No
CUST-05156,Male,0,No,No,35,Yes,Yes,Fiber optic,Yes,Yes,Yes,Yes,No,No,Month-to-month,Yes,Bank transfer (automatic),59.28,2065.55,No
CUST-05157,Male,0,No,No,45,Yes,No,DSL,Yes,No,No,No,No,Yes,Two year,Yes,Credit card (automatic),81.47,3666.95,No
CUST-05158,Male,1,Yes,No,70,Yes,No,DSL,No,Yes,No,No,Yes,Yes,Month-to-month,Yes,Mailed check,56.7,3967.08,No
CUST-05159,Male,1,Yes,No,43,Yes,No,Fiber optic,Yes,No,Yes,No,Yes,Yes,Month-to-month,No,Credit card (automatic),91.15,3920.42,No
CUST-05160,Female,1,No,No,63,Yes,Yes,No,No internet service,No internet service,No internet service,No internet service,No internet service,No internet service,Month-to-month,Yes,Bank transfer (automatic),92.3,5819.79,Yes
CUST-05161,Male,1,No,Yes,17,Yes,Yes,Fiber optic,No,No,No,No,No,No,One year,Yes,Bank transfer (automatic),31.8,533.87,No
CUST-05162,Male,0,No,No,12,Yes,Yes,DSL,No,Yes,Yes,Yes,No,No,Month-to-month,Yes,Credit card (automatic),83.32,998.72,Yes
CUST-05163,Male,0,No,No,12,Yes,Yes,DSL,Yes,No,No,Yes,Yes,Yes,Month-to-month,Yes,Mailed check,56.64,678.86,No
CUST-05164,Male,0,No,No,24,No,No phone service,No,No internet service,No internet service,No internet service,No internet service,No internet service,No internet service,Month-to-month,No,Credit card (automatic),103.97,2485.54,No
CUST-05165,Female,0,Yes,No,4,Yes,Yes,DSL,Yes,Yes,Yes,Yes,Yes,Yes,Two year,Yes,Electronic check,33.78,137.99,No
CUST-05166,Female,0,No,No,38,Yes,Yes,No,No internet service,No internet service,No internet service,No internet service,No internet service,No internet service,Two year,No,Electronic check,107.74,4102.26,No
CUST-05167,Female,0,Yes,No,28,Yes,No,No,No internet service,No internet service,No internet service,No internet service,No internet service,No internet service,Two year,No,Bank transfer (automatic),69.15,1939.55,No
CUST-05168,Female,0,No,Yes,56,Yes,No,Fiber optic,No,No,Yes,No,No,Yes,Month-to-month,Yes,Electronic check,43.55,2439.45,No
CUST-05169,Female,0,Yes,No,45,Yes,Yes,No,No internet service,No internet service,No internet service,No internet service,No internet service,No internet service,Month-to-month,Yes,Electronic check,51.47,2320.58,No
CUST-05170,Female,0,No,No,32,Yes,Yes,DSL,No,Yes,No,No,No,Yes,One year,Yes,Credit card (automatic),18.5,589.03,No
CUST-05171,Female,0,Yes,Yes,9,Yes,Yes,No,No internet service,No internet service,No internet service,No internet service,No internet service,No internet service,Month-to-month,Yes,Mailed check,112.99,1012.5,No
CUST-05172,Female,0,Yes,Yes,57,Yes,No,DSL,Yes,Yes,No,No,Yes,Yes,One year,Yes,Electronic check,40.5,2311.07,No
CUST-05173,Female,0,No,Yes,24,Yes,Yes,Fiber optic,No,No,Yes,No,No,Yes,Two year,No,Mailed check,108.97,2616.42,No
CUST-05174,Female,0,No,No,38,Yes,Yes,Fiber optic,No,Yes,No,Yes,No,No,Month-to-month,Yes,Credit card (automatic),103.3,3926.97,No
CUST-05175,Female,0,Yes,No,15,Yes,Yes,Fiber optic,No,No,Yes,Yes,Yes,Yes,Month-to-month,Yes,Credit card (automatic),52.91,789.36,No
CUST-05176,Female,1,Yes,Yes,59,Yes,No,DSL,Yes,No,No,Yes,Yes,No,Month-to-month,Yes,Mailed check,39.09,2298.79,No
CUST-05177,Female,0,Yes,Yes,27,Yes,Yes,No,No internet service,No internet service,No internet service,No internet service,No internet service,No internet service,Two year,No,Electronic check,60.66,1632.62,No
CUST-05178,Female,0,No,No,43,Yes,No,Fiber optic,Yes,No,No,Yes,No,Yes,Month-to-month,Yes,Mailed check,111.36,4784.22,No
CUST-05179,Female,0,No,No,57,Yes,No,No,No internet service,No internet service,No internet service,No internet service,No internet service,No internet service,One year,Yes,Bank transfer (automatic),103.51,5889.86,No
CUST-05180,Female,0,No,Yes,31,Yes,No,Fiber optic,No,No,No,Yes,No,No,Month-to-month,Yes,Mailed check,66.86,2075.04,No
CUST-05181,Male,0,No,No,62,Yes,No,Fiber optic,Yes,No,Yes,No,No,No,Two year,No,Mailed check,72.55,4491.65,No
CUST-05182,Female,0,Yes,No,44,Yes,No,No,No internet service,No internet service,No internet service,No internet service,No internet service,No internet service,Month-to-month,Yes,Mailed check,58.86,2583.12,No
CUST-05183,Male,0,No,No,52,Yes,Yes,No,No internet service,No internet service,No internet service,No internet service,No internet service,No internet service,One year,Yes,Credit card (automatic),112.48,5847.65,No
CUST-05184,Female,1,No,No,60,Yes,Yes,Fiber optic,Yes,Yes,Yes,No,No,Yes,One year,No,Electronic check,116.89,7008.87,No
CUST-05185,Female,1,No,No,49,Yes,No,No,No internet service,No internet service,No internet service,No internet service,No internet service,No internet service,Month-to-month,No,Credit card (automatic),46.92,2291.19,Yes
CUST-05186,Male,0,No,Yes,26,Yes,No,Fiber optic,Yes,No,No,Yes,No,Yes,Month-to-month,Yes,Mailed check,112.97,2929.88,Yes
CUST-05187,Female,0,No,Yes,25,No,No phone service,Fiber optic,Yes,Yes,Yes,No,No,No,Two year,No,Credit card (automatic),113.04,2828.68,No
CUST-05188,Male,0,Yes,No,2,Yes,No,No,No internet service,No internet service,No internet service,No internet service,No internet service,No internet service,Month-to-month,Yes,Bank transfer (automatic),65.34,129.0,No
CUST-05189,Male,0,No,No,38,Yes,Yes,Fiber optic,Yes,Yes,No,Yes,No,No,Month-to-month,No,Electronic check,59.49,2253.05,Yes
CUST-05190,Male,0,Yes,No,64,Yes,Yes,DSL,Yes,No,Yes,Yes,Yes,Yes,Two year,No,Electronic check,104.93,6722.8,No
CUST-05191,Female,0,No,No,34,Yes,No,DSL,No,No,No,Yes,No,Yes,One year,Yes,Credit card (automatic),112.31,3814.98,No
CUST-05192,Female,0,No,Yes,52,Yes,Yes,Fiber optic,No,Yes,No,Yes,Yes,No,Month-to-month,No,Electronic check,58.24,3031.13,No
CUST-05193,Female,1,No,No,45,Yes,Yes,No,No internet service,No internet service,No internet service,No internet service,No internet service,No internet service,Month-to-month,No,Credit card (automatic),67.22,3024.36,No
CUST-05194,Male,0,No,No,67,Yes,Yes,DSL,Yes,No,No,Yes,Yes,Yes,Month-to-month,Yes,Bank transfer (automatic),51.42,3445.63,No
CUST-05195,Male,0,Yes,No,21,Yes,No,Fiber optic,No,No,Yes,Yes,Yes,No,Month-to-month,No,Mailed check,38.89,816.79,No
CUST-05196,Female,0,Yes,No,59,Yes,Yes,Fiber optic,Yes,No,Yes,No,No,Yes,Month-to-month,Yes,Mailed check,117.62,6932.69,No
CUST-05197,Female,1,No,No,5,Yes,Yes,DSL,Yes,Yes,No,No,No,Yes,One year,No,Bank transfer (automatic),36.88,195.62,No
CUST-05198,Female,0,Yes,No,51,Yes,Yes,DSL,Yes,Yes,Yes,No,No,Yes,Two year,Yes,Bank transfer (automatic),99.42,5066.62,No
CUST-05199,Female,0,Yes,No,28,Yes,No,No,No internet service,No internet service,No internet service,No internet service,No internet service,No internet service,Two year,Yes,Electronic check,60.06,1685.81,No
CUST-05200,Female,0,No,No,42,No,No phone service,DSL,No,Yes,No,No,No,No,Two year,Yes,Credit card (automatic),26.37,1103.59,No
CUST-05201,Male,0,Yes,Yes,33,No,No phone service,DSL,No,No,Yes,No,No,Yes,Two year,No,Bank transfer (automatic),50.49,1660.64,No
CUST-05202,Male,1,Yes,No,30,Yes,No,DSL,Yes,No,Yes,Yes,Yes,Yes,One year,Yes,Credit card (automatic),26.31,796.15,No
CUST-05203,Male,0,No,No,45,Yes,Yes,DSL,No,No,No,Yes,Yes,Yes,One year,Yes,Mailed check,116.19,5236.33,No
CUST-05204,Female,0,No,No,3,Yes,Yes,DSL,Yes,No,No,Yes,No,Yes,Month-to-month,Yes,Electronic check,44.52,135.83,No
CUST-05205,Male,0,Yes,No,1,Yes,Yes,Fiber optic,No,No,No,Yes,Yes,No,Month-to-month,No,Credit card (automatic),92.6,96.64,No
CUST-05206,Male,0,No,No,4,Yes,Yes,Fiber optic,Yes,No,Yes,No,Yes,No,Month-to-month,Yes,Bank transfer (automatic),60.56,235.97,No
CUST-05207,Male,0,No,No,45,Yes,No,Fiber optic,No,No,No,Yes,Yes,No,One year,Yes,Electronic check,85.94,3870.6,No
CUST-05208,Male,0,No,No,18,Yes,No,DSL,Yes,No,No,Yes,No,Yes,Month-to-month,No,Bank transfer (automatic),43.51,786.43,No
CUST-05209,Male,0,Yes,Yes,37,Yes,No,Fiber optic,Yes,No,No,No,Yes,No,Two year,Yes,Mailed check,27.41,1016.36,No
CUST-05210,Female,0,No,No,58,Yes,Yes,DSL,No,No,Yes,No,Yes,No,Month-to-month,Yes,Bank transfer (automatic),98.85,5741.53,No
CUST-05211,Male,0,No,No,71,Yes,No,No,No internet service,No internet service,No internet service,No internet service,No internet service,No internet service,Month-to-month,No,Mailed check,89.67,6355.17,No
CUST-05212,Female,1,Yes,No,19,Yes,No,DSL,Yes,Yes,Yes,No,No,No,Two year,Yes,Bank transfer (automatic),28.94,548.96,No
CUST-05213,Female,0,Yes,No,67,Yes,Yes,No,No internet service,No internet service,No internet service,No internet service,No internet service,No internet service,Month-to-month,Yes,Bank transfer (automatic),91.09,6110.44,No
CUST-05214,Female,0,Yes,No,52,Yes,Yes,Fiber optic,No,No,Yes,Yes,Yes,Yes,One year,No,Electronic check,77.76,4037.96,No
CUST-05215,Female,0,Yes,No,54,No,No phone service,Fiber optic,Yes,No,Yes,Yes,No,Yes,Month-to-month,No,Mailed check,35.15,1901.35,No
CUST-05216,Female,0,Yes,No,38,Yes,No,Fiber optic,No,Yes,No,No,No,No,Month-to-month,No,Bank transfer (automatic),100.56,3818.85,No
CUST-05217,Male,0,No,Yes,35,Yes,Yes,Fiber optic,Yes,No,Yes,No,No,No,Two year,Yes,Bank transfer (automatic),87.89,3076.59,No
CUST-05218,Male,0,Yes,No,57,Yes,No,Fiber optic,No,Yes,No,No,No,Yes,Two year,Yes,Credit card (automatic),68.68,3909.47,No
CUST-05219,Female,0,No,No,14,No,No phone service,Fiber optic,Yes,No,No,No,Yes,No,Two year,Yes,Bank transfer (automatic),35.86,513.35,No
CUST-05220,Female,0,Yes,No,0,Yes,Yes,No,No internet service,No internet service,No internet service,No internet service,No internet service,No internet service,Month-to-month,Yes,Electronic check,72.02,0.0,No
CUST-05221,Female,0,No,Yes,8,Yes,No,Fiber optic,No,No,Yes,No,No,Yes,Two year,Yes,Credit card (automatic),34.27,273.51,No
CUST-05222,Male,0,No,No,22,Yes,No,DSL,Yes,Yes,No,No,Yes,No,Month-to-month,No,Mailed check,36.4,799.5,Yes
CUST-05223,Female,0,Yes,No,51,Yes,Yes,No,No internet service,No internet service,No internet service,No internet service,No internet service,No internet service,Month-to-month,No,Electronic check,42.13,2154.0,No
CUST-05224,Male,0,Yes,No,25,Yes,No,Fiber optic,No,Yes,No,Yes,No,Yes,Two year,Yes,Electronic check,83.45,2086.6,No
CUST-05225,Female,0,Yes,No,59,Yes,No,Fiber optic,Yes,No,No,Yes,No,Yes,Month-to-month,No,Credit card (automatic),85.97,5064.35,No
CUST-05226,Male,0,Yes,Yes,17,Yes,No,No,No internet service,No internet service,No internet service,No internet service,No internet service,No internet service,Month-to-month,No,Electronic check,25.28,426.54,No
CUST-05227,Female,1,Yes,No,57,Yes,Yes,No,No internet service,No internet service,No internet service,No internet service,No internet service,No internet service,Month-to-month,Yes,Bank transfer (automatic),83.09,4725.32,No
CUST-05228,Male,0,Yes,No,64,Yes,No,DSL,Yes,Yes,Yes,No,Yes,Yes,Two year,Yes,Credit card (automatic),21.46,1373.8,No
CUST-05229,Female,0,No,No,68,Yes,Yes,DSL,No,Yes,Yes,Yes,Yes,Yes,Month-to-month,Yes,Credit card (automatic),108.5,7386.91,No
CUST-05230,Male,0,No,Yes,13,Yes,Yes,DSL,No,Yes,No,Yes,No,No,Two year,Yes,Electronic check,95.87,1245.31,No
CUST-05231,Male,0,No,No,45,Yes,No,Fiber optic,Yes,Yes,Yes,No,Yes,Yes,Month-to-month,No,Mailed check,90.44,4071.5,No
CUST-05232,Male,0,No,No,68,Yes,Yes,Fiber optic,No,No,No,No,Yes,Yes,One year,Yes,Mailed check,41.92,2856.07,No
CUST-05233,Male,0,No,No,31,Yes,No,Fiber optic,Yes,No,No,Yes,Yes,No,Two year,No,Mailed check,116.76,3616.11,No
CUST-05234,Male,0,Yes,No,50,Yes,Yes,Fiber optic,No,No,Yes,No,No,No,Month-to-month,No,Mailed check,110.43,5527.0,Yes
CUST-05235,Male,0,Yes,No,68,Yes,Yes,DSL,Yes,Yes,No,No,No,No,Two year,Yes,Electronic check,66.99,4564.88,No
CUST-05236,Male,0,No,No,14,Yes,No,DSL,No,No,No,No,Yes,No,Month-to-month,No,Bank transfer (automatic),21.47,291.71,No
CUST-05237,Female,0,No,Yes,52,Yes,Yes,No,No internet service,No internet service,No internet service,No internet service,No internet service,No internet service,One year,Yes,Bank transfer (automatic),69.14,3600.96,No
CUST-05238,Female,0,Yes,Yes,70,Yes,No,No,No internet service,No internet service,No internet service,No internet service,No internet service,No internet service,Month-to-month,Yes,Credit card (automatic),33.4,2330.59,No
CUST-05239,Female,0,Yes,No,68,Yes,No,DSL,No,Yes,No,Yes,Yes,Yes,One year,Yes,Bank transfer (automatic),77.27,5250.49,No
CUST-05240,Female,0,Yes,Yes,14,Yes,No,DSL,Yes,No,No,Yes,No,Yes,One year,No,Mailed check,116.66,1638.9,No
CUST-05241,Female,0,Yes,No,29,Yes,No,Fiber optic,Yes,Yes,Yes,No,Yes,No,Two year,No,Credit card (automatic),93.69,2718.62,No
CUST-05242,Male,0,No,Yes,23,Yes,No,DSL,Yes,Yes,Yes,Yes,Yes,No,Month-to-month,No,Mailed check,50.23,1153.0,No
CUST-05243,Male,0,No,Yes,34,Yes,Yes,DSL,No,Yes,No,No,Yes,No,Two year,Yes,Credit card (automatic),57.42,1963.45,No
CUST-05244,Male,0,Yes,Yes,68,Yes,No,Fiber optic,Yes,Yes,No,No,Yes,Yes,Month-to-month,No,Credit card (automatic),112.46,7645.63,Yes
CUST-05245,Male,0,Yes,No,11,Yes,No,DSL,No,Yes,No,Yes,Yes,Yes,Month-to-month,No,Credit card (automatic),29.02,324.7,No
CUST-05246,Male,0,No,No,45,Yes,No,Fiber optic,No,No,No,No,No,No,Month-to-month,Yes,Electronic check,107.02,4814.37,No
CUST-05247,Female,0,No,No,68,Yes,No,No,No internet service,No internet service,No internet service,No internet service,No internet service,No internet service,Month-to-month,Yes,Mailed check,25.45,1732.89,No
CUST-05248,Female,1,No,No,35,Yes,Yes,No,No internet service,No internet service,No internet service,No internet service,No internet service,No internet service,Month-to-month,Yes,Electronic check,59.47,2083.91,Yes
CUST-05249,Female,1,Yes,No,47,Yes,Yes,Fiber optic,No,Yes,Yes,Yes,No,No,Month-to-month,Yes,Electronic check,92.55,4350.25,Yes
CUST-05250,Female,0,No,No,66,Yes,Yes,Fiber optic,Yes,Yes,Yes,Yes,No,No,Month-to-month,Yes,Credit card (automatic),57.51,3788.57,No
CUST-05251,Male,0,Yes,No,53,No,No phone service,Fiber optic,No,No,No,Yes,Yes,No,Two year,No,Mailed check,75.11,3982.22,No
CUST-05252,Male,0,Yes,No,35,Yes,No,DSL,No,Yes,Yes,Yes,Yes,No,One year,No,Bank transfer (automatic),67.08,2344.9,No
CUST-05253,Male,0,Yes,No,51,Yes,No,Fiber optic,No,No,Yes,No,No,Yes,Month-to-month,Yes,Mailed check,78.46,3999.17,No
CUST-05254,Female,0,No,No,21,Yes,No,Fiber optic,Yes,Yes,Yes,Yes,No,No,Month-to-month,Yes,Credit card (automatic),35.09,739.86,No
CUST-05255,Male,0,No,No,37,Yes,No,DSL,No,Yes,No,No,No,No,Month-to-month,No,Credit card (automatic),75.81,2807.59,Yes
CUST-05256,Female,0,Yes,No,61,No,No phone service,Fiber optic,Yes,Yes,Yes,Yes,No,Yes,Month-to-month,No,Credit card (automatic),116.73,7116.75,No
CUST-05257,Male,0,No,No,64,Yes,No,DSL,Yes,No,Yes,No,No,No,Month-to-month,No,Mailed check,37.39,2394.05,No
CUST-05258,Male,0,Yes,Yes,2,Yes,No,No,No internet service,No internet service,No internet service,No internet service,No internet service,No internet service,Two year,No,Credit card (automatic),24.69,49.48,No
CUST-05259,Female,0,No,No,7,Yes,No,No,No internet service,No internet service,No internet service,No internet service,No internet service,No internet service,One year,Yes,Credit card (automatic),57.18,395.95,No
CUST-05260,Male,0,Yes,Yes,38,Yes,No,DSL,No,No,Yes,No,No,Yes,Two year,No,Mailed check,55.44,2102.72,No
CUST-05261,Male,0,Yes,No,17,Yes,No,DSL,Yes,No,No,Yes,No,Yes,Two year,Yes,Bank transfer (automatic),30.57,515.77,No
CUST-05262,Female,0,No,No,2,Yes,Yes,DSL,Yes,No,No,No,No,No,Month-to-month,No,Electronic check,75.15,150.24,Yes
CUST-05263,Male,0,No,No,17,Yes,Yes,No,No internet service,No internet service,No internet service,No internet service,No internet service,No internet service,Month-to-month,No,Electronic check,61.76,1048.4,No
CUST-05264,Female,0,Yes,Yes,0,Yes,No,DSL,No,No,Yes,No,No,No,One year,Yes,Electronic check,101.69,1.05,No
CUST-05265,Male,0,No,Yes,25,No,No phone service,Fiber optic,Yes,No,No,Yes,Yes,Yes,Month-to-month,No,Bank transfer (automatic),60.3,1503.1,Yes
CUST-05266,Male,0,Yes,Yes,51,Yes,Yes,DSL,Yes,No,Yes,Yes,No,Yes,Month-to-month,Yes,Bank transfer (automatic),116.57,5944.2,No
CUST-05267,Male,0,Yes,No,11,Yes,No,Fiber optic,Yes,No,No,No,No,No,Two year,No,Credit card (automatic),95.98,1055.29,No
CUST-05268,Male,0,Yes,No,37,Yes,No,No,No internet service,No internet service,No internet service,No internet service,No internet service,No internet service,Two year,No,Bank transfer (automatic),66.75,2471.38,No
CUST-05269,Male,1,Yes,No,40,Yes,No,Fiber optic,No,No,No,No,Yes,No,Month-to-month,No,Credit card (automatic),73.22,2936.15,No
CUST-05270,Male,0,Yes,No,52,Yes,No,Fiber optic,No,Yes,No,Yes,No,Yes,Month-to-month,No,Electronic check,104.68,5448.73,Yes
CUST-05271,Male,0,Yes,No,12,Yes,No,Fiber optic,No,Yes,Yes,No,No,Yes,One year,Yes,Electronic check,95.42,1144.67,No
CUST-05272,Male,0,Yes,No,12,Yes,Yes,Fiber optic,Yes,No,No,Yes,No,Yes,Two year,No,Bank transfer (automatic),83.77,997.27,No
CUST-05273,Female,0,Yes,Yes,17,Yes,No,Fiber optic,Yes,No,No,Yes,No,Yes,Month-to-month,Yes,Electronic check,44.68,757.0,No
CUST-05274,Female,0,No,Yes,18,Yes,Yes,No,No internet service,No internet service,No internet service,No internet service,No internet service,No internet service,Month-to-month,Yes,Bank transfer (automatic),59.03,1067.14,No
CUST-05275,Male,0,No,No,18,No,No phone service,No,No internet service,No internet service,No internet service,No internet service,No internet service,No internet service,Month-to-month,Yes,Electronic check,96.72,1740.68,No
CUST-05276,Male,0,Yes,No,69,No,No phone service,Fiber optic,Yes,Yes,No,No,No,Yes,Month-to-month,Yes,Mailed check,80.75,5565.46,No
CUST-05277,Female,0,Yes,No,47,Yes,No,Fiber optic,Yes,No,No,No,No,No,One year,Yes,Bank transfer (automatic),113.65,5340.52,No
CUST-05278,Male,0,Yes,No,70,Yes,Yes,DSL,Yes,Yes,Yes,Yes,No,No,Two year,Yes,Mailed check,105.29,7367.95,No
CUST-05279,Male,0,No,No,70,Yes,Yes,No,No internet service,No internet service,No internet service,No internet service,No internet service,No internet service,One year,Yes,Credit card (automatic),60.71,4256.0,No
CUST-05280,Female,0,Yes,No,27,Yes,No,DSL,Yes,No,No,Yes,Yes,No,Month-to-month,Yes,Bank transfer (automatic),47.38,1276.35,No
CUST-05281,Male,0,Yes,Yes,18,Yes,Yes,Fiber optic,Yes,No,Yes,Yes,No,Yes,One year,Yes,Credit card (automatic),30.41,549.45,No
CUST-05282,Male,0,Yes,No,47,No,No phone service,Fiber optic,No,No,No,Yes,No,No,Month-to-month,No,Credit card (automatic),58.76,2765.16,No
CUST-05283,Female,0,No,No,28,Yes,Yes,DSL,Yes,Yes,Yes,Yes,Yes,Yes,Month-to-month,No,Credit card (automatic),40.67,1132.57,Yes
CUST-05284,Male,0,No,Yes,47,Yes,No,Fiber optic,Yes,Yes,No,No,No,No,Two year,No,Electronic check,19.67,920.77,No
CUST-05285,Male,0,No,No,18,No,No phone service,DSL,No,Yes,No,Yes,No,Yes,Month-to-month,Yes,Mailed check,31.82,570.63,No
CUST-05286,Female,0,Yes,No,46,Yes,Yes,No,No internet service,No internet service,No internet service,No internet service,No internet service,No internet service,Month-to-month,No,Electronic check,63.3,2912.49,No
CUST-05287,Male,0,Yes,No,59,Yes,Yes,No,No internet service,No internet service,No internet service,No internet service,No internet service,No internet service,One year,Yes,Bank transfer (automatic),107.24,6324.19,No
CUST-05288,Female,0,No,No,47,No,No phone service,Fiber optic,Yes,No,Yes,No,Yes,No,Month-to-month,No,Electronic check,50.1,2347.82,No
CUST-05289,Male,0,Yes,No,19,Yes,Yes,Fiber optic,No,Yes,Yes,No,No,No,Month-to-month,No,Electronic check,62.11,1175.05,No
CUST-05290,Male,0,No,No,18,Yes,Yes,DSL,No,Yes,Yes,No,Yes,Yes,Month-to-month,Yes,Mailed check,56.41,1020.08,No
CUST-05291,Female,0,No,No,41,Yes,No,No,No internet service,No internet service,No internet service,No internet service,No internet service,No internet service,Month-to-month,No,Electronic check,54.9,2261.26,Yes
CUST-05292,Female,0,Yes,Yes,48,Yes,No,Fiber optic,Yes,No,No,Yes,Yes,Yes,Month-to-month,Yes,Electronic check,90.26,4334.01,No
CUST-05293,Male,0,Yes,No,14,Yes,No,DSL,Yes,Yes,Yes,No,No,No,One year,Yes,Bank transfer (automatic),68.6,965.79,No
CUST-05294,Female,0,Yes,No,59,Yes,Yes,No,No internet service,No internet service,No internet service,No internet service,No internet service,No internet service,One year,No,Electronic check,58.84,3473.33,No
CUST-05295,Female,0,Yes,Yes,67,Yes,No,Fiber optic,Yes,No,Yes,No,No,No,Two year,No,Mailed check,112.33,7529.6,No
CUST-05296,Male,0,No,No,26,Yes,No,DSL,No,No,No,No,No,No,Month-to-month,No,Bank transfer (automatic),45.63,1190.08,Yes
CUST-05297,Male,0,No,No,54,Yes,Yes,No,No internet service,No internet service,No internet service,No internet service,No internet service,No internet service,Two year,No,Bank transfer (automatic),101.28,5472.51,No
CUST-05298,Male,0,No,No,14,No,No phone service,Fiber optic,No,Yes,Yes,No,No,Yes,Month-to-month,Yes,Credit card (automatic),69.5,974.78,No
CUST-05299,Female,0,No,No,51,Yes,Yes,Fiber optic,No,No,Yes,No,Yes,No,One year,Yes,Credit card (automatic),62.17,3171.38,No
CUST-05300,Female,0,No,No,30,Yes,No,DSL,Yes,No,No,No,Yes,No,Month-to-month,Yes,Credit card (automatic),24.3,726.97,No
CUST-05301,Female,1,No,No,6,Yes,No,Fiber optic,No,No,Yes,No,No,Yes,Two year,Yes,Electronic check,103.85,625.73,Yes
CUST-05302,Female,0,Yes,No,12,No,No phone service,Fiber optic,Yes,Yes,No,Yes,Yes,No,Month-to-month,Yes,Mailed check,45.07,542.39,No
CUST-05303,Male,0,No,No,53,Yes,Yes,DSL,No,Yes,No,No,Yes,No,One year,No,Mailed check,85.94,4550.28,No
CUST-05304,Female,0,Yes,No,12,No,No phone service,DSL,Yes,Yes,No,Yes,No,No,Month-to-month,No,Credit card (automatic),105.45,1271.34,No
CUST-05305,Male,0,Yes,No,19,Yes,Yes,Fiber optic,No,No,No,No,Yes,Yes,One year,No,Electronic check,71.61,1365.55,No
CUST-05306,Female,0,No,Yes,9,Yes,No,Fiber optic,No,Yes,No,No,Yes,Yes,Month-to-month,Yes,Mailed check,82.07,739.6,Yes
CUST-05307,Male,1,No,No,51,Yes,No,No,No internet service,No internet service,No internet service,No internet service,No internet service,No internet service,One year,No,Electronic check,52.02,2658.91,No
CUST-05308,Male,0,Yes,No,36,Yes,Yes,No,No internet service,No internet service,No internet service,No internet service,No internet service,No internet service,Two year,Yes,Credit card (automatic),90.65,3267.04,No
CUST-05309,Male,0,Yes,No,51,Yes,No,No,No internet service,No internet service,No internet service,No internet service,No internet service,No internet service,Two year,No,Electronic check,83.66,,No
CUST-05310,Female,0,No,No,26,Yes,Yes,Fiber optic,No,Yes,Yes,Yes,Yes,No,Month-to-month,Yes,Bank transfer (automatic),62.48,1615.4,No
CUST-05311,Male,0,No,No,33,Yes,No,No,No internet service,No internet service,No internet service,No internet service,No internet service,No internet service,Month-to-month,Yes,Credit card (automatic),81.46,2678.94,No
CUST-05312,Male,0,Yes,No,61,Yes,Yes,DSL,No,No,No,Yes,Yes,Yes,One year,No,Electronic check,44.27,2706.78,No
CUST-05313,Female,0,No,No,15,Yes,Yes,DSL,No,No,No,No,No,No,Two year,No,Mailed check,83.78,1256.56,No
CUST-05314,Male,0,No,No,58,Yes,Yes,Fiber optic,No,Yes,Yes,Yes,Yes,No,Two year,Yes,Bank transfer (automatic),85.27,4943.81,No
CUST-05315,Female,0,No,No,20,Yes,Yes,Fiber optic,Yes,Yes,No,Yes,No,Yes,Two year,Yes,Electronic check,62.49,1246.5,No
CUST-05316,Female,0,No,No,15,Yes,No,Fiber optic,Yes,Yes,Yes,No,No,Yes,Two year,No,Mailed check,42.94,644.42,No
CUST-05317,Male,0,No,No,12,Yes,Yes,Fiber optic,Yes,Yes,Yes,No,No,Yes,One year,No,Bank transfer (automatic),98.31,1184.29,No
CUST-05318,Male,0,Yes,No,32,Yes,Yes,DSL,No,No,Yes,No,Yes,Yes,Month-to-month,No,Bank transfer (automatic),93.41,2985.06,No
CUST-05319,Female,0,No,Yes,53,Yes,No,DSL,Yes,Yes,No,No,No,No,Two year,No,Bank transfer (automatic),23.71,1257.1,No
CUST-05320,Male,0,No,Yes,68,Yes,No,No,No internet service,No internet service,No internet service,No internet service,No internet service,No internet service,Month-to-month,Yes,Bank transfer (automatic),67.43,4598.53,No
CUST-05321,Female,0,Yes,Yes,26,Yes,Yes,DSL,No,Yes,No,No,No,Yes,Month-to-month,Yes,Electronic check,27.21,716.53,No
CUST-05322,Female,0,Yes,No,51,Yes,No,Fiber optic,Yes,No,No,No,Yes,Yes,One year,No,Credit card (automatic),49.96,2536.8,No
CUST-05323,Female,0,No,No,64,Yes,No,No,No internet service,No internet service,No internet service,No internet service,No internet service,No internet service,One year,No,Credit card (automatic),60.22,3845.01,No
CUST-05324,Male,0,No,No,43,Yes,Yes,DSL,Yes,Yes,No,Yes,No,Yes,Month-to-month,No,Electronic check,35.69,1543.7,No
CUST-05325,Female,0,Yes,Yes,29,Yes,Yes,DSL,Yes,Yes,Yes,Yes,Yes,Yes,Month-to-month,No,Credit card (automatic),64.89,1886.29,No
CUST-05326,Male,1,No,No,22,Yes,Yes,Fiber optic,Yes,No,Yes,Yes,No,No,Month-to-month,Yes,Mailed check,88.62,1949.9,No
CUST-05327,Male,0,No,No,15,No,No phone service,DSL,Yes,No,No,No,No,Yes,Month-to-month,Yes,Mailed check,61.7,928.14,No
CUST-05328,Male,0,No,No,54,Yes,No,Fiber optic,No,Yes,No,Yes,No,Yes,Month-to-month,No,Electronic check,41.41,2234.56,No
CUST-05329,Male,0,Yes,No,17,Yes,No,Fiber optic,Yes,No,Yes,No,No,No,Two year,Yes,Electronic check,59.48,1007.83,No
CUST-05330,Female,0,No,Yes,16,Yes,Yes,Fiber optic,No,Yes,Yes,No,No,No,Month-to-month,Yes,Credit card (automatic),77.24,1239.49,Yes
CUST-05331,Male,0,No,No,51,Yes,Yes,No,No internet service,No internet service,No internet service,No internet service,No internet service,No internet service,One year,No,Bank transfer (automatic),111.64,5693.16,No
CUST-05332,Female,1,Yes,Yes,44,Yes,No,No,No internet service,No internet service,No internet service,No internet service,No internet service,No internet service,Month-to-month,No,Bank transfer (automatic),67.94,2993.68,No
CUST-05333,Female,0,No,No,55,Yes,Yes,No,No internet service,No internet service,No internet service,No internet service,No internet service,No internet service,Month-to-month,No,Credit card (automatic),106.79,5870.71,No
CUST-05334,Male,1,No,No,53,Yes,No,Fiber optic,No,No,Yes,Yes,No,No,Month-to-month,No,Bank transfer (automatic),116.46,6175.94,No
CUST-05335,Female,0,No,No,8,Yes,No,Fiber optic,No,No,Yes,No,No,No,Month-to-month,Yes,Credit card (automatic),73.9,592.76,No
CUST-05336,Female,0,No,No,16,Yes,Yes,Fiber optic,No,No,Yes,No,No,Yes,Two year,No,Credit card (automatic),32.71,516.69,No
CUST-05337,Male,0,Yes,Yes,26,Yes,Yes,DSL,Yes,No,Yes,No,No,No,Two year,Yes,Bank transfer (automatic),105.53,2751.15,No
CUST-05338,Female,0,Yes,No,36,Yes,No,Fiber optic,No,No,No,No,No,No,Month-to-month,Yes,Mailed check,104.24,3745.6,No
CUST-05339,Female,0,No,No,21,Yes,Yes,DSL,No,No,No,No,Yes,No,Two year,No,Mailed check,104.86,2208.71,No
CUST-05340,Female,0,No,Yes,71,Yes,Yes,DSL,Yes,Yes,No,No,No,No,Month-to-month,Yes,Mailed check,113.05,8028.82,No
CUST-05341,Female,0,No,No,66,Yes,Yes,Fiber optic,No,Yes,No,Yes,Yes,No,Month-to-month,No,Electronic check,45.64,3015.44,Yes
CUST-05342,Male,0,No,No,37,Yes,Yes,DSL,No,No,No,Yes,No,No,One year,No,Bank transfer (automatic),51.34,1897.12,No
CUST-05343,Female,0,Yes,No,71,Yes,Yes,No,No internet service,No internet service,No internet service,No internet service,No internet service,No internet service,Month-to-month,No,Electronic check,86.71,6154.57,No
CUST-05344,Female,0,Yes,No,43,Yes,Yes,Fiber optic,No,Yes,Yes,Yes,Yes,No,Month-to-month,Yes,Credit card (automatic),74.39,3198.79,No
CUST-05345,Female,0,Yes,Yes,35,Yes,No,No,No internet service,No internet service,No internet service,No internet service,No internet service,No internet service,Month-to-month,Yes,Bank transfer (automatic),104.84,3662.96,No
CUST-05346,Female,0,No,No,24,Yes,Yes,Fiber optic,Yes,Yes,Yes,No,No,No,Two year,No,Electronic check,43.45,1045.68,No
CUST-05347,Male,0,No,No,41,Yes,No,DSL,Yes,Yes,No,No,No,Yes,Two year,No,Bank transfer (automatic),83.84,3435.65,No
CUST-05348,Female,0,No,No,12,Yes,No,Fiber optic,No,Yes,No,Yes,Yes,Yes,Two year,No,Electronic check,112.04,1333.88,No
CUST-05349,Male,0,Yes,No,55,Yes,No,Fiber optic,Yes,Yes,No,Yes,No,Yes,Month-to-month,Yes,Credit card (automatic),39.59,2186.89,No
CUST-05350,Female,0,Yes,No,50,Yes,Yes,DSL,Yes,Yes,Yes,Yes,Yes,No,One year,Yes,Mailed check,48.69,2435.83,No
CUST-05351,Male,0,Yes,Yes,49,Yes,No,DSL,No,Yes,Yes,Yes,No,Yes,One year,Yes,Electronic check,58.74,2879.89,No
CUST-05352,Male,1,Yes,No,51,Yes,Yes,Fiber optic,No,No,Yes,No,Yes,Yes,Two year,No,Electronic check,26.71,1358.75,Yes
CUST-05353,Male,0,Yes,No,32,Yes,No,DSL,No,Yes,No,No,No,No,Two year,Yes,Electronic check,35.69,1143.74,No
CUST-05354,Male,0,No,No,24,Yes,No,Fiber optic,No,No,Yes,No,No,No,One year,Yes,Credit card (automatic),56.21,1352.72,No
CUST-05355,Male,0,No,No,57,Yes,No,DSL,No,Yes,No,Yes,Yes,No,Month-to-month,No,Credit card (automatic),25.44,1442.81,No
CUST-05356,Female,1,No,Yes,39,Yes,Yes,No,No internet service,No internet service,No internet service,No internet service,No internet service,No internet service,Two year,Yes,Electronic check,54.26,2119.16,Yes
CUST-05357,Female,0,Yes,Yes,37,Yes,No,Fiber optic,No,No,No,Yes,No,No,Month-to-month,Yes,Electronic check,42.41,1563.87,No
CUST-05358,Female,0,No,Yes,2,Yes,No,No,No internet service,No internet service,No internet service,No internet service,No internet service,No internet service,Month-to-month,Yes,Mailed check,104.45,202.47,No
CUST-05359,Male,1,No,No,15,Yes,Yes,DSL,No,No,Yes,No,No,Yes,Two year,Yes,Mailed check,78.85,1178.35,No
CUST-05360,Female,1,Yes,No,1,Yes,No,Fiber optic,Yes,Yes,Yes,No,Yes,No,Month-to-month,No,Mailed check,107.85,118.35,No
CUST-05361,Male,1,Yes,No,22,Yes,No,DSL,No,No,No,Yes,Yes,No,Month-to-month,No,Bank transfer (automatic),38.29,846.3,Yes
CUST-05362,Male,0,Yes,Yes,29,No,No phone service,Fiber optic,Yes,No,Yes,Yes,No,Yes,Month-to-month,Yes,Electronic check,26.17,758.84,No
CUST-05363,Female,0,No,Yes,9,Yes,No,DSL,Yes,Yes,No,Yes,Yes,Yes,Month-to-month,Yes,Bank transfer (automatic),53.4,489.11,No
CUST-05364,Female,0,Yes,No,64,No,No phone service,No,No internet service,No internet service,No internet service,No internet service,No internet service,No internet service,One year,Yes,Credit card (automatic),23.64,1508.35,No
CUST-05365,Male,0,No,No,21,No,No phone service,Fiber optic,Yes,No,Yes,Yes,No,Yes,Month-to-month,Yes,Bank transfer (automatic),106.35,2228.22,No
CUST-05366,Male,0,No,No,51,Yes,Yes,DSL,No,No,No,Yes,Yes,No,Month-to-month,Yes,Credit card (automatic),36.82,1873.24,No
CUST-05367,Female,0,Yes,No,55,Yes,No,Fiber optic,Yes,Yes,No,Yes,No,No,Month-to-month,Yes,Bank transfer (automatic),32.11,1775.44,Yes
CUST-05368,Female,0,No,No,32,Yes,Yes,Fiber optic,No,Yes,No,Yes,Yes,Yes,One year,No,Mailed check,96.78,3101.3,No
CUST-05369,Female,0,Yes,Yes,29,Yes,Yes,DSL,No,Yes,Yes,Yes,No,No,One year,No,Electronic check,89.24,2583.88,No
CUST-05370,Female,0,Yes,Yes,23,Yes,Yes,Fiber optic,No,No,No,No,Yes,Yes,Month-to-month,No,Mailed check,23.7,541.64,No
CUST-05371,Male,1,No,Yes,4,Yes,Yes,Fiber optic,Yes,Yes,No,No,Yes,Yes,Month-to-month,Yes,Credit card (automatic),68.96,277.26,No
CUST-05372,Female,0,No,Yes,52,Yes,No,DSL,Yes,No,Yes,Yes,Yes,No,Month-to-month,No,Bank transfer (automatic),62.88,3264.09,No
CUST-05373,Female,0,No,Yes,54,Yes,No,Fiber optic,Yes,No,Yes,Yes,No,Yes,Month-to-month,No,Electronic check,56.69,3060.37,No
CUST-05374,Female,0,Yes,No,22,Yes,Yes,DSL,Yes,Yes,No,Yes,Yes,No,Month-to-month,Yes,Bank transfer (automatic),30.67,669.77,Yes
CUST-05375,Male,0,No,No,9,Yes,Yes,Fiber optic,No,No,Yes,Yes,Yes,No,Month-to-month,Yes,Bank transfer (automatic),96.74,870.31,No
CUST-05376,Male,1,Yes,No,32,Yes,No,Fiber optic,Yes,No,Yes,Yes,No,No,Month-to-month,Yes,Mailed check,42.0,1348.08,No
CUST-05377,Male,0,Yes,No,61,Yes,No,DSL,Yes,No,No,No,Yes,No,Two year,No,Mailed check,63.82,3901.73,No
CUST-05378,Male,0,No,No,26,No,No phone service,DSL,Yes,Yes,No,Yes,No,No,Month-to-month,Yes,Mailed check,106.11,2751.03,Yes
CUST-05379,Female,0,No,Yes,6,Yes,Yes,Fiber optic,Yes,No,No,Yes,Yes,No,One year,No,Credit card (automatic),49.82,301.92,No
CUST-05380,Male,0,No,No,26,No,No phone service,Fiber optic,Yes,Yes,Yes,Yes,No,No,Month-to-month,No,Mailed check,21.57,564.21,Yes
CUST-05381,Female,0,No,No,9,Yes,Yes,DSL,Yes,Yes,Yes,Yes,Yes,No,Month-to-month,Yes,Electronic check,106.91,961.03,No
CUST-05382,Female,0,Yes,No,56,Yes,No,DSL,Yes,No,No,No,No,No,One year,No,Bank transfer (automatic),67.39,3770.88,No
CUST-05383,Female,0,No,No,29,Yes,Yes,DSL,Yes,Yes,No,No,Yes,Yes,Month-to-month,Yes,Credit card (automatic),67.71,1960.62,No
CUST-05384,Female,1,Yes,Yes,2,Yes,Yes,Fiber optic,Yes,Yes,Yes,Yes,Yes,No,One year,Yes,Electronic check,73.14,137.01,No
CUST-05385,Male,0,No,No,28,Yes,No,DSL,No,Yes,No,Yes,Yes,No,Month-to-month,Yes,Credit card (automatic),35.99,1011.61,No
CUST-05386,Male,0,No,Yes,13,Yes,No,Fiber optic,No,Yes,No,Yes,Yes,Yes,Month-to-month,Yes,Electronic check,89.49,1159.55,Yes
CUST-05387,Male,0,No,No,24,Yes,No,DSL,No,Yes,Yes,Yes,Yes,Yes,Month-to-month,No,Credit card (automatic),41.14,979.02,No
CUST-05388,Female,0,Yes,No,9,Yes,No,Fiber optic,Yes,No,Yes,Yes,No,Yes,Month-to-month,No,Bank transfer (automatic),48.11,434.6,No
CUST-05389,Female,0,No,Yes,48,Yes,No,DSL,No,Yes,No,Yes,No,No,Month-to-month,No,Credit card (automatic),81.12,3895.33,No
CUST-05390,Female,0,Yes,Yes,37,Yes,Yes,Fiber optic,No,Yes,No,Yes,No,No,Month-to-month,Yes,Bank transfer (automatic),92.98,3444.49,No
CUST-05391,Female,0,No,Yes,70,Yes,Yes,Fiber optic,No,Yes,No,No,Yes,Yes,Two year,No,Credit card (automatic),91.06,6383.29,No
CUST-05392,Female,0,No,Yes,13,Yes,No,Fiber optic,No,No,Yes,No,No,No,Month-to-month,Yes,Credit card (automatic),26.31,342.23,No
CUST-05393,Male,0,Yes,No,29,Yes,Yes,DSL,No,Yes,No,Yes,No,Yes,Month-to-month,No,Electronic check,93.46,2708.84,No
CUST-05394,Female,0,Yes,No,39,Yes,No,No,No internet service,No internet service,No internet service,No internet service,No internet service,No internet service,Month-to-month,No,Bank transfer (automatic),84.27,3284.58,No
CUST-05395,Male,1,No,Yes,11,Yes,Yes,DSL,No,No,Yes,Yes,Yes,No,One year,No,Electronic check,78.51,862.14,No
CUST-05396,Female,0,No,No,13,Yes,No,DSL,Yes,Yes,Yes,Yes,No,Yes,One year,No,Credit card (automatic),114.69,1487.28,No
CUST-05397,Female,0,Yes,No,0,Yes,No,DSL,Yes,No,Yes,Yes,No,No,Month-to-month,No,Credit card (automatic),52.68,0.0,No
CUST-05398,Male,0,No,Yes,67,Yes,Yes,No,No internet service,No internet service,No internet service,No internet service,No internet service,No internet service,Month-to-month,No,Bank transfer (automatic),86.31,5779.16,No
CUST-05399,Male,1,Yes,Yes,48,Yes,No,DSL,No,Yes,Yes,Yes,Yes,No,Month-to-month,Yes,Bank transfer (automatic),75.32,3610.17,Yes
CUST-05400,Female,0,No,No,17,Yes,No,Fiber optic,Yes,Yes,No,Yes,Yes,Yes,Month-to-month,Yes,Mailed check,56.8,974.28,No
CUST-05401,Female,0,Yes,Yes,35,No,No phone service,DSL,Yes,No,Yes,Yes,No,No,One year,Yes,Bank transfer (automatic),96.82,3395.63,No
CUST-05402,Female,0,Yes,No,63,Yes,Yes,Fiber optic,No,No,No,Yes,No,No,One year,No,Electronic check,58.31,3664.22,No
CUST-05403,Female,0,Yes,Yes,27,Yes,Yes,Fiber optic,No,No,Yes,Yes,No,No,Two year,No,Bank transfer (automatic),73.86,1995.81,No
CUST-05404,Male,0,Yes,No,31,Yes,No,Fiber optic,No,Yes,No,Yes,Yes,Yes,Month-to-month,Yes,Credit card (automatic),74.06,2295.54,No
CUST-05405,Female,0,Yes,No,71,Yes,Yes,No,No internet service,No internet service,No internet service,No internet service,No internet service,No internet service,Month-to-month,Yes,Bank transfer (automatic),69.13,4908.95,No
CUST-05406,Male,1,No,No,24,No,No phone service,Fiber optic,Yes,No,Yes,Yes,Yes,Yes,Month-to-month,No,Mailed check,63.74,1522.51,No
CUST-05407,Female,0,No,No,46,No,No phone service,No,No internet service,No internet service,No internet service,No internet service,No internet service,No internet service,Month-to-month,Yes,Credit card (automatic),34.78,1590.64,No
CUST-05408,Male,0,No,No,19,Yes,Yes,Fiber optic,No,Yes,No,Yes,Yes,Yes,Month-to-month,Yes,Bank transfer (automatic),42.08,799.24,No
CUST-05409,Male,0,No,Yes,32,Yes,No,Fiber optic,No,No,No,Yes,Yes,Yes,One year,No,Credit card (automatic),30.35,969.35,No
CUST-05410,Female,0,No,No,29,Yes,No,DSL,No,No,Yes,Yes,Yes,Yes,Two year,No,Credit card (automatic),90.35,2617.4,No
CUST-05411,Male,0,No,No,36,Yes,No,Fiber optic,Yes,No,No,Yes,No,No,Month-to-month,Yes,Bank transfer (automatic),92.43,3326.45,No
CUST-05412,Female,0,No,No,52,Yes,No,Fiber optic,No,No,No,Yes,Yes,Yes,Month-to-month,No,Mailed check,81.85,4259.2,Yes
CUST-05413,Male,0,No,No,68,Yes,Yes,Fiber optic,Yes,Yes,No,No,No,Yes,Month-to-month,Yes,Mailed check,109.76,7468.09,No
CUST-05414,Female,0,No,Yes,7,Yes,No,No,No internet service,No internet service,No internet service,No internet service,No internet service,No internet service,Two year,Yes,Mailed check,44.5,306.59,No
CUST-05415,Male,0,Yes,No,0,Yes,Yes,DSL,Yes,No,Yes,Yes,Yes,Yes,One year,Yes,Mailed check,100.1,0.0,No
CUST-05416,Female,0,Yes,No,6,Yes,Yes,Fiber optic,Yes,Yes,Yes,No,Yes,No,Month-to-month,Yes,Bank transfer (automatic),36.58,220.23,No
CUST-05417,Female,0,No,No,61,Yes,Yes,Fiber optic,No,No,No,Yes,No,Yes,Month-to-month,Yes,Credit card (automatic),24.78,1517.69,No
CUST-05418,Male,0,Yes,No,57,Yes,No,DSL,No,No,No,No,No,No,Month-to-month,No,Credit card (automatic),18.01,1025.5,No
CUST-05419,Male,1,No,Yes,7,Yes,No,Fiber optic,No,Yes,No,Yes,Yes,Yes,Month-to-month,No,Mailed check,76.06,533.14,Yes
CUST-05420,Male,0,Yes,No,63,Yes,No,Fiber optic,Yes,Yes,Yes,No,Yes,Yes,One year,No,Electronic check,95.87,6032.99,No
CUST-05421,Male,0,Yes,No,7,Yes,No,No,No internet service,No internet service,No internet service,No internet service,No internet service,No internet service,Month-to-month,Yes,Mailed check,100.3,691.12,Yes
CUST-05422,Female,0,Yes,No,2,Yes,No,Fiber optic,No,Yes,No,No,Yes,Yes,Month-to-month,No,Credit card (automatic),65.07,141.71,No
CUST-05423,Male,0,No,No,57,Yes,No,No,No internet service,No internet service,No internet service,No internet service,No internet service,No internet service,Month-to-month,No,Credit card (automatic),23.87,1361.98,No
CUST-05424,Female,0,No,No,31,Yes,No,Fiber optic,Yes,Yes,No,Yes,No,Yes,Month-to-month,No,Credit card (automatic),21.58,663.89,No
CUST-05425,Male,0,No,Yes,67,Yes,Yes,Fiber optic,No,No,Yes,Yes,No,No,One year,Yes,Electronic check,109.74,7341.87,No
CUST-05426,Female,1,No,No,48,Yes,Yes,Fiber optic,No,Yes,No,Yes,Yes,Yes,Two year,No,Bank transfer (automatic),27.29,1317.15,No
CUST-05427,Female,0,Yes,No,37,Yes,No,DSL,Yes,Yes,Yes,Yes,Yes,No,Month-to-month,Yes,Bank transfer (automatic),96.47,3564.67,No
CUST-05428,Female,0,No,No,1,Yes,No,Fiber optic,Yes,Yes,No,Yes,No,Yes,Month-to-month,No,Credit card (automatic),24.96,20.23,No
CUST-05429,Female,0,Yes,No,8,Yes,Yes,Fiber optic,Yes,No,Yes,No,No,No,One year,No,Mailed check,36.33,287.06,Yes
CUST-05430,Male,0,No,No,45,Yes,No,No,No internet service,No internet service,No internet service,No internet service,No internet service,No internet service,One year,No,Bank transfer (automatic),34.29,1543.74,No
CUST-05431,Male,0,Yes,Yes,64,Yes,Yes,Fiber optic,Yes,No,Yes,Yes,No,Yes,One year,Yes,Credit card (automatic),45.71,2928.63,No
CUST-05432,Female,0,Yes,Yes,48,Yes,Yes,Fiber optic,No,No,No,No,No,No,One year,Yes,Electronic check,58.56,2809.38,No
CUST-05433,Male,1,Yes,No,28,Yes,No,DSL,Yes,Yes,No,Yes,No,No,One year,Yes,Credit card (automatic),30.47,847.92,No
CUST-05434,Male,0,Yes,No,28,Yes,No,Fiber optic,Yes,No,No,Yes,No,Yes,One year,No,Credit card (automatic),115.32,3240.45,No
CUST-05435,Female,0,No,No,32,Yes,Yes,No,No internet service,No internet service,No internet service,No internet service,No internet service,No internet service,Two year,Yes,Mailed check,18.2,579.94,No
CUST-05436,Male,0,No,No,27,Yes,Yes,DSL,No,No,Yes,No,No,No,Two year,Yes,Electronic check,95.21,2570.72,Yes
CUST-05437,Male,0,Yes,No,25,Yes,No,DSL,Yes,No,Yes,Yes,Yes,No,Month-to-month,Yes,Electronic check,70.65,1758.75,Yes
CUST-05438,Male,0,No,No,28,No,No phone service,Fiber optic,Yes,No,No,No,Yes,Yes,One year,Yes,Mailed check,26.56,746.58,Yes
CUST-05439,Female,0,No,No,10,Yes,No,DSL,Yes,No,No,No,No,Yes,Two year,No,Mailed check,30.0,305.46,Yes
CUST-05440,Male,0,Yes,No,33,Yes,No,Fiber optic,Yes,Yes,Yes,No,No,No,One year,No,Credit card (automatic),77.0,2536.7,No
CUST-05441,Female,0,No,Yes,47,Yes,No,Fiber optic,No,No,No,No,Yes,Yes,Month-to-month,Yes,Electronic check,49.53,2318.71,No
CUST-05442,Male,1,No,No,26,Yes,No,Fiber optic,No,No,Yes,Yes,Yes,No,One year,No,Credit card (automatic),63.02,1636.61,Yes
CUST-05443,Male,0,No,No,71,Yes,Yes,DSL,Yes,Yes,No,Yes,No,Yes,Month-to-month,Yes,Credit card (automatic),72.92,5186.8,No
CUST-05444,Male,0,Yes,No,39,Yes,No,No,No internet service,No internet service,No internet service,No internet service,No internet service,No internet service,Month-to-month,No,Mailed check,75.33,2934.67,No
CUST-05445,Female,0,No,Yes,30,Yes,No,DSL,No,Yes,Yes,Yes,No,Yes,Month-to-month,Yes,Credit card (automatic),76.26,2300.46,Yes
CUST-05446,Female,0,Yes,No,64,Yes,Yes,DSL,Yes,No,No,No,No,Yes,Two year,Yes,Credit card (automatic),25.01,1597.84,No
CUST-05447,Male,0,Yes,No,38,No,No phone service,Fiber optic,No,Yes,No,Yes,Yes,Yes,One year,Yes,Mailed check,92.05,3488.78,No
CUST-05448,Female,0,Yes,Yes,23,Yes,Yes,DSL,Yes,No,No,Yes,Yes,No,Two year,Yes,Bank transfer (automatic),47.35,1086.5,No
CUST-05449,Male,0,No,No,67,Yes,No,Fiber optic,No,Yes,No,No,Yes,No,Two year,Yes,Bank transfer (automatic),29.44,1963.13,No
CUST-05450,Female,0,No,No,22,Yes,Yes,Fiber optic,Yes,No,No,No,No,No,Two year,Yes,Mailed check,28.22,617.24,No
CUST-05451,Female,0,No,No,60,Yes,Yes,DSL,Yes,No,No,Yes,Yes,Yes,One year,No,Electronic check,41.7,2503.91,No
CUST-05452,Male,0,Yes,Yes,26,Yes,No,Fiber optic,Yes,Yes,No,Yes,Yes,No,Month-to-month,No,Mailed check,80.87,2100.3,No
CUST-05453,Male,0,No,Yes,15,Yes,Yes,DSL,No,No,Yes,No,No,Yes,One year,No,Credit card (automatic),65.19,983.36,Yes
CUST-05454,Male,0,Yes,No,44,Yes,Yes,Fiber optic,No,Yes,Yes,No,Yes,Yes,Month-to-month,Yes,Bank transfer (automatic),28.71,1260.56,No
CUST-05455,Male,0,No,No,26,Yes,Yes,Fiber optic,No,No,No,No,Yes,Yes,One year,Yes,Mailed check,21.24,,No
CUST-05456,Female,0,Yes,Yes,4,Yes,Yes,DSL,Yes,Yes,No,No,No,Yes,Two year,Yes,Bank transfer (automatic),20.47,82.62,No
CUST-05457,Female,0,No,Yes,58,Yes,No,DSL,No,No,No,No,Yes,No,Two year,Yes,Credit card (automatic),60.11,3485.64,No
CUST-05458,Female,0,No,No,71,Yes,No,No,No internet service,No internet service,No internet service,No internet service,No internet service,No internet service,Month-to-month,Yes,Bank transfer (automatic),96.81,6873.39,No
CUST-05459,Male,0,No,Yes,34,Yes,No,Fiber optic,Yes,Yes,Yes,No,No,Yes,Month-to-month,Yes,Electronic check,75.36,2555.87,No
CUST-05460,Male,0,Yes,No,69,Yes,Yes,No,No internet service,No internet service,No internet service,No internet service,No internet service,No internet service,Two year,Yes,Mailed check,98.97,6830.27,No
CUST-05461,Female,0,Yes,No,45,No,No phone service,Fiber optic,Yes,No,Yes,Yes,Yes,Yes,Month-to-month,No,Bank transfer (automatic),49.94,2254.24,No
CUST-05462,Male,0,No,No,55,Yes,Yes,Fiber optic,No,No,Yes,Yes,No,No,Two year,No,Credit card (automatic),32.03,1755.08,No
CUST-05463,Female,0,Yes,No,23,Yes,No,Fiber optic,Yes,Yes,No,No,No,No,Month-to-month,No,Mailed check,98.3,2251.35,Yes
CUST-05464,Female,0,Yes,No,9,Yes,Yes,Fiber optic,Yes,No,Yes,Yes,Yes,No,Two year,Yes,Credit card (automatic),90.78,809.3,No
CUST-05465,Female,0,Yes,Yes,37,Yes,No,Fiber optic,No,No,No,Yes,Yes,No,Two year,Yes,Electronic check,76.91,2845.53,No
CUST-05466,Female,0,No,No,69,Yes,No,No,No internet service,No internet service,No internet service,No internet service,No internet service,No internet service,One year,No,Electronic check,106.78,7359.78,No
CUST-05467,Female,0,No,No,47,Yes,Yes,DSL,No,Yes,Yes,Yes,No,No,Month-to-month,Yes,Electronic check,81.07,3811.92,No
CUST-05468,Male,0,No,No,8,Yes,Yes,Fiber optic,Yes,Yes,No,Yes,Yes,Yes,Month-to-month,Yes,Electronic check,70.58,566.42,No
CUST-05469,Male,0,Yes,No,49,Yes,Yes,Fiber optic,Yes,No,Yes,Yes,No,Yes,One year,No,Mailed check,68.23,3345.11,No
CUST-05470,Male,0,No,No,68,Yes,No,Fiber optic,No,No,Yes,Yes,No,No,Month-to-month,Yes,Credit card (automatic),79.74,5435.27,Yes
CUST-05471,Female,0,Yes,Yes,47,Yes,Yes,Fiber optic,Yes,Yes,No,No,No,Yes,Two year,Yes,Credit card (automatic),69.66,3264.69,No
CUST-05472,Female,0,Yes,No,38,Yes,Yes,No,No internet service,No internet service,No internet service,No internet service,No internet service,No internet service,Month-to-month,Yes,Credit card (automatic),45.27,1711.72,No
CUST-05473,Female,0,No,No,4,No,No phone service,No,No internet service,No internet service,No internet service,No internet service,No internet service,No internet service,Month-to-month,Yes,Bank transfer (automatic),113.39,459.95,No
CUST-05474,Female,1,No,No,10,Yes,Yes,DSL,No,Yes,No,No,Yes,No,Month-to-month,Yes,Mailed check,113.81,1140.76,No
CUST-05475,Male,0,No,Yes,59,Yes,Yes,Fiber optic,Yes,No,Yes,Yes,No,Yes,Two year,Yes,Mailed check,34.68,2051.86,No
CUST-05476,Male,0,Yes,Yes,26,No,No phone service,Fiber optic,No,Yes,No,Yes,No,No,Two year,Yes,Bank transfer (automatic),71.06,1837.35,No
CUST-05477,Female,0,Yes,Yes,6,No,No phone service,Fiber optic,Yes,Yes,No,No,No,Yes,One year,Yes,Electronic check,96.96,574.96,No
CUST-05478,Female,0,No,No,59,Yes,No,DSL,No,Yes,No,No,No,No,One year,Yes,Credit card (automatic),23.48,1390.21,No
CUST-05479,Female,0,Yes,No,49,Yes,No,DSL,No,Yes,Yes,Yes,No,No,One year,Yes,Mailed check,30.36,1486.8,No
CUST-05480,Male,0,No,No,66,Yes,Yes,No,No internet service,No internet service,No internet service,No internet service,No internet service,No internet service,One year,No,Electronic check,72.49,4790.91,No
CUST-05481,Male,0,No,No,68,Yes,No,Fiber optic,Yes,No,Yes,Yes,Yes,Yes,Two year,No,Bank transfer (automatic),20.83,1414.36,No
CUST-05482,Male,1,No,Yes,54,Yes,No,Fiber optic,Yes,Yes,Yes,Yes,No,Yes,One year,Yes,Credit card (automatic),101.3,5469.14,No
CUST-05483,Female,0,No,No,15,Yes,Yes,Fiber optic,No,Yes,Yes,Yes,Yes,No,Two year,Yes,Credit card (automatic),105.32,1591.25,No
CUST-05484,Female,0,No,No,11,Yes,No,DSL,Yes,No,No,No,No,No,Month-to-month,No,Bank transfer (automatic),91.63,1002.73,No
CUST-05485,Male,0,No,No,26,Yes,No,Fiber optic,No,Yes,No,Yes,Yes,Yes,Two year,No,Bank transfer (automatic),100.24,2609.94,No
CUST-05486,Female,0,Yes,No,32,No,No phone service,Fiber optic,Yes,Yes,Yes,No,Yes,No,One year,Yes,Electronic check,85.17,2717.6,No
CUST-05487,Male,0,Yes,No,54,Yes,No,Fiber optic,Yes,Yes,No,No,No,Yes,Two year,Yes,Electronic check,32.19,1733.93,No
CUST-05488,Female,0,No,No,51,Yes,Yes,DSL,Yes,Yes,No,Yes,Yes,No,Month-to-month,Yes,Bank transfer (automatic),20.99,1074.18,No
CUST-05489,Male,1,No,Yes,36,Yes,No,No,No internet service,No internet service,No internet service,No internet service,No internet service,No internet service,One year,No,Electronic check,102.81,3694.09,No
CUST-05490,Female,0,Yes,No,14,Yes,Yes,DSL,Yes,No,No,No,No,Yes,Two year,Yes,Electronic check,88.72,1246.46,No
CUST-05491,Male,0,Yes,Yes,64,Yes,No,DSL,Yes,No,No,Yes,Yes,No,Month-to-month,Yes,Bank transfer (automatic),57.85,3701.3,No
CUST-05492,Male,1,No,No,67,Yes,No,Fiber optic,Yes,Yes,Yes,No,No,No,Two year,Yes,Electronic check,97.68,6539.68,No
CUST-05493,Male,0,No,Yes,2,Yes,Yes,Fiber optic,Yes,No,Yes,No,No,No,Month-to-month,No,Mailed check,23.33,46.12,Yes
CUST-05494,Male,0,Yes,No,71,Yes,No,Fiber optic,No,Yes,Yes,Yes,No,Yes,Two year,Yes,Bank transfer (automatic),49.91,3540.68,No
CUST-05495,Male,0,No,No,4,Yes,No,Fiber optic,No,No,No,Yes,Yes,Yes,Month-to-month,Yes,Credit card (automatic),52.18,205.16,Yes
CUST-05496,Male,0,Yes,No,8,Yes,Yes,Fiber optic,No,Yes,No,No,No,No,Two year,Yes,Bank transfer (automatic),28.49,225.45,No
CUST-05497,Female,0,No,No,0,Yes,Yes,DSL,Yes,Yes,Yes,Yes,No,Yes,Month-to-month,No,Bank transfer (automatic),92.17,0.0,No
CUST-05498,Female,0,Yes,Yes,29,Yes,Yes,No,No internet service,No internet service,No internet service,No internet service,No internet service,No internet service,Month-to-month,Yes,Electronic check,95.75,2767.94,No
CUST-05499,Female,0,No,No,70,Yes,Yes,DSL,No,No,No,No,No,No,One year,No,Bank transfer (automatic),76.32,5331.77,No
CUST-05500,Male,0,No,No,19,Yes,Yes,DSL,Yes,No,No,No,No,No,Month-to-month,No,Electronic check,59.79,1138.53,No
CUST-05501,Male,0,No,No,26,Yes,Yes,DSL,Yes,No,No,Yes,Yes,No,Two year,Yes,Electronic check,78.71,2048.62,No
CUST-05502,Female,0,Yes,No,62,Yes,Yes,Fiber optic,No,No,No,Yes,No,Yes,One year,No,Mailed check,107.84,6682.11,No
CUST-05503,Male,1,No,No,30,Yes,Yes,DSL,No,No,No,Yes,No,Yes,Two year,Yes,Electronic check,53.78,1612.75,No
CUST-05504,Male,0,Yes,No,18,Yes,No,DSL,No,No,Yes,Yes,Yes,Yes,One year,Yes,Credit card (automatic),51.42,932.49,No
CUST-05505,Male,0,Yes,Yes,61,Yes,Yes,Fiber optic,No,Yes,Yes,No,Yes,Yes,Two year,Yes,Credit card (automatic),80.27,4893.34,No
CUST-05506,Male,0,Yes,Yes,6,Yes,No,DSL,Yes,Yes,Yes,Yes,No,Yes,Month-to-month,No,Mailed check,86.36,516.82,No
CUST-05507,Male,0,Yes,Yes,36,Yes,No,DSL,Yes,No,No,Yes,No,No,Month-to-month,Yes,Mailed check,63.77,2305.41,No
CUST-05508,Female,0,No,No,70,Yes,No,DSL,No,Yes,No,Yes,Yes,Yes,One year,Yes,Mailed check,103.96,7279.14,No
CUST-05509,Female,0,No,No,7,Yes,Yes,No,No internet service,No internet service,No internet service,No internet service,No internet service,No internet service,Two year,Yes,Mailed check,53.23,377.14,No
CUST-05510,Female,0,No,No,56,Yes,Yes,No,No internet service,No internet service,No internet service,No internet service,No internet service,No internet service,Month-to-month,No,Mailed check,82.09,4600.59,No
CUST-05511,Female,0,Yes,No,27,No,No phone service,DSL,No,No,No,No,Yes,Yes,Month-to-month,No,Credit card (automatic),84.78,2291.59,No
CUST-05512,Female,0,No,No,16,Yes,Yes,Fiber optic,Yes,No,No,Yes,No,Yes,Month-to-month,No,Electronic check,47.48,756.05,Yes
CUST-05513,Male,0,Yes,No,10,Yes,Yes,No,No internet service,No internet service,No internet service,No internet service,No internet service,No internet service,One year,No,Electronic check,19.89,194.03,No
CUST-05514,Male,0,Yes,Yes,14,No,No phone service,DSL,No,Yes,Yes,No,No,No,Two year,Yes,Mailed check,100.66,1412.61,No
CUST-05515,Male,0,Yes,Yes,29,Yes,Yes,No,No internet service,No internet service,No internet service,No internet service,No internet service,No internet service,Two year,Yes,Electronic check,66.24,1923.58,No
CUST-05516,Male,0,No,No,5,Yes,No,No,No internet service,No internet service,No internet service,No internet service,No internet service,No internet service,Month-to-month,No,Electronic check,27.55,138.91,No
CUST-05517,Female,0,Yes,No,11,Yes,Yes,DSL,No,Yes,No,No,Yes,Yes,Two year,No,Mailed check,113.76,1252.82,No
CUST-05518,Female,1,No,No,60,Yes,No,DSL,No,Yes,No,No,Yes,No,Month-to-month,No,Bank transfer (automatic),47.64,2854.54,No
CUST-05519,Female,0,No,No,35,Yes,Yes,No,No internet service,No internet service,No internet service,No internet service,No internet service,No internet service,Two year,Yes,Credit card (automatic),65.45,2284.86,No
CUST-05520,Male,0,No,No,34,No,No phone service,DSL,Yes,Yes,Yes,Yes,Yes,No,Month-to-month,No,Electronic check,66.41,2254.27,No
CUST-05521,Female,0,Yes,No,66,Yes,No,DSL,No,Yes,No,Yes,Yes,No,One year,Yes,Electronic check,55.08,3634.03,No
CUST-05522,Male,0,No,No,62,Yes,Yes,Fiber optic,No,No,Yes,No,Yes,Yes,Month-to-month,No,Credit card (automatic),33.16,2052.95,No
CUST-05523,Female,0,Yes,No,39,Yes,Yes,DSL,Yes,Yes,Yes,Yes,Yes,Yes,Month-to-month,Yes,Credit card (automatic),88.43,3456.61,No
CUST-05524,Female,0,Yes,Yes,30,Yes,No,No,No internet service,No internet service,No internet service,No internet service,No internet service,No internet service,One year,No,Bank transfer (automatic),37.55,1133.88,No
CUST-05525,Male,0,Yes,Yes,36,Yes,No,DSL,No,Yes,No,Yes,Yes,Yes,Month-to-month,No,Electronic check,86.23,3108.54,No
CUST-05526,Male,0,Yes,Yes,4,Yes,Yes,DSL,No,Yes,No,No,Yes,Yes,Month-to-month,Yes,Electronic check,98.21,398.94,No
CUST-05527,Female,1,No,No,3,Yes,Yes,No,No internet service,No internet service,No internet service,No internet service,No internet service,No internet service,Month-to-month,Yes,Bank transfer (automatic),20.31,54.46,Yes
CUST-05528,Female,1,No,No,25,Yes,Yes,No,No internet service,No internet service,No internet service,No internet service,No internet service,No internet service,One year,No,Credit card (automatic),91.18,2283.09,No
CUST-05529,Male,0,No,Yes,23,Yes,Yes,No,No internet service,No internet service,No internet service,No internet service,No internet service,No internet service,Month-to-month,Yes,Mailed check,81.8,1881.22,No
CUST-05530,Female,0,No,No,38,Yes,No,Fiber optic,Yes,Yes,Yes,Yes,No,No,Two year,Yes,Mailed check,37.58,1425.74,No
CUST-05531,Female,0,Yes,Yes,55,Yes,Yes,No,No internet service,No internet service,No internet service,No internet service,No internet service,No internet service,Two year,Yes,Electronic check,80.02,4399.69,No
CUST-05532,Male,1,Yes,No,53,Yes,Yes,Fiber optic,Yes,No,No,No,Yes,Yes,One year,No,Credit card (automatic),60.08,3182.89,No
CUST-05533,Female,0,Yes,No,37,Yes,Yes,No,No internet service,No internet service,No internet service,No internet service,No internet service,No internet service,Month-to-month,No,Electronic check,26.46,977.12,No
CUST-05534,Male,0,Yes,No,53,Yes,No,Fiber optic,Yes,Yes,No,Yes,Yes,No,Month-to-month,No,Credit card (automatic),70.37,3726.53,Yes
CUST-05535,Female,1,No,No,18,Yes,Yes,No,No internet service,No internet service,No internet service,No internet service,No internet service,No internet service,Month-to-month,Yes,Credit card (automatic),115.33,2069.24,Yes
CUST-05536,Male,0,No,Yes,25,Yes,No,Fiber optic,Yes,Yes,Yes,No,Yes,Yes,Two year,Yes,Mailed check,82.88,2064.14,No
CUST-05537,Female,0,Yes,No,51,Yes,Yes,DSL,No,No,Yes,Yes,No,No,Month-to-month,Yes,Mailed check,51.05,2605.56,No
CUST-05538,Male,0,Yes,Yes,60,No,No phone service,DSL,Yes,No,Yes,No,Yes,Yes,Two year,Yes,Electronic check,74.35,4446.95,No
CUST-05539,Female,1,Yes,Yes,66,Yes,No,No,No internet service,No internet service,No internet service,No internet service,No internet service,No internet service,Month-to-month,Yes,Bank transfer (automatic),91.78,6067.21,No
CUST-05540,Male,0,Yes,Yes,21,Yes,Yes,No,No internet service,No internet service,No internet service,No internet service,No internet service,No internet service,Month-to-month,Yes,Bank transfer (automatic),33.62,702.91,No
CUST-05541,Female,0,No,No,16,Yes,No,DSL,Yes,Yes,Yes,No,No,No,Month-to-month,Yes,Mailed check,70.88,1125.08,No
CUST-05542,Female,0,Yes,No,10,Yes,No,Fiber optic,No,Yes,No,No,No,Yes,One year,No,Mailed check,68.69,689.51,No
CUST-05543,Female,0,No,No,38,No,No phone service,No,No internet service,No internet service,No internet service,No internet service,No internet service,No internet service,Month-to-month,Yes,Electronic check,55.66,2114.4,No
CUST-05544,Female,0,No,No,60,Yes,No,DSL,No,No,Yes,Yes,No,Yes,Month-to-month,No,Bank transfer (automatic),92.71,5557.86,No
CUST-05545,Female,0,Yes,Yes,48,Yes,Yes,DSL,Yes,No,Yes,No,No,Yes,Month-to-month,No,Credit card (automatic),74.5,3573.13,No
CUST-05546,Female,1,Yes,No,60,Yes,Yes,Fiber optic,Yes,No,No,No,Yes,Yes,Two year,No,Bank transfer (automatic),87.89,5272.95,No
CUST-05547,Female,0,No,No,11,Yes,Yes,DSL,Yes,No,Yes,No,No,No,Month-to-month,Yes,Credit card (automatic),77.6,859.02,No
CUST-05548,Female,1,No,No,12,Yes,No,Fiber optic,No,No,Yes,Yes,Yes,Yes,One year,Yes,Electronic check,96.09,1139.86,Yes
CUST-05549,Female,0,Yes,No,57,No,No phone service,DSL,No,Yes,Yes,No,Yes,No,Month-to-month,Yes,Credit card (automatic),81.39,4640.82,No
CUST-05550,Male,0,No,Yes,10,Yes,No,Fiber optic,Yes,No,Yes,Yes,No,Yes,One year,No,Credit card (automatic),85.77,865.93,No
CUST-05551,Male,0,Yes,Yes,63,Yes,No,DSL,Yes,Yes,Yes,No,No,No,Month-to-month,Yes,Bank transfer (automatic),40.55,2550.58,No
CUST-05552,Female,0,Yes,No,30,Yes,Yes,DSL,No,No,Yes,Yes,No,Yes,Month-to-month,No,Bank transfer (automatic),102.59,3081.44,No
CUST-05553,Male,0,No,Yes,10,Yes,No,DSL,Yes,No,Yes,Yes,No,No,One year,Yes,Bank transfer (automatic),33.54,338.76,No
CUST-05554,Female,0,No,Yes,42,Yes,Yes,DSL,No,Yes,Yes,Yes,Yes,Yes,Month-to-month,No,Bank transfer (automatic),51.98,2192.57,No
CUST-05555,Female,0,Yes,No,35,Yes,No,DSL,Yes,Yes,Yes,Yes,Yes,Yes,Month-to-month,No,Credit card (automatic),106.94,3744.07,No
CUST-05556,Male,0,Yes,No,1,Yes,No,DSL,No,Yes,Yes,Yes,Yes,Yes,Month-to-month,Yes,Bank transfer (automatic),28.86,32.38,No
CUST-05557,Female,1,No,No,60,Yes,No,Fiber optic,No,No,No,Yes,No,No,Month-to-month,No,Credit card (automatic),104.67,6285.53,Yes
CUST-05558,Female,0,No,No,35,Yes,Yes,DSL,No,No,Yes,No,No,Yes,One year,Yes,Mailed check,65.54,2296.99,No
CUST-05559,Male,0,No,No,48,No,No phone service,DSL,No,Yes,Yes,No,No,No,Month-to-month,No,Electronic check,36.36,1740.82,No
CUST-05560,Male,0,No,Yes,26,Yes,Yes,Fiber optic,No,Yes,No,Yes,No,No,Two year,Yes,Mailed check,91.72,2381.08,No
CUST-05561,Female,0,Yes,No,11,Yes,Yes,No,No internet service,No internet service,No internet service,No internet service,No internet service,No internet service,Two year,Yes,Mailed check,46.39,511.63,No
CUST-05562,Male,0,Yes,No,57,Yes,No,Fiber optic,Yes,Yes,Yes,Yes,No,Yes,Month-to-month,Yes,Credit card (automatic),85.79,4894.37,No
CUST-05563,Male,0,Yes,Yes,5,Yes,No,Fiber optic,No,Yes,No,Yes,Yes,No,One year,No,Bank transfer (automatic),97.09,487.14,No
CUST-05564,Female,0,No,Yes,43,Yes,No,No,No internet service,No internet service,No internet service,No internet service,No internet service,No internet service,Month-to-month,Yes,Electronic check,74.93,3216.81,No
CUST-05565,Male,1,No,No,46,Yes,No,DSL,Yes,No,No,Yes,No,No,Month-to-month,No,Mailed check,96.6,4442.37,No
CUST-05566,Male,0,Yes,No,22,Yes,Yes,Fiber optic,No,No,No,No,No,No,Month-to-month,No,Bank transfer (automatic),111.5,2446.06,No
CUST-05567,Female,0,No,Yes,25,Yes,Yes,Fiber optic,No,No,No,No,Yes,Yes,Month-to-month,Yes,Bank transfer (automatic),73.04,1828.94,Yes
CUST-05568,Male,0,No,No,6,Yes,Yes,DSL,No,Yes,Yes,No,No,Yes,Month-to-month,Yes,Credit card (automatic),33.24,209.34,Yes
CUST-05569,Male,0,No,No,31,Yes,No,Fiber optic,No,Yes,Yes,Yes,No,No,Month-to-month,Yes,Credit card (automatic),88.96,2760.39,No
CUST-05570,Female,0,No,No,32,Yes,No,Fiber optic,Yes,No,Yes,Yes,No,No,Month-to-month,No,Bank transfer (automatic),59.01,1878.54,No
CUST-05571,Female,0,No,No,19,Yes,No,No,No internet service,No internet service,No internet service,No internet service,No internet service,No internet service,Month-to-month,Yes,Electronic check,71.13,1352.0,No
CUST-05572,Female,1,No,No,68,Yes,No,No,No internet service,No internet service,No internet service,No internet service,No internet service,No internet service,Two year,No,Mailed check,80.68,5486.17,No
CUST-05573,Male,0,Yes,No,51,No,No phone service,DSL,Yes,No,No,No,No,No,One year,No,Mailed check,89.75,4574.6,No
CUST-05574,Female,0,Yes,No,41,Yes,No,DSL,No,Yes,Yes,No,Yes,No,One year,Yes,Credit card (automatic),81.98,3350.96,No
CUST-05575,Female,1,Yes,Yes,0,Yes,No,DSL,Yes,No,Yes,Yes,Yes,No,Month-to-month,No,Electronic check,41.29,2.39,No
CUST-05576,Male,0,Yes,Yes,62,Yes,Yes,DSL,Yes,No,No,Yes,No,No,Month-to-month,Yes,Electronic check,92.82,5759.58,No
CUST-05577,Female,0,No,No,6,Yes,Yes,Fiber optic,Yes,No,Yes,No,No,Yes,Month-to-month,Yes,Bank transfer (automatic),98.73,587.96,No
CUST-05578,Female,0,Yes,No,57,Yes,No,DSL,No,No,No,No,No,No,Two year,No,Bank transfer (automatic),21.77,1236.42,No
CUST-05579,Female,0,Yes,No,49,Yes,No,No,No internet service,No internet service,No internet service,No internet service,No internet service,No internet service,Month-to-month,Yes,Credit card (automatic),48.81,2390.1,No
CUST-05580,Female,0,Yes,No,33,Yes,No,DSL,Yes,No,Yes,No,No,No,Two year,Yes,Credit card (automatic),115.78,3829.45,No
CUST-05581,Male,0,Yes,Yes,50,Yes,No,DSL,Yes,Yes,No,Yes,Yes,Yes,One year,Yes,Mailed check,35.77,1787.08,No
CUST-05582,Female,0,No,Yes,9,Yes,Yes,No,No internet service,No internet service,No internet service,No internet service,No internet service,No internet service,One year,No,Bank transfer (automatic),36.28,322.69,No
CUST-05583,Female,0,No,No,25,Yes,Yes,Fiber optic,No,Yes,No,No,Yes,No,Month-to-month,No,Credit card (automatic),77.13,1926.25,No
CUST-05584,Male,1,Yes,No,31,Yes,No,Fiber optic,Yes,No,Yes,No,No,No,Month-to-month,No,Bank transfer (automatic),51.82,1609.31,No
CUST-05585,Female,0,Yes,No,41,Yes,Yes,Fiber optic,Yes,No,Yes,No,Yes,Yes,One year,Yes,Electronic check,83.71,3421.99,No
CUST-05586,Male,0,No,No,61,Yes,Yes,DSL,Yes,No,No,No,Yes,No,Two year,No,Mailed check,44.26,2698.7,No
CUST-05587,Male,0,No,No,11,Yes,No,Fiber optic,No,Yes,No,No,Yes,No,Two year,No,Bank transfer (automatic),60.6,664.86,No
CUST-05588,Male,0,Yes,Yes,39,Yes,Yes,Fiber optic,Yes,No,No,No,Yes,Yes,Month-to-month,Yes,Bank transfer (automatic),117.84,4595.22,No
CUST-05589,Female,0,No,No,33,Yes,No,DSL,Yes,Yes,Yes,Yes,Yes,Yes,Month-to-month,Yes,Bank transfer (automatic),55.34,1822.74,Yes
CUST-05590,Male,0,No,No,69,No,No phone service,DSL,Yes,No,Yes,No,No,Yes,Month-to-month,Yes,Electronic check,26.62,1830.13,No
CUST-05591,Male,0,Yes,No,26,Yes,No,No,No internet service,No internet service,No internet service,No internet service,No internet service,No internet service,Month-to-month,Yes,Mailed check,92.24,2402.9,No
CUST-05592,Male,0,No,Yes,7,Yes,No,Fiber optic,Yes,Yes,Yes,No,No,No,Two year,No,Electronic check,76.86,528.83,No
CUST-05593,Female,0,Yes,No,46,Yes,Yes,Fiber optic,No,Yes,Yes,No,No,Yes,One year,No,Bank transfer (automatic),62.46,2880.98,No
CUST-05594,Female,0,Yes,No,25,Yes,No,Fiber optic,No,No,No,No,Yes,No,One year,Yes,Mailed check,108.87,2723.49,No
CUST-05595,Female,0,No,Yes,56,Yes,No,DSL,No,Yes,Yes,No,Yes,No,Month-to-month,Yes,Bank transfer (automatic),32.66,1832.37,No
CUST-05596,Female,0,No,No,6,Yes,Yes,DSL,No,No,No,Yes,No,No,Month-to-month,No,Mailed check,66.97,402.14,No
CUST-05597,Female,0,No,No,25,Yes,No,No,No internet service,No internet service,No internet service,No internet service,No internet service,No internet service,One year,Yes,Credit card (automatic),37.18,935.39,No
CUST-05598,Female,0,No,Yes,58,Yes,Yes,Fiber optic,No,Yes,No,No,No,Yes,Month-to-month,Yes,Electronic check,26.35,1530.98,Yes
CUST-05599,Female,0,No,No,68,No,No phone service,DSL,No,No,No,Yes,No,Yes,Month-to-month,No,Electronic check,62.24,4238.84,No
CUST-05600,Male,0,No,No,46,Yes,No,Fiber optic,No,Yes,Yes,Yes,Yes,Yes,Month-to-month,Yes,Bank transfer (automatic),112.73,5189.81,No
CUST-05601,Male,1,Yes,No,34,Yes,No,Fiber optic,No,Yes,Yes,Yes,No,No,One year,Yes,Bank transfer (automatic),90.21,3072.73,No
CUST-05602,Male,1,No,No,29,Yes,Yes,DSL,Yes,No,Yes,No,Yes,Yes,Month-to-month,Yes,Bank transfer (automatic),41.45,1198.48,No
CUST-05603,Male,1,Yes,No,49,Yes,Yes,Fiber optic,Yes,Yes,No,No,No,Yes,Month-to-month,Yes,Electronic check,64.26,3146.84,No
CUST-05604,Female,0,No,Yes,23,No,No phone service,Fiber optic,No,Yes,No,Yes,No,No,Month-to-month,No,Credit card (automatic),97.75,2248.33,No
CUST-05605,Male,0,No,Yes,29,Yes,No,DSL,No,Yes,Yes,No,Yes,No,Month-to-month,Yes,Credit card (automatic),37.54,1088.68,No
CUST-05606,Male,0,No,Yes,53,Yes,No,No,No internet service,No internet service,No internet service,No internet service,No internet service,No internet service,Two year,No,Electronic check,38.37,2036.49,No
CUST-05607,Male,1,No,No,66,Yes,No,No,No internet service,No internet service,No internet service,No internet service,No internet service,No internet service,Month-to-month,No,Mailed check,36.1,2378.85,No
CUST-05608,Male,0,No,No,31,Yes,No,DSL,Yes,Yes,No,Yes,Yes,Yes,One year,Yes,Credit card (automatic),78.74,2440.91,No
CUST-05609,Female,0,Yes,Yes,7,Yes,No,DSL,No,No,No,Yes,No,No,Two year,Yes,Credit card (automatic),20.9,149.44,No
CUST-05610,Female,0,Yes,No,49,Yes,No,Fiber optic,Yes,Yes,Yes,Yes,Yes,Yes,Month-to-month,Yes,Mailed check,76.76,3751.66,No
CUST-05611,Female,0,Yes,No,46,Yes,No,DSL,No,Yes,No,No,Yes,Yes,Month-to-month,No,Mailed check,100.54,4630.12,Yes
CUST-05612,Male,0,No,Yes,45,No,No phone service,No,No internet service,No internet service,No internet service,No internet service,No internet service,No internet service,Two year,No,Electronic check,96.27,4342.37,No
CUST-05613,Female,0,No,No,34,Yes,Yes,Fiber optic,Yes,Yes,No,No,Yes,No,Two year,Yes,Mailed check,84.68,2874.54,No
CUST-05614,Male,0,No,No,60,Yes,Yes,No,No internet service,No internet service,No internet service,No internet service,No internet service,No internet service,Month-to-month,No,Bank transfer (automatic),39.95,2404.4,No
CUST-05615,Female,0,Yes,No,50,Yes,Yes,Fiber optic,Yes,Yes,No,No,Yes,No,Month-to-month,No,Bank transfer (automatic),99.64,4983.13,No
CUST-05616,Female,0,Yes,No,62,Yes,No,DSL,Yes,Yes,No,No,Yes,No,Month-to-month,No,Credit card (automatic),113.75,7048.07,No
CUST-05617,Female,0,No,No,7,Yes,No,Fiber optic,Yes,Yes,No,No,Yes,No,Month-to-month,No,Electronic check,36.38,258.8,No
CUST-05618,Female,1,Yes,No,33,No,No phone service,Fiber optic,Yes,No,Yes,No,No,No,Month-to-month,Yes,Electronic check,109.03,3607.69,Yes
CUST-05619,Female,0,No,No,24,Yes,Yes,No,No internet service,No internet service,No internet service,No internet service,No internet service,No internet service,Month-to-month,No,Mailed check,103.3,2477.18,No
CUST-05620,Male,0,No,No,43,Yes,Yes,No,No internet service,No internet service,No internet service,No internet service,No internet service,No internet service,Month-to-month,No,Credit card (automatic),115.93,4979.66,No
CUST-05621,Female,0,Yes,No,42,Yes,No,Fiber optic,Yes,Yes,Yes,No,No,Yes,Month-to-month,Yes,Credit card (automatic),49.93,2085.89,No
CUST-05622,Male,0,Yes,Yes,49,No,No phone service,DSL,Yes,Yes,No,No,Yes,No,One year,Yes,Credit card (automatic),111.41,5458.37,No
CUST-05623,Male,0,Yes,No,12,Yes,No,Fiber optic,No,No,No,No,Yes,No,Two year,No,Electronic check,35.95,432.22,No
CUST-05624,Male,0,Yes,No,45,Yes,No,DSL,Yes,No,No,No,No,No,Two year,No,Electronic check,35.52,1607.47,No
CUST-05625,Male,0,No,Yes,52,Yes,Yes,DSL,No,Yes,Yes,No,Yes,No,Month-to-month,Yes,Bank transfer (automatic),28.7,1501.7,No
CUST-05626,Male,0,No,No,62,Yes,Yes,DSL,Yes,No,Yes,Yes,No,Yes,Two year,Yes,Mailed check,60.78,3765.04,No
CUST-05627,Female,0,Yes,Yes,1,Yes,No,DSL,No,No,No,Yes,No,Yes,Month-to-month,Yes,Electronic check,19.22,23.26,No
CUST-05628,Female,0,Yes,No,39,Yes,Yes,No,No internet service,No internet service,No internet service,No internet service,No internet service,No internet service,Month-to-month,Yes,Credit card (automatic),56.13,2183.32,No
CUST-05629,Female,0,Yes,Yes,22,No,No phone service,DSL,No,No,Yes,No,No,No,Month-to-month,Yes,Mailed check,80.59,1773.34,No
CUST-05630,Female,0,Yes,Yes,58,No,No phone service,Fiber optic,No,Yes,No,No,Yes,Yes,Two year,Yes,Electronic check,25.83,1497.49,No
CUST-05631,Male,0,No,No,68,Yes,No,Fiber optic,No,No,No,No,Yes,No,Month-to-month,Yes,Credit card (automatic),99.85,6785.42,No
CUST-05632,Female,0,No,No,33,Yes,No,No,No internet service,No internet service,No internet service,No internet service,No internet service,No internet service,Month-to-month,Yes,Credit card (automatic),47.27,1559.31,No
CUST-05633,Female,0,No,Yes,26,Yes,Yes,Fiber optic,Yes,Yes,Yes,No,Yes,Yes,Month-to-month,No,Mailed check,22.65,593.12,No
CUST-05634,Male,0,No,No,54,Yes,No,Fiber optic,No,No,Yes,Yes,Yes,No,Month-to-month,Yes,Bank transfer (automatic),55.46,3000.32,No
CUST-05635,Male,0,No,Yes,3,Yes,Yes,Fiber optic,No,No,No,No,Yes,No,One year,Yes,Credit card (automatic),31.84,94.8,No
CUST-05636,Female,0,No,No,67,Yes,No,No,No internet service,No internet service,No internet service,No internet service,No internet service,No internet service,Month-to-month,No,Credit card (automatic),97.53,6534.07,Yes
CUST-05637,Female,0,No,No,71,Yes,Yes,DSL,No,No,Yes,No,No,No,Month-to-month,Yes,Credit card (automatic),51.4,3640.2,No
CUST-05638,Male,0,Yes,Yes,69,Yes,No,Fiber optic,Yes,No,No,Yes,Yes,Yes,One year,No,Credit card (automatic),29.7,2050.67,No
CUST-05639,Female,0,No,No,26,Yes,No,No,No internet service,No internet service,No internet service,No internet service,No internet service,No internet service,Month-to-month,Yes,Bank transfer (automatic),63.37,1646.29,No
CUST-05640,Female,1,Yes,Yes,46,Yes,Yes,No,No internet service,No internet service,No internet service,No internet service,No internet service,No internet service,Two year,No,Bank transfer (automatic),63.2,2906.75,No
CUST-05641,Female,0,Yes,Yes,39,Yes,No,DSL,Yes,Yes,Yes,Yes,No,Yes,Month-to-month,Yes,Bank transfer (automatic),45.56,1774.43,No
CUST-05642,Female,0,Yes,No,26,Yes,No,Fiber optic,Yes,Yes,No,No,No,Yes,Month-to-month,No,Credit card (automatic),50.7,1313.46,No
CUST-05643,Male,0,No,No,6,Yes,No,DSL,Yes,No,No,Yes,No,Yes,One year,Yes,Bank transfer (automatic),94.88,564.91,No
CUST-05644,Male,0,No,No,22,No,No phone service,Fiber optic,No,No,No,Yes,Yes,No,Month-to-month,No,Mailed check,81.87,1797.76,Yes
CUST-05645,Male,0,No,No,63,Yes,Yes,Fiber optic,No,No,No,No,Yes,Yes,Month-to-month,No,Credit card (automatic),39.47,2479.98,No
CUST-05646,Female,0,No,No,28,Yes,Yes,DSL,No,No,Yes,Yes,No,No,Two year,Yes,Credit card (automatic),112.82,3160.42,No
CUST-05647,Female,0,Yes,No,60,Yes,No,No,No internet service,No internet service,No internet service,No internet service,No internet service,No internet service,Two year,Yes,Credit card (automatic),48.47,2911.0,No
CUST-05648,Female,0,No,No,43,Yes,No,DSL,No,Yes,No,Yes,No,No,Month-to-month,Yes,Credit card (automatic),71.34,3066.93,No
CUST-05649,Female,0,Yes,No,68,Yes,No,No,No internet service,No internet service,No internet service,No internet service,No internet service,No internet service,Month-to-month,Yes,Electronic check,75.11,5108.36,No
CUST-05650,Female,0,No,No,26,Yes,Yes,No,No internet service,No internet service,No internet service,No internet service,No internet service,No internet service,Month-to-month,Yes,Bank transfer (automatic),39.37,1022.47,No
CUST-05651,Male,0,No,No,11,Yes,No,DSL,No,Yes,Yes,No,Yes,Yes,Month-to-month,Yes,Electronic check,47.12,524.03,No
CUST-05652,Female,0,Yes,No,16,Yes,Yes,Fiber optic,No,No,No,Yes,No,No,Month-to-month,Yes,Mailed check,66.07,1057.39,No
CUST-05653,Female,0,Yes,No,36,Yes,Yes,DSL,Yes,No,No,No,Yes,Yes,Month-to-month,Yes,Electronic check,43.63,1572.07,No
CUST-05654,Male,0,Yes,No,33,Yes,Yes,DSL,Yes,Yes,Yes,No,No,No,One year,Yes,Electronic check,48.56,1606.5,No
CUST-05655,Female,0,No,No,35,Yes,Yes,No,No internet service,No internet service,No internet service,No internet service,No internet service,No internet service,Month-to-month,Yes,Electronic check,79.31,2775.73,No
CUST-05656,Male,1,No,No,5,No,No phone service,DSL,No,No,No,No,No,Yes,Month-to-month,No,Electronic check,91.38,463.87,No
CUST-05657,Male,0,Yes,No,31,Yes,No,Fiber optic,Yes,No,Yes,No,No,Yes,Month-to-month,Yes,Bank transfer (automatic),98.1,3037.78,No
CUST-05658,Male,0,No,No,21,Yes,Yes,No,No internet service,No internet service,No internet service,No internet service,No internet service,No internet service,Two year,No,Bank transfer (automatic),30.17,642.2,No
CUST-05659,Male,0,Yes,No,9,Yes,Yes,DSL,No,No,Yes,No,No,No,Month-to-month,No,Electronic check,91.7,824.32,No
CUST-05660,Male,0,No,No,28,Yes,No,Fiber optic,Yes,Yes,Yes,Yes,No,No,One year,Yes,Electronic check,111.64,3122.66,No
CUST-05661,Female,0,Yes,No,10,Yes,No,Fiber optic,Yes,No,No,Yes,No,Yes,Month-to-month,No,Mailed check,76.07,752.86,Yes
CUST-05662,Male,0,Yes,No,65,Yes,No,Fiber optic,No,No,Yes,Yes,No,No,Two year,Yes,Mailed check,78.47,5104.91,No
CUST-05663,Male,0,No,No,55,No,No phone service,No,No internet service,No internet service,No internet service,No internet service,No internet service,No internet service,One year,No,Credit card (automatic),113.53,6242.32,No
CUST-05664,Female,1,Yes,No,57,Yes,Yes,Fiber optic,Yes,Yes,No,No,No,No,Two year,No,Electronic check,104.94,5982.3,No
CUST-05665,Female,0,No,Yes,51,Yes,No,Fiber optic,Yes,Yes,Yes,Yes,Yes,Yes,One year,Yes,Credit card (automatic),73.77,3763.58,No
CUST-05666,Male,0,No,Yes,60,Yes,Yes,No,No internet service,No internet service,No internet service,No internet service,No internet service,No internet service,Two year,Yes,Bank transfer (automatic),94.58,5672.36,No
CUST-05667,Female,1,Yes,No,16,Yes,No,No,No internet service,No internet service,No internet service,No internet service,No internet service,No internet service,Month-to-month,No,Bank transfer (automatic),36.09,582.81,Yes
CUST-05668,Female,0,Yes,No,29,No,No phone service,Fiber optic,No,Yes,No,Yes,Yes,Yes,One year,No,Bank transfer (automatic),59.31,1722.26,No
CUST-05669,Male,0,No,No,71,Yes,No,Fiber optic,Yes,No,Yes,Yes,Yes,No,Month-to-month,Yes,Bank transfer (automatic),89.54,6353.08,No
CUST-05670,Male,0,No,Yes,36,Yes,No,Fiber optic,Yes,Yes,No,No,Yes,No,One year,Yes,Credit card (automatic),46.86,1680.24,No
CUST-05671,Female,1,Yes,No,4,Yes,No,No,No internet service,No internet service,No internet service,No internet service,No internet service,No internet service,Two year,No,Electronic check,63.39,257.47,No
CUST-05672,Male,0,Yes,No,25,Yes,No,Fiber optic,Yes,Yes,No,Yes,No,No,Month-to-month,Yes,Bank transfer (automatic),35.27,880.54,No
CUST-05673,Male,0,Yes,No,69,Yes,Yes,DSL,Yes,No,No,No,Yes,No,Month-to-month,Yes,Mailed check,107.78,7440.31,No
CUST-05674,Female,0,No,No,0,Yes,No,Fiber optic,No,Yes,Yes,Yes,Yes,No,Month-to-month,No,Credit card (automatic),107.57,0.0,No
CUST-05675,Male,0,No,No,8,Yes,No,Fiber optic,No,No,No,Yes,No,Yes,Month-to-month,Yes,Credit card (automatic),65.84,527.78,No
CUST-05676,Male,0,No,No,70,No,No phone service,Fiber optic,Yes,No,No,No,Yes,No,Month-to-month,Yes,Bank transfer (automatic),37.2,2608.03,No
CUST-05677,Male,0,Yes,Yes,63,Yes,Yes,Fiber optic,No,No,Yes,No,No,Yes,Month-to-month,Yes,Electronic check,85.92,5405.45,No
CUST-05678,Male,0,Yes,No,23,Yes,Yes,Fiber optic,Yes,No,No,No,No,No,Month-to-month,No,Mailed check,39.35,913.48,No
CUST-05679,Male,1,No,No,4,Yes,Yes,DSL,No,No,Yes,Yes,No,Yes,Month-to-month,Yes,Credit card (automatic),40.86,165.32,No
CUST-05680,Female,0,No,No,50,Yes,No,DSL,No,No,No,No,Yes,Yes,Month-to-month,Yes,Mailed check,115.2,5749.78,No
CUST-05681,Female,1,Yes,Yes,37,Yes,No,Fiber optic,No,Yes,Yes,No,No,No,Month-to-month,No,Mailed check,27.95,1040.89,No
CUST-05682,Male,0,No,No,28,Yes,No,DSL,Yes,No,Yes,Yes,Yes,No,One year,No,Credit card (automatic),55.92,1570.7,No
CUST-05683,Female,0,Yes,No,45,Yes,No,No,No internet service,No internet service,No internet service,No internet service,No internet service,No internet service,Month-to-month,Yes,Electronic check,73.49,3306.1,No
CUST-05684,Male,0,Yes,No,51,Yes,Yes,DSL,Yes,No,Yes,Yes,Yes,No,Month-to-month,No,Bank transfer (automatic),28.78,1474.76,No
CUST-05685,Male,0,Yes,No,45,Yes,No,Fiber optic,No,No,Yes,Yes,No,Yes,Two year,No,Mailed check,21.89,981.86,No
CUST-05686,Male,1,No,Yes,67,Yes,Yes,DSL,No,Yes,No,Yes,Yes,Yes,One year,No,Electronic check,72.23,4838.76,No
CUST-05687,Male,0,No,No,58,Yes,No,DSL,Yes,Yes,No,No,Yes,Yes,Month-to-month,No,Bank transfer (automatic),29.46,1720.4,No
CUST-05688,Male,0,Yes,No,9,Yes,Yes,DSL,Yes,No,Yes,Yes,Yes,Yes,Two year,Yes,Mailed check,43.12,390.68,No
CUST-05689,Female,0,Yes,No,3,Yes,Yes,Fiber optic,No,No,Yes,Yes,Yes,Yes,Two year,No,Bank transfer (automatic),67.73,208.61,No
CUST-05690,Female,0,No,No,51,Yes,Yes,Fiber optic,Yes,No,No,Yes,No,No,Month-to-month,Yes,Credit card (automatic),52.75,2694.33,No
CUST-05691,Male,0,Yes,No,17,Yes,Yes,DSL,Yes,No,No,No,Yes,No,Month-to-month,Yes,Electronic check,89.06,1507.09,No
CUST-05692,Female,0,No,No,50,Yes,Yes,Fiber optic,Yes,No,No,No,No,No,Month-to-month,Yes,Electronic check,114.25,5714.0,No
CUST-05693,Male,0,No,No,22,Yes,Yes,Fiber optic,No,No,Yes,Yes,Yes,No,Month-to-month,No,Electronic check,93.32,2054.08,No
CUST-05694,Female,0,No,Yes,24,No,No phone service,Fiber optic,Yes,Yes,Yes,Yes,No,Yes,Two year,No,Mailed check,118.0,2837.93,No
CUST-05695,Male,0,Yes,No,59,Yes,Yes,DSL,No,Yes,No,No,No,No,Two year,Yes,Electronic check,56.89,3364.01,No
CUST-05696,Female,0,Yes,Yes,36,Yes,No,No,No internet service,No internet service,No internet service,No internet service,No internet service,No internet service,Month-to-month,Yes,Bank transfer (automatic),48.52,1753.17,No
CUST-05697,Male,0,Yes,Yes,67,Yes,Yes,DSL,Yes,Yes,Yes,Yes,Yes,No,Month-to-month,No,Mailed check,39.26,2628.05,No
CUST-05698,Male,0,Yes,No,17,Yes,No,No,No internet service,No internet service,No internet service,No internet service,No internet service,No internet service,One year,No,Credit card (automatic),106.49,1803.14,No
CUST-05699,Female,0,No,No,28,Yes,Yes,DSL,No,No,No,No,Yes,Yes,Month-to-month,No,Credit card (automatic),56.99,1598.22,No
CUST-05700,Female,0,Yes,No,29,Yes,No,Fiber optic,No,Yes,Yes,Yes,No,No,Two year,Yes,Bank transfer (automatic),89.09,2583.17,No
CUST-05701,Male,0,No,Yes,6,Yes,No,Fiber optic,Yes,Yes,Yes,Yes,No,Yes,Month-to-month,Yes,Electronic check,85.48,507.62,No
CUST-05702,Female,0,Yes,No,40,Yes,Yes,Fiber optic,Yes,No,No,Yes,Yes,No,Two year,Yes,Credit card (automatic),23.71,944.92,No
CUST-05703,Male,0,Yes,No,36,Yes,No,Fiber optic,Yes,Yes,No,Yes,No,Yes,Month-to-month,Yes,Credit card (automatic),105.96,3814.27,No
CUST-05704,Female,0,Yes,Yes,26,No,No phone service,DSL,Yes,Yes,No,Yes,No,No,One year,No,Electronic check,66.65,1734.19,No
CUST-05705,Female,0,Yes,No,20,Yes,No,Fiber optic,Yes,No,Yes,Yes,Yes,Yes,Month-to-month,Yes,Credit card (automatic),40.35,804.22,No
CUST-05706,Male,0,Yes,No,42,Yes,Yes,DSL,Yes,Yes,No,No,No,Yes,Month-to-month,No,Credit card (automatic),115.91,4868.14,No
CUST-05707,Female,0,No,Yes,50,Yes,Yes,Fiber optic,No,No,Yes,Yes,No,No,One year,No,Credit card (automatic),93.32,4665.64,No
CUST-05708,Female,0,Yes,No,70,No,No phone service,No,No internet service,No internet service,No internet service,No internet service,No internet service,No internet service,One year,Yes,Credit card (automatic),79.67,5578.27,No
CUST-05709,Male,0,Yes,No,12,Yes,Yes,Fiber optic,Yes,No,No,No,Yes,Yes,Two year,Yes,Bank transfer (automatic),116.84,1397.2,No
CUST-05710,Female,0,Yes,No,52,Yes,No,Fiber optic,No,No,Yes,No,No,No,Two year,No,Mailed check,93.66,4866.83,No
CUST-05711,Male,0,Yes,Yes,62,Yes,No,DSL,No,No,No,Yes,Yes,No,Two year,Yes,Electronic check,30.11,1873.56,No
CUST-05712,Male,0,Yes,No,56,No,No phone service,Fiber optic,Yes,Yes,No,Yes,Yes,Yes,Two year,Yes,Credit card (automatic),117.11,6556.86,No
CUST-05713,Male,0,No,No,24,Yes,No,DSL,No,Yes,No,No,Yes,No,Two year,Yes,Credit card (automatic),77.76,1868.62,No
CUST-05714,Male,0,Yes,No,12,Yes,Yes,DSL,Yes,Yes,No,Yes,No,Yes,Month-to-month,Yes,Credit card (automatic),47.94,569.19,No
CUST-05715,Male,0,No,Yes,36,Yes,Yes,DSL,No,Yes,No,No,Yes,Yes,Month-to-month,Yes,Credit card (automatic),99.75,3596.94,No
CUST-05716,Female,0,Yes,No,29,Yes,Yes,No,No internet service,No internet service,No internet service,No internet service,No internet service,No internet service,Month-to-month,Yes,Mailed check,22.79,666.67,No
CUST-05717,Male,0,No,No,11,Yes,Yes,No,No internet service,No internet service,No internet service,No internet service,No internet service,No internet service,One year,Yes,Electronic check,83.44,919.33,Yes
CUST-05718,Male,0,Yes,Yes,64,No,No phone service,No,No internet service,No internet service,No internet service,No internet service,No internet service,No internet service,Month-to-month,Yes,Credit card (automatic),33.93,2168.45,No
CUST-05719,Female,0,Yes,No,17,Yes,No,No,No internet service,No internet service,No internet service,No internet service,No internet service,No internet service,One year,Yes,Bank transfer (automatic),26.75,447.57,No
CUST-05720,Female,1,No,No,61,Yes,No,Fiber optic,Yes,No,Yes,Yes,No,No,One year,Yes,Bank transfer (automatic),53.4,3268.77,No
CUST-05721,Female,0,Yes,Yes,23,Yes,Yes,DSL,No,No,Yes,No,Yes,No,Month-to-month,No,Mailed check,53.64,1231.69,No
CUST-05722,Male,0,No,No,59,Yes,No,Fiber optic,Yes,No,Yes,Yes,No,No,Month-to-month,No,Mailed check,78.05,4597.78,No
CUST-05723,Male,0,Yes,No,16,Yes,No,Fiber optic,No,Yes,No,Yes,Yes,No,Month-to-month,Yes,Credit card (automatic),74.54,1189.66,No
CUST-05724,Male,0,No,Yes,59,No,No phone service,Fiber optic,Yes,Yes,Yes,No,No,No,Month-to-month,Yes,Mailed check,86.79,5122.61,No
CUST-05725,Female,0,No,No,8,Yes,No,Fiber optic,No,No,No,Yes,No,Yes,Month-to-month,Yes,Electronic check,35.41,277.04,No
CUST-05726,Male,0,No,No,51,Yes,No,Fiber optic,No,Yes,No,No,Yes,Yes,One year,Yes,Bank transfer (automatic),105.09,5356.64,No
CUST-05727,Female,0,Yes,Yes,14,Yes,No,Fiber optic,Yes,No,No,No,Yes,No,Month-to-month,Yes,Electronic check,103.87,1446.98,No
CUST-05728,Male,0,No,No,27,Yes,Yes,DSL,Yes,Yes,Yes,No,Yes,No,Month-to-month,No,Mailed check,39.63,1077.23,No
CUST-05729,Female,0,Yes,No,8,Yes,No,Fiber optic,No,Yes,Yes,No,Yes,Yes,One year,Yes,Electronic check,65.36,522.47,No
CUST-05730,Male,0,No,No,55,Yes,Yes,DSL,Yes,Yes,Yes,Yes,Yes,Yes,One year,Yes,Mailed check,66.8,3666.74,No
CUST-05731,Male,1,No,No,35,Yes,Yes,DSL,No,Yes,Yes,Yes,No,No,Month-to-month,Yes,Electronic check,110.12,3849.7,No
CUST-05732,Male,0,No,No,55,Yes,Yes,No,No internet service,No internet service,No internet service,No internet service,No internet service,No internet service,Month-to-month,Yes,Credit card (automatic),108.56,5967.57,No
CUST-05733,Female,0,Yes,No,70,Yes,No,Fiber optic,Yes,Yes,Yes,No,Yes,No,One year,Yes,Credit card (automatic),24.75,1732.62,No
CUST-05734,Female,0,Yes,No,19,Yes,No,No,No internet service,No internet service,No internet service,No internet service,No internet service,No internet service,Month-to-month,Yes,Electronic check,113.8,2157.64,No
CUST-05735,Male,0,Yes,No,54,Yes,Yes,Fiber optic,Yes,Yes,Yes,Yes,Yes,No,Month-to-month,No,Credit card (automatic),24.86,1340.61,No
CUST-05736,Male,1,No,No,59,Yes,No,DSL,No,No,Yes,No,No,Yes,Month-to-month,Yes,Mailed check,72.96,4301.45,No
CUST-05737,Male,0,Yes,No,34,Yes,No,No,No internet service,No internet service,No internet service,No internet service,No internet service,No internet service,Month-to-month,No,Electronic check,49.16,1664.26,No
CUST-05738,Female,0,Yes,No,0,Yes,No,DSL,No,No,No,No,Yes,Yes,One year,Yes,Mailed check,57.05,0.0,No
CUST-05739,Male,0,No,No,44,Yes,Yes,No,No internet service,No internet service,No internet service,No internet service,No internet service,No internet service,Month-to-month,Yes,Bank transfer (automatic),80.67,3545.62,Yes
CUST-05740,Male,0,No,Yes,68,Yes,No,Fiber optic,No,No,No,No,Yes,No,One year,No,Credit card (automatic),76.38,5187.74,No
CUST-05741,Male,0,Yes,No,39,Yes,No,No,No internet service,No internet service,No internet service,No internet service,No internet service,No internet service,Month-to-month,Yes,Credit card (automatic),34.75,1348.03,No
CUST-05742,Male,0,Yes,No,37,No,No phone service,No,No internet service,No internet service,No internet service,No internet service,No internet service,No internet service,Month-to-month,No,Mailed check,114.98,4251.28,No
CUST-05743,Female,0,Yes,No,23,Yes,Yes,Fiber optic,No,No,No,No,No,Yes,One year,No,Mailed check,20.87,484.33,Yes
CUST-05744,Female,0,No,No,3,Yes,No,No,No internet service,No internet service,No internet service,No internet service,No internet service,No internet service,Two year,No,Bank transfer (automatic),52.34,156.28,No
CUST-05745,Male,0,No,Yes,68,Yes,No,Fiber optic,Yes,Yes,No,Yes,Yes,Yes,Month-to-month,Yes,Electronic check,98.14,6657.6,No
CUST-05746,Male,1,No,No,12,Yes,Yes,DSL,No,Yes,No,Yes,No,Yes,Month-to-month,Yes,Mailed check,103.09,1242.13,No
CUST-05747,Female,0,No,No,20,Yes,Yes,No,No internet service,No internet service,No internet service,No internet service,No internet service,No internet service,One year,Yes,Electronic check,97.73,1951.13,No
CUST-05748,Female,0,No,No,31,Yes,Yes,No,No internet service,No internet service,No internet service,No internet service,No internet service,No internet service,Month-to-month,Yes,Electronic check,55.25,1719.94,No
CUST-05749,Male,0,Yes,Yes,37,Yes,No,DSL,No,No,Yes,Yes,Yes,Yes,Two year,No,Mailed check,85.34,3161.61,No
CUST-05750,Female,0,Yes,No,31,Yes,No,No,No internet service,No internet service,No internet service,No internet service,No internet service,No internet service,One year,Yes,Credit card (automatic),94.43,2925.8,No
CUST-05751,Female,0,Yes,No,56,Yes,No,Fiber optic,No,No,Yes,Yes,Yes,Yes,Month-to-month,Yes,Mailed check,75.8,4243.82,No
CUST-05752,Male,0,No,Yes,47,Yes,No,DSL,Yes,No,No,No,Yes,Yes,Month-to-month,Yes,Mailed check,85.9,4031.6,No
CUST-05753,Female,0,No,No,29,Yes,No,Fiber optic,No,Yes,Yes,No,No,Yes,Month-to-month,No,Mailed check,73.36,2130.7,Yes
CUST-05754,Female,1,Yes,No,70,Yes,No,No,No internet service,No internet service,No internet service,No internet service,No internet service,No internet service,Two year,No,Credit card (automatic),23.49,1652.38,No
CUST-05755,Male,0,Yes,No,37,No,No phone service,Fiber optic,Yes,No,No,Yes,Yes,No,Month-to-month,No,Bank transfer (automatic),45.33,1673.58,No
CUST-05756,Male,0,Yes,No,43,Yes,No,Fiber optic,No,Yes,No,Yes,Yes,Yes,One year,Yes,Credit card (automatic),88.27,3792.6,No
CUST-05757,Female,1,No,No,25,Yes,No,No,No internet service,No internet service,No internet service,No internet service,No internet service,No internet service,Month-to-month,No,Mailed check,42.15,1063.62,No
CUST-05758,Male,1,No,No,1,Yes,Yes,No,No internet service,No internet service,No internet service,No internet service,No internet service,No internet service,Month-to-month,No,Bank transfer (automatic),63.55,63.98,Yes
CUST-05759,Female,0,No,Yes,42,Yes,Yes,DSL,Yes,No,No,No,No,Yes,Month-to-month,Yes,Mailed check,71.46,2993.7,No
CUST-05760,Male,0,No,Yes,42,Yes,Yes,Fiber optic,Yes,No,Yes,No,No,No,Two year,No,Electronic check,85.1,3567.38,Yes
CUST-05761,Female,0,No,Yes,62,Yes,Yes,DSL,Yes,Yes,Yes,No,Yes,No,Two year,Yes,Mailed check,43.91,2730.94,No
CUST-05762,Male,1,Yes,Yes,57,Yes,Yes,Fiber optic,No,Yes,No,No,Yes,No,Two year,No,Electronic check,77.52,4421.01,Yes
CUST-05763,Female,1,Yes,No,47,Yes,Yes,No,No internet service,No internet service,No internet service,No internet service,No internet service,No internet service,Month-to-month,Yes,Bank transfer (automatic),77.65,3644.3,Yes
CUST-05764,Female,0,No,No,4,Yes,Yes,DSL,No,No,Yes,No,Yes,No,One year,Yes,Electronic check,102.5,411.69,No
CUST-05765,Female,0,No,Yes,34,No,No phone service,Fiber optic,Yes,Yes,Yes,Yes,No,No,Month-to-month,No,Bank transfer (automatic),73.2,2484.64,No
CUST-05766,Male,0,Yes,Yes,15,Yes,Yes,No,No internet service,No internet service,No internet service,No internet service,No internet service,No internet service,Month-to-month,No,Mailed check,47.51,703.05,No
CUST-05767,Male,0,No,No,48,Yes,No,Fiber optic,No,No,Yes,No,No,Yes,Two year,No,Mailed check,70.27,3371.23,No
CUST-05768,Female,0,No,Yes,59,Yes,No,DSL,No,No,Yes,No,No,Yes,Month-to-month,No,Electronic check,28.73,1695.03,Yes
CUST-05769,Female,1,Yes,No,50,Yes,No,Fiber optic,Yes,Yes,Yes,No,No,Yes,Month-to-month,No,Credit card (automatic),78.77,3930.66,Yes
CUST-05770,Male,0,No,Yes,58,No,No phone service,No,No internet service,No internet service,No internet service,No internet service,No internet service,No internet service,Month-to-month,Yes,Credit card (automatic),109.61,6351.1,No
CUST-05771,Male,0,No,No,63,Yes,No,Fiber optic,No,Yes,No,No,Yes,No,One year,Yes,Credit card (automatic),70.98,4466.73,No
CUST-05772,Male,0,Yes,No,12,Yes,Yes,Fiber optic,No,Yes,No,Yes,No,Yes,One year,Yes,Electronic check,47.22,565.62,No
CUST-05773,Male,0,No,No,25,Yes,Yes,Fiber optic,Yes,Yes,Yes,Yes,Yes,No,Month-to-month,Yes,Electronic check,58.55,1464.39,No
CUST-05774,Male,0,No,No,69,Yes,Yes,Fiber optic,Yes,No,No,Yes,No,Yes,Two year,No,Credit card (automatic),108.19,7457.9,No
CUST-05775,Male,0,Yes,No,2,Yes,Yes,Fiber optic,No,Yes,Yes,Yes,No,Yes,Month-to-month,Yes,Electronic check,99.31,195.71,Yes
CUST-05776,Female,0,Yes,Yes,11,Yes,No,DSL,Yes,No,No,Yes,Yes,Yes,Two year,No,Credit card (automatic),98.32,1079.17,No
CUST-05777,Male,0,No,No,40,Yes,No,Fiber optic,Yes,No,Yes,No,No,Yes,Month-to-month,Yes,Bank transfer (automatic),74.41,2967.71,No
CUST-05778,Female,0,Yes,No,64,Yes,Yes,No,No internet service,No internet service,No internet service,No internet service,No internet service,No internet service,Month-to-month,Yes,Bank transfer (automatic),57.64,3690.08,No
CUST-05779,Male,0,Yes,No,62,Yes,No,No,No internet service,No internet service,No internet service,No internet service,No internet service,No internet service,Month-to-month,Yes,Electronic check,31.24,1939.86,No
CUST-05780,Male,0,No,No,49,Yes,No,Fiber optic,No,Yes,Yes,No,Yes,No,Month-to-month,Yes,Mailed check,115.56,5664.0,No
CUST-05781,Female,0,Yes,No,46,Yes,Yes,Fiber optic,No,Yes,Yes,No,No,No,Two year,No,Electronic check,35.91,1645.25,No
CUST-05782,Female,0,No,No,7,Yes,No,DSL,No,Yes,No,No,No,Yes,Two year,No,Bank transfer (automatic),43.21,305.46,Yes
CUST-05783,Male,0,Yes,No,30,Yes,No,DSL,Yes,No,No,No,Yes,No,Two year,No,Bank transfer (automatic),94.43,2832.39,No
CUST-05784,Female,0,Yes,No,10,Yes,No,No,No internet service,No internet service,No internet service,No internet service,No internet service,No internet service,Month-to-month,No,Credit card (automatic),53.08,535.71,No
CUST-05785,Female,0,No,Yes,16,No,No phone service,DSL,Yes,No,Yes,Yes,No,No,One year,No,Credit card (automatic),76.39,1224.63,No
CUST-05786,Female,1,No,No,26,Yes,No,DSL,Yes,Yes,Yes,Yes,Yes,No,Month-to-month,No,Mailed check,94.16,2449.72,No
CUST-05787,Female,0,No,No,26,No,No phone service,Fiber optic,Yes,Yes,No,Yes,No,No,Month-to-month,Yes,Credit card (automatic),73.61,1912.45,No
CUST-05788,Male,0,Yes,Yes,55,Yes,Yes,Fiber optic,No,No,Yes,No,No,Yes,Month-to-month,Yes,Credit card (automatic),67.07,3693.63,No
CUST-05789,Female,0,No,Yes,68,Yes,No,Fiber optic,No,Yes,No,Yes,Yes,No,Month-to-month,Yes,Bank transfer (automatic),23.07,1563.04,No
CUST-05790,Male,0,No,Yes,46,No,No phone service,Fiber optic,No,Yes,No,No,Yes,Yes,Month-to-month,No,Credit card (automatic),66.77,3065.1,No
CUST-05791,Male,0,Yes,No,18,Yes,Yes,Fiber optic,No,No,Yes,Yes,No,No,One year,Yes,Electronic check,63.5,1156.71,No
CUST-05792,Male,1,Yes,No,56,Yes,Yes,DSL,Yes,Yes,Yes,No,Yes,No,One year,Yes,Bank transfer (automatic),106.05,5929.09,No
CUST-05793,Male,0,Yes,Yes,30,Yes,No,No,No internet service,No internet service,No internet service,No internet service,No internet service,No internet service,Month-to-month,Yes,Electronic check,62.74,1876.24,No
CUST-05794,Female,0,No,No,15,Yes,Yes,No,No internet service,No internet service,No internet service,No internet service,No internet service,No internet service,Month-to-month,No,Mailed check,80.99,1218.87,No
CUST-05795,Female,0,Yes,No,44,Yes,No,Fiber optic,No,Yes,Yes,Yes,Yes,Yes,Month-to-month,Yes,Bank transfer (automatic),95.37,4188.14,Yes
CUST-05796,Male,1,Yes,No,26,Yes,Yes,Fiber optic,No,Yes,Yes,Yes,No,No,Month-to-month,Yes,Mailed check,64.77,1687.7,Yes
CUST-05797,Male,0,No,Yes,60,Yes,Yes,Fiber optic,No,No,No,No,No,Yes,One year,Yes,Electronic check,44.09,2651.53,No
CUST-05798,Male,0,Yes,No,25,Yes,Yes,Fiber optic,Yes,No,No,Yes,No,No,Month-to-month,Yes,Mailed check,107.4,2691.73,No
CUST-05799,Male,0,Yes,No,28,No,No phone service,Fiber optic,No,Yes,Yes,No,Yes,Yes,Month-to-month,No,Electronic check,107.55,3011.73,Yes
CUST-05800,Female,0,No,No,43,Yes,No,DSL,Yes,No,Yes,Yes,No,Yes,Two year,Yes,Electronic check,107.98,4637.28,No
CUST-05801,Male,1,Yes,No,28,No,No phone service,Fiber optic,Yes,No,No,Yes,No,Yes,One year,Yes,Bank transfer (automatic),45.28,1263.27,No
CUST-05802,Female,0,No,No,1,Yes,Yes,Fiber optic,No,Yes,No,No,No,Yes,Two year,No,Bank transfer (automatic),49.55,55.88,No
CUST-05803,Male,0,No,No,5,No,No phone service,No,No internet service,No internet service,No internet service,No internet service,No internet service,No internet service,Month-to-month,Yes,Bank transfer (automatic),109.88,540.07,No
CUST-05804,Male,1,No,Yes,8,Yes,Yes,DSL,Yes,No,No,Yes,Yes,Yes,Month-to-month,No,Electronic check,30.58,248.76,No
CUST-05805,Male,1,No,Yes,14,Yes,Yes,Fiber optic,No,No,No,Yes,No,No,Month-to-month,No,Credit card (automatic),83.59,1162.22,No
CUST-05806,Male,0,No,No,57,Yes,Yes,Fiber optic,Yes,No,Yes,Yes,Yes,No,Two year,No,Electronic check,47.23,2691.63,No
CUST-05807,Female,1,Yes,Yes,1,No,No phone service,DSL,Yes,Yes,Yes,Yes,No,Yes,Month-to-month,Yes,Electronic check,90.13,87.02,Yes
CUST-05808,Female,0,No,Yes,2,Yes,No,Fiber optic,No,No,No,No,Yes,Yes,Month-to-month,No,Credit card (automatic),101.37,200.52,Yes
CUST-05809,Female,0,No,No,51,Yes,Yes,Fiber optic,No,No,Yes,No,Yes,No,Two year,Yes,Credit card (automatic),58.81,3006.02,No
CUST-05810,Male,1,No,Yes,54,Yes,Yes,Fiber optic,No,No,No,Yes,No,No,Month-to-month,Yes,Mailed check,33.12,1785.78,No
CUST-05811,Male,0,No,No,52,Yes,No,Fiber optic,Yes,Yes,No,Yes,No,No,Month-to-month,Yes,Electronic check,91.22,4748.65,No
CUST-05812,Female,0,Yes,No,71,Yes,No,No,No internet service,No internet service,No internet service,No internet service,No internet service,No internet service,Two year,No,Bank transfer (automatic),23.57,1669.87,No
CUST-05813,Female,0,Yes,No,39,Yes,Yes,Fiber optic,Yes,Yes,No,No,Yes,Yes,Month-to-month,Yes,Credit card (automatic),19.5,761.81,No
CUST-05814,Male,0,Yes,Yes,38,Yes,Yes,No,No internet service,No internet service,No internet service,No internet service,No internet service,No internet service,One year,No,Bank transfer (automatic),105.72,4016.72,No
CUST-05815,Male,0,No,Yes,42,No,No phone service,DSL,No,Yes,Yes,No,Yes,No,One year,Yes,Mailed check,99.68,4179.7,No
CUST-05816,Female,0,Yes,Yes,12,Yes,No,No,No internet service,No internet service,No internet service,No internet service,No internet service,No internet service,Two year,Yes,Bank transfer (automatic),76.2,907.65,No
CUST-05817,Male,0,Yes,Yes,36,Yes,Yes,Fiber optic,Yes,Yes,No,No,Yes,Yes,Two year,Yes,Electronic check,84.54,3042.13,No
CUST-05818,Male,0,No,Yes,54,Yes,No,DSL,Yes,Yes,No,No,No,Yes,Month-to-month,Yes,Electronic check,113.26,6114.07,No
CUST-05819,Female,0,No,No,31,No,No phone service,DSL,Yes,No,Yes,Yes,No,No,Month-to-month,Yes,Bank transfer (automatic),24.28,756.06,No
CUST-05820,Male,1,Yes,No,13,Yes,Yes,Fiber optic,Yes,Yes,Yes,Yes,No,No,Month-to-month,No,Bank transfer (automatic),39.66,506.3,No
CUST-05821,Female,0,Yes,No,64,Yes,Yes,DSL,No,Yes,Yes,Yes,Yes,No,Month-to-month,Yes,Electronic check,90.92,5814.74,No
CUST-05822,Male,0,Yes,No,26,Yes,No,DSL,Yes,Yes,Yes,Yes,No,Yes,One year,Yes,Credit card (automatic),44.4,1156.55,No
CUST-05823,Female,0,Yes,No,23,Yes,No,Fiber optic,No,Yes,No,No,Yes,No,Month-to-month,Yes,Electronic check,38.73,889.54,Yes
CUST-05824,Male,0,No,No,21,Yes,Yes,Fiber optic,No,Yes,No,No,No,No,Month-to-month,No,Credit card (automatic),62.22,1299.35,No
CUST-05825,Female,1,No,Yes,44,Yes,Yes,Fiber optic,No,Yes,Yes,No,Yes,Yes,One year,Yes,Electronic check,90.37,3978.08,No
CUST-05826,Female,0,No,No,7,Yes,Yes,Fiber optic,Yes,No,No,No,Yes,No,One year,No,Bank transfer (automatic),39.05,277.59,No
CUST-05827,Female,0,No,No,66,Yes,No,No,No internet service,No internet service,No internet service,No internet service,No internet service,No internet service,Two year,No,Bank transfer (automatic),60.95,4017.71,No
CUST-05828,Female,0,No,Yes,63,No,No phone service,No,No internet service,No internet service,No internet service,No internet service,No internet service,No internet service,Month-to-month,No,Electronic check,69.88,4407.27,No
CUST-05829,Male,0,Yes,No,46,Yes,Yes,DSL,Yes,Yes,No,Yes,Yes,Yes,One year,No,Credit card (automatic),35.22,1617.14,No
CUST-05830,Male,0,No,No,20,Yes,No,No,No internet service,No internet service,No internet service,No internet service,No internet service,No internet service,Two year,Yes,Credit card (automatic),65.68,1311.82,Yes
CUST-05831,Female,0,No,Yes,31,Yes,No,DSL,No,No,No,No,Yes,No,Month-to-month,Yes,Credit card (automatic),104.59,3239.63,No
CUST-05832,Male,0,Yes,No,44,Yes,Yes,Fiber optic,Yes,Yes,Yes,No,No,Yes,Month-to-month,No,Bank transfer (automatic),92.61,4079.91,No
CUST-05833,Male,0,No,No,43,Yes,No,No,No internet service,No internet service,No internet service,No internet service,No internet service,No internet service,Month-to-month,No,Mailed check,68.34,2937.8,No
CUST-05834,Male,0,Yes,No,40,No,No phone service,Fiber optic,Yes,Yes,No,No,No,No,Two year,Yes,Bank transfer (automatic),30.53,1225.07,No
CUST-05835,Male,0,No,No,51,Yes,No,No,No internet service,No internet service,No internet service,No internet service,No internet service,No internet service,Month-to-month,Yes,Credit card (automatic),20.34,1034.91,No
CUST-05836,Male,0,No,No,10,Yes,No,No,No internet service,No internet service,No internet service,No internet service,No internet service,No internet service,Two year,Yes,Bank transfer (automatic),24.72,249.0,No
CUST-05837,Female,0,No,No,17,Yes,No,No,No internet service,No internet service,No internet service,No internet service,No internet service,No internet service,Month-to-month,Yes,Electronic check,93.02,1575.9,No
CUST-05838,Female,0,Yes,Yes,10,Yes,No,Fiber optic,Yes,Yes,Yes,Yes,No,Yes,Month-to-month,Yes,Bank transfer (automatic),88.44,889.41,No
CUST-05839,Female,0,No,No,26,Yes,No,No,No internet service,No internet service,No internet service,No internet service,No internet service,No internet service,Month-to-month,Yes,Electronic check,92.61,2406.33,No
CUST-05840,Female,0,Yes,No,42,Yes,No,DSL,No,Yes,No,No,No,Yes,Month-to-month,No,Bank transfer (automatic),48.72,2052.49,No
CUST-05841,Male,0,No,Yes,64,Yes,Yes,Fiber optic,No,Yes,No,Yes,Yes,Yes,Month-to-month,Yes,Bank transfer (automatic),26.99,1727.1,No
CUST-05842,Male,0,No,No,53,Yes,Yes,Fiber optic,No,Yes,Yes,Yes,No,Yes,Two year,No,Bank transfer (automatic),89.43,4740.27,No
CUST-05843,Female,0,Yes,No,28,No,No phone service,No,No internet service,No internet service,No internet service,No internet service,No internet service,No internet service,Month-to-month,Yes,Credit card (automatic),110.25,3098.43,No
CUST-05844,Male,0,Yes,Yes,20,Yes,No,DSL,Yes,No,No,Yes,Yes,Yes,One year,Yes,Electronic check,63.22,1268.13,No
CUST-05845,Male,0,No,No,28,Yes,Yes,No,No internet service,No internet service,No internet service,No internet service,No internet service,No internet service,Month-to-month,No,Bank transfer (automatic),94.43,2645.01,No
CUST-05846,Female,0,Yes,Yes,8,No,No phone service,No,No internet service,No internet service,No internet service,No internet service,No internet service,No internet service,Two year,Yes,Credit card (automatic),90.81,720.38,No
CUST-05847,Male,0,No,No,60,Yes,Yes,No,No internet service,No internet service,No internet service,No internet service,No internet service,No internet service,Two year,Yes,Bank transfer (automatic),103.37,6198.42,No
CUST-05848,Female,0,No,No,61,Yes,Yes,DSL,Yes,No,Yes,Yes,No,No,Month-to-month,Yes,Mailed check,20.84,1275.17,Yes
CUST-05849,Female,0,Yes,Yes,70,Yes,Yes,No,No internet service,No internet service,No internet service,No internet service,No internet service,No internet service,Two year,No,Electronic check,113.53,7945.44,No
CUST-05850,Male,1,Yes,No,4,Yes,No,Fiber optic,No,Yes,No,Yes,Yes,Yes,One year,Yes,Credit card (automatic),104.54,417.12,No
CUST-05851,Male,0,Yes,No,14,Yes,No,DSL,No,Yes,Yes,No,Yes,No,Month-to-month,No,Electronic check,105.65,1473.69,No
CUST-05852,Female,0,No,No,56,Yes,Yes,No,No internet service,No internet service,No internet service,No internet service,No internet service,No internet service,Two year,No,Credit card (automatic),117.64,6589.87,No
CUST-05853,Female,0,Yes,Yes,4,Yes,No,DSL,No,Yes,No,Yes,Yes,Yes,Two year,Yes,Credit card (automatic),81.95,328.32,No
CUST-05854,Male,0,No,Yes,19,Yes,Yes,Fiber optic,No,Yes,Yes,No,Yes,No,Month-to-month,Yes,Bank transfer (automatic),26.17,500.79,No
CUST-05855,Female,0,Yes,No,3,Yes,Yes,DSL,Yes,No,Yes,Yes,Yes,No,Month-to-month,Yes,Bank transfer (automatic),100.28,307.03,No
CUST-05856,Female,1,Yes,No,55,Yes,No,DSL,Yes,No,Yes,No,No,No,One year,No,Mailed check,31.49,1734.19,No
CUST-05857,Female,0,Yes,No,33,Yes,No,Fiber optic,No,No,No,No,Yes,Yes,Month-to-month,Yes,Credit card (automatic),91.79,3023.21,No
CUST-05858,Male,0,Yes,No,39,Yes,No,No,No internet service,No internet service,No internet service,No internet service,No internet service,No internet service,Month-to-month,No,Electronic check,60.4,2348.04,Yes
CUST-05859,Female,0,Yes,No,68,Yes,No,No,No internet service,No internet service,No internet service,No internet service,No internet service,No internet service,Month-to-month,Yes,Credit card (automatic),18.66,1272.53,No
CUST-05860,Male,1,No,Yes,67,Yes,Yes,Fiber optic,Yes,No,No,No,No,Yes,Month-to-month,Yes,Mailed check,61.58,4126.46,No
CUST-05861,Female,0,Yes,Yes,21,Yes,No,Fiber optic,Yes,No,No,Yes,No,Yes,Month-to-month,Yes,Electronic check,97.67,2059.83,No
CUST-05862,Male,0,Yes,No,13,Yes,Yes,DSL,No,Yes,No,Yes,Yes,Yes,Month-to-month,No,Mailed check,26.74,347.74,No
CUST-05863,Female,0,No,No,67,Yes,No,Fiber optic,Yes,No,Yes,No,Yes,Yes,Month-to-month,Yes,Bank transfer (automatic),18.22,1212.1,No
CUST-05864,Male,1,No,No,7,Yes,No,No,No internet service,No internet service,No internet service,No internet service,No internet service,No internet service,Month-to-month,No,Electronic check,63.28,436.63,Yes
CUST-05865,Male,0,No,No,66,Yes,Yes,DSL,No,No,No,No,No,Yes,Month-to-month,Yes,Credit card (automatic),18.15,1194.15,No
CUST-05866,Male,0,No,No,45,Yes,Yes,DSL,No,Yes,Yes,Yes,No,Yes,Two year,No,Electronic check,111.47,5024.86,No
CUST-05867,Female,0,Yes,No,28,Yes,Yes,No,No internet service,No internet service,No internet service,No internet service,No internet service,No internet service,Month-to-month,No,Bank transfer (automatic),100.49,2819.56,No
CUST-05868,Female,0,Yes,Yes,11,Yes,No,Fiber optic,Yes,Yes,No,No,No,No,Two year,Yes,Electronic check,81.01,888.43,No
CUST-05869,Female,0,No,No,51,Yes,Yes,DSL,No,No,No,Yes,No,Yes,Month-to-month,Yes,Bank transfer (automatic),19.73,1005.26,No
CUST-05870,Male,0,Yes,No,57,No,No phone service,No,No internet service,No internet service,No internet service,No internet service,No internet service,No internet service,Month-to-month,Yes,Bank transfer (automatic),74.98,4267.05,No
CUST-05871,Female,0,No,No,1,Yes,Yes,DSL,Yes,Yes,Yes,Yes,Yes,Yes,Two year,Yes,Mailed check,85.11,78.13,No
CUST-05872,Male,0,No,No,0,No,No phone service,No,No internet service,No internet service,No internet service,No internet service,No internet service,No internet service,Month-to-month,Yes,Bank transfer (automatic),76.74,5.59,Yes
CUST-05873,Female,0,Yes,No,54,Yes,No,Fiber optic,No,Yes,Yes,Yes,No,Yes,One year,No,Credit card (automatic),112.69,6089.96,No
CUST-05874,Male,0,Yes,No,33,Yes,No,Fiber optic,No,Yes,Yes,No,No,Yes,Month-to-month,Yes,Electronic check,101.13,3335.91,No
CUST-05875,Male,0,No,Yes,63,Yes,Yes,Fiber optic,No,No,Yes,Yes,No,No,Month-to-month,No,Electronic check,54.51,3443.35,No
CUST-05876,Male,0,Yes,No,67,Yes,Yes,DSL,No,Yes,No,Yes,No,No,Two year,Yes,Credit card (automatic),87.48,5863.33,No
CUST-05877,Female,0,No,No,11,Yes,No,Fiber optic,Yes,No,No,Yes,No,No,Month-to-month,No,Electronic check,64.11,706.27,Yes
CUST-05878,Female,0,No,Yes,49,Yes,No,DSL,Yes,No,No,Yes,No,Yes,Month-to-month,No,Bank transfer (automatic),110.83,5431.76,No
CUST-05879,Female,0,No,Yes,20,Yes,Yes,DSL,No,Yes,Yes,No,Yes,Yes,Two year,No,Bank transfer (automatic),79.81,1590.89,No
CUST-05880,Male,1,No,No,9,Yes,Yes,Fiber optic,No,Yes,Yes,No,Yes,No,Month-to-month,Yes,Electronic check,76.21,690.61,Yes
CUST-05881,Male,0,Yes,Yes,69,Yes,No,Fiber optic,No,Yes,No,No,No,Yes,Month-to-month,Yes,Mailed check,68.07,4701.59,Yes
CUST-05882,Female,0,No,No,13,Yes,Yes,Fiber optic,No,Yes,No,Yes,No,No,Month-to-month,Yes,Bank transfer (automatic),55.77,726.21,Yes
CUST-05883,Female,0,No,No,39,Yes,Yes,Fiber optic,No,No,Yes,Yes,Yes,Yes,Month-to-month,No,Electronic check,32.81,1274.0,No
CUST-05884,Female,0,No,No,29,No,No phone service,Fiber optic,No,No,No,No,No,No,Two year,Yes,Electronic check,45.39,1321.76,No
CUST-05885,Male,0,Yes,No,13,Yes,Yes,DSL,Yes,No,No,No,Yes,Yes,One year,No,Electronic check,51.25,657.25,No
CUST-05886,Male,0,No,No,51,Yes,No,No,No internet service,No internet service,No internet service,No internet service,No internet service,No internet service,Month-to-month,Yes,Credit card (automatic),33.4,1699.53,No
CUST-05887,Male,0,No,No,16,Yes,No,DSL,No,No,Yes,Yes,No,Yes,Month-to-month,No,Electronic check,99.27,1591.22,No
CUST-05888,Male,0,Yes,No,61,Yes,Yes,Fiber optic,No,No,No,No,No,No,Month-to-month,Yes,Electronic check,18.22,1109.38,No
CUST-05889,Male,0,No,No,21,Yes,No,Fiber optic,No,No,Yes,Yes,No,No,Month-to-month,No,Electronic check,109.58,2296.23,No
CUST-05890,Female,0,No,Yes,52,Yes,No,Fiber optic,No,Yes,Yes,Yes,Yes,No,One year,Yes,Electronic check,30.83,1610.08,No
CUST-05891,Male,0,No,Yes,31,Yes,No,Fiber optic,Yes,Yes,No,Yes,No,No,One year,Yes,Mailed check,23.1,721.77,No
CUST-05892,Male,0,No,Yes,54,Yes,Yes,No,No internet service,No internet service,No internet service,No internet service,No internet service,No internet service,Two year,No,Credit card (automatic),117.52,6351.41,No
CUST-05893,Male,1,Yes,No,21,Yes,Yes,Fiber optic,No,Yes,No,No,No,No,Month-to-month,Yes,Electronic check,117.98,2479.24,Yes
CUST-05894,Male,0,Yes,No,37,Yes,Yes,Fiber optic,Yes,No,Yes,Yes,Yes,No,One year,No,Credit card (automatic),37.18,1375.83,No
CUST-05895,Male,0,Yes,No,49,Yes,No,Fiber optic,No,Yes,No,Yes,Yes,Yes,Month-to-month,Yes,Electronic check,31.38,1546.31,Yes
CUST-05896,Female,0,No,No,65,Yes,No,Fiber optic,Yes,No,Yes,Yes,Yes,Yes,Two year,No,Bank transfer (automatic),37.78,2462.88,No
CUST-05897,Male,0,Yes,No,44,Yes,Yes,Fiber optic,Yes,Yes,Yes,Yes,Yes,No,Month-to-month,No,Electronic check,69.13,3041.3,No
CUST-05898,Male,0,Yes,No,7,Yes,Yes,DSL,No,No,Yes,No,No,No,One year,No,Electronic check,50.12,364.4,Yes
CUST-05899,Male,0,No,No,64,Yes,No,Fiber optic,No,Yes,No,No,No,No,Two year,Yes,Mailed check,51.64,3304.33,No
CUST-05900,Female,0,Yes,No,39,Yes,Yes,DSL,Yes,No,Yes,Yes,Yes,Yes,Month-to-month,Yes,Mailed check,98.96,3861.37,No
CUST-05901,Female,0,Yes,No,4,Yes,No,Fiber optic,Yes,No,Yes,No,No,Yes,One year,No,Mailed check,107.02,435.03,No
CUST-05902,Female,1,Yes,Yes,44,Yes,Yes,Fiber optic,Yes,Yes,Yes,No,No,No,Month-to-month,Yes,Credit card (automatic),114.98,5060.98,Yes
CUST-05903,Male,0,No,No,45,Yes,Yes,No,No internet service,No internet service,No internet service,No internet service,No internet service,No internet service,Month-to-month,No,Credit card (automatic),69.47,3124.83,No
CUST-05904,Female,1,No,No,35,Yes,Yes,Fiber optic,Yes,Yes,No,No,Yes,No,Month-to-month,Yes,Mailed check,42.61,1493.26,No
CUST-05905,Male,0,Yes,No,16,Yes,Yes,Fiber optic,No,Yes,Yes,Yes,Yes,No,Month-to-month,No,Credit card (automatic),73.49,1175.81,No
CUST-05906,Male,0,Yes,Yes,40,Yes,No,Fiber optic,No,Yes,Yes,Yes,Yes,Yes,Month-to-month,Yes,Electronic check,105.11,4193.75,No
CUST-05907,Female,0,No,No,29,Yes,Yes,Fiber optic,Yes,Yes,Yes,No,Yes,Yes,Two year,Yes,Mailed check,21.09,616.63,No
CUST-05908,Male,0,No,No,51,Yes,No,DSL,Yes,Yes,Yes,Yes,Yes,No,Month-to-month,Yes,Electronic check,109.12,5562.01,No
CUST-05909,Male,1,No,No,19,Yes,No,DSL,Yes,Yes,No,No,Yes,No,Month-to-month,Yes,Electronic check,40.65,766.6,No
CUST-05910,Male,0,No,Yes,35,Yes,Yes,Fiber optic,No,No,Yes,No,Yes,Yes,Month-to-month,No,Mailed check,49.05,1722.77,No
CUST-05911,Female,0,Yes,No,65,Yes,No,No,No internet service,No internet service,No internet service,No internet service,No internet service,No internet service,Month-to-month,Yes,Mailed check,54.41,3538.54,No
CUST-05912,Male,1,No,No,44,Yes,No,Fiber optic,No,Yes,No,No,Yes,No,One year,No,Mailed check,109.38,4816.12,Yes
CUST-05913,Male,0,Yes,Yes,3,Yes,Yes,Fiber optic,Yes,No,No,No,No,Yes,Two year,Yes,Electronic check,35.6,106.17,No
CUST-05914,Female,0,No,No,49,Yes,Yes,DSL,Yes,No,Yes,No,Yes,Yes,Month-to-month,No,Electronic check,40.3,1975.82,No
CUST-05915,Male,0,No,Yes,54,Yes,Yes,Fiber optic,No,Yes,No,Yes,Yes,Yes,One year,No,Bank transfer (automatic),91.11,4918.44,No
CUST-05916,Male,0,No,No,58,No,No phone service,No,No internet service,No internet service,No internet service,No internet service,No internet service,No internet service,One year,Yes,Electronic check,111.47,6460.95,No
CUST-05917,Female,0,No,No,41,No,No phone service,DSL,No,No,No,No,Yes,No,Month-to-month,Yes,Mailed check,28.47,1170.7,Yes
CUST-05918,Male,0,Yes,No,1,No,No phone service,No,No internet service,No internet service,No internet service,No internet service,No internet service,No internet service,Two year,No,Credit card (automatic),70.22,71.41,Yes
CUST-05919,Male,0,Yes,No,45,Yes,No,DSL,Yes,No,Yes,No,Yes,No,Month-to-month,Yes,Electronic check,109.45,4933.86,No
CUST-05920,Male,0,Yes,No,1,Yes,No,No,No internet service,No internet service,No internet service,No internet service,No internet service,No internet service,Month-to-month,Yes,Mailed check,106.61,95.43,No
CUST-05921,Male,0,No,Yes,49,Yes,Yes,Fiber optic,Yes,No,No,No,Yes,Yes,Month-to-month,Yes,Mailed check,112.85,5535.54,No
CUST-05922,Male,1,Yes,No,0,Yes,No,DSL,Yes,Yes,Yes,No,Yes,No,Month-to-month,No,Mailed check,108.21,0.0,No
CUST-05923,Female,0,No,Yes,12,Yes,No,DSL,Yes,No,No,No,No,Yes,One year,No,Credit card (automatic),49.47,591.23,No
CUST-05924,Female,0,No,No,69,Yes,No,Fiber optic,Yes,Yes,Yes,Yes,No,No,Month-to-month,Yes,Credit card (automatic),38.8,2680.12,No
CUST-05925,Female,0,Yes,Yes,21,Yes,Yes,Fiber optic,Yes,No,Yes,No,Yes,No,Month-to-month,Yes,Bank transfer (automatic),108.15,2266.71,No
CUST-05926,Female,0,No,Yes,16,No,No phone service,Fiber optic,Yes,No,Yes,Yes,No,Yes,Month-to-month,Yes,Electronic check,89.2,1424.95,No
CUST-05927,Male,0,No,No,58,Yes,Yes,Fiber optic,Yes,Yes,No,Yes,No,No,Month-to-month,No,Credit card (automatic),55.85,3242.27,No
CUST-05928,Male,0,Yes,No,69,Yes,Yes,Fiber optic,No,No,No,Yes,Yes,No,Two year,Yes,Bank transfer (automatic),89.29,6158.33,No
CUST-05929,Male,1,No,No,2,Yes,No,No,No internet service,No internet service,No internet service,No internet service,No internet service,No internet service,Month-to-month,No,Mailed check,48.72,93.91,No
CUST-05930,Male,0,No,No,69,Yes,Yes,No,No internet service,No internet service,No internet service,No internet service,No internet service,No internet service,Month-to-month,No,Bank transfer (automatic),76.13,5249.43,No
CUST-05931,Male,0,Yes,No,48,No,No phone service,Fiber optic,No,No,Yes,Yes,Yes,Yes,Two year,No,Bank transfer (automatic),41.33,1985.59,No
CUST-05932,Female,0,Yes,No,49,Yes,Yes,Fiber optic,Yes,No,Yes,No,Yes,No,One year,No,Bank transfer (automatic),74.17,3628.31,No
CUST-05933,Female,0,No,Yes,34,Yes,No,DSL,Yes,No,Yes,No,No,No,Month-to-month,Yes,Electronic check,110.32,3754.66,Yes
CUST-05934,Male,0,Yes,No,22,No,No phone service,Fiber optic,Yes,Yes,Yes,Yes,No,Yes,Month-to-month,Yes,Credit card (automatic),95.14,2103.66,Yes
CUST-05935,Male,0,No,No,71,Yes,No,No,No internet service,No internet service,No internet service,No internet service,No internet service,No internet service,Two year,Yes,Credit card (automatic),83.61,5936.33,No
CUST-05936,Male,0,Yes,No,6,Yes,Yes,Fiber optic,No,Yes,Yes,No,No,Yes,Two year,Yes,Mailed check,42.6,257.78,No
CUST-05937,Female,1,No,No,49,Yes,Yes,Fiber optic,Yes,No,No,Yes,No,Yes,Two year,Yes,Bank transfer (automatic),24.34,1193.98,No
CUST-05938,Male,0,Yes,No,9,Yes,No,No,No internet service,No internet service,No internet service,No internet service,No internet service,No internet service,Two year,No,Bank transfer (automatic),89.06,796.87,No
CUST-05939,Male,0,Yes,No,54,Yes,No,DSL,Yes,No,Yes,Yes,No,No,One year,Yes,Mailed check,75.61,4084.52,No
CUST-05940,Male,0,No,Yes,18,Yes,No,No,No internet service,No internet service,No internet service,No internet service,No internet service,No internet service,Two year,Yes,Credit card (automatic),39.26,707.79,No
CUST-05941,Female,0,Yes,Yes,22,No,No phone service,DSL,No,No,No,No,No,Yes,One year,Yes,Electronic check,111.48,2461.42,No
CUST-05942,Male,0,Yes,Yes,63,Yes,Yes,DSL,No,No,No,No,Yes,No,Month-to-month,Yes,Mailed check,73.2,4612.84,No
CUST-05943,Female,0,No,Yes,32,Yes,No,Fiber optic,Yes,Yes,No,Yes,Yes,No,Month-to-month,Yes,Mailed check,75.19,2412.29,No
CUST-05944,Female,0,Yes,No,65,Yes,No,No,No internet service,No internet service,No internet service,No internet service,No internet service,No internet service,Month-to-month,No,Electronic check,47.88,3114.35,No
CUST-05945,Female,0,Yes,Yes,8,Yes,No,No,No internet service,No internet service,No internet service,No internet service,No internet service,No internet service,Month-to-month,Yes,Credit card (automatic),105.94,844.97,No
CUST-05946,Female,0,Yes,No,28,No,No phone service,Fiber optic,Yes,No,No,No,Yes,Yes,Month-to-month,No,Mailed check,107.14,2993.99,No
CUST-05947,Female,0,No,No,17,Yes,Yes,Fiber optic,Yes,Yes,No,Yes,No,No,Month-to-month,Yes,Bank transfer (automatic),89.51,1523.21,No
CUST-05948,Female,0,Yes,Yes,70,Yes,No,Fiber optic,No,Yes,Yes,Yes,Yes,Yes,One year,Yes,Electronic check,27.93,1958.9,No
CUST-05949,Male,0,No,No,28,Yes,No,Fiber optic,Yes,No,No,Yes,No,No,Two year,Yes,Credit card (automatic),26.44,739.87,No
CUST-05950,Male,0,No,No,60,Yes,Yes,No,No internet service,No internet service,No internet service,No internet service,No internet service,No internet service,Month-to-month,Yes,Mailed check,64.94,3893.23,No
CUST-05951,Male,0,Yes,Yes,4,Yes,No,No,No internet service,No internet service,No internet service,No internet service,No internet service,No internet service,Month-to-month,No,Electronic check,32.21,135.87,No
CUST-05952,Female,0,No,No,68,Yes,Yes,No,No internet service,No internet service,No internet service,No internet service,No internet service,No internet service,One year,Yes,Bank transfer (automatic),51.19,3478.71,No
CUST-05953,Male,0,No,Yes,55,Yes,Yes,Fiber optic,Yes,Yes,Yes,Yes,No,No,One year,Yes,Bank transfer (automatic),35.13,1926.39,No
CUST-05954,Female,0,No,Yes,51,Yes,No,Fiber optic,Yes,Yes,Yes,Yes,No,Yes,One year,No,Credit card (automatic),49.01,2499.19,No
CUST-05955,Female,0,No,No,14,Yes,Yes,DSL,No,No,No,Yes,No,Yes,Two year,No,Electronic check,112.29,1572.45,No
CUST-05956,Female,0,Yes,No,19,Yes,Yes,Fiber optic,No,No,Yes,Yes,Yes,No,Two year,Yes,Electronic check,93.34,1769.78,No
CUST-05957,Male,0,Yes,Yes,15,Yes,Yes,Fiber optic,Yes,Yes,Yes,No,No,No,Month-to-month,No,Electronic check,31.83,476.99,No
CUST-05958,Female,0,Yes,Yes,24,No,No phone service,DSL,Yes,Yes,No,No,No,No,Two year,No,Bank transfer (automatic),84.89,2028.88,No
CUST-05959,Female,0,No,No,56,Yes,Yes,Fiber optic,No,Yes,Yes,Yes,Yes,No,Two year,Yes,Credit card (automatic),21.05,1180.92,No
CUST-05960,Male,0,No,No,20,Yes,Yes,Fiber optic,Yes,Yes,Yes,No,No,No,Two year,No,Bank transfer (automatic),116.36,2321.95,No
CUST-05961,Male,0,Yes,Yes,4,Yes,No,Fiber optic,Yes,No,Yes,No,Yes,Yes,Month-to-month,No,Bank transfer (automatic),71.17,282.77,No
CUST-05962,Female,0,No,No,8,Yes,Yes,DSL,No,Yes,No,No,No,No,Two year,Yes,Credit card (automatic),68.54,544.94,No
CUST-05963,Female,0,Yes,No,10,Yes,Yes,Fiber optic,Yes,Yes,Yes,No,Yes,Yes,Month-to-month,Yes,Bank transfer (automatic),42.03,427.31,No
CUST-05964,Male,0,No,Yes,64,Yes,Yes,Fiber optic,Yes,Yes,No,Yes,Yes,No,Two year,No,Credit card (automatic),63.78,4080.4,No
CUST-05965,Male,0,Yes,No,62,Yes,Yes,No,No internet service,No internet service,No internet service,No internet service,No internet service,No internet service,One year,Yes,Credit card (automatic),70.62,4374.22,No
CUST-05966,Male,0,Yes,No,25,Yes,Yes,DSL,No,No,No,No,Yes,No,Month-to-month,No,Mailed check,83.82,2105.95,No
CUST-05967,Female,0,Yes,No,18,Yes,No,Fiber optic,Yes,No,No,No,No,Yes,Two year,Yes,Bank transfer (automatic),22.59,415.59,No
CUST-05968,Male,0,No,No,15,Yes,Yes,DSL,Yes,No,Yes,Yes,No,No,Two year,No,Credit card (automatic),52.22,787.48,No
CUST-05969,Male,0,Yes,No,55,Yes,Yes,DSL,No,No,No,Yes,Yes,No,Month-to-month,No,Electronic check,56.7,3121.31,No
CUST-05970,Male,0,No,Yes,67,Yes,No,DSL,No,Yes,Yes,Yes,No,No,One year,Yes,Credit card (automatic),32.92,2201.31,No
CUST-05971,Female,0,No,Yes,29,Yes,Yes,DSL,No,No,Yes,Yes,No,No,Month-to-month,No,Electronic check,41.98,1222.86,No
CUST-05972,Male,0,Yes,No,6,Yes,No,No,No internet service,No internet service,No internet service,No internet service,No internet service,No internet service,Month-to-month,Yes,Credit card (automatic),41.67,251.84,No
CUST-05973,Male,0,Yes,No,11,Yes,No,No,No internet service,No internet service,No internet service,No internet service,No internet service,No internet service,Month-to-month,Yes,Mailed check,99.04,1086.26,No
CUST-05974,Male,0,No,No,23,Yes,Yes,Fiber optic,Yes,No,No,No,No,No,One year,No,Mailed check,86.72,1995.26,No
CUST-05975,Male,0,No,No,21,Yes,No,Fiber optic,Yes,No,Yes,Yes,Yes,No,Month-to-month,Yes,Credit card (automatic),110.27,2313.35,Yes
CUST-05976,Male,0,Yes,No,46,Yes,No,DSL,Yes,No,No,Yes,No,No,Month-to-month,No,Mailed check,48.99,2245.93,No
CUST-05977,Female,0,Yes,No,29,Yes,Yes,Fiber optic,No,No,No,No,Yes,Yes,Month-to-month,Yes,Electronic check,106.17,3085.76,Yes
CUST-05978,Female,0,No,No,59,Yes,Yes,DSL,No,No,Yes,No,No,Yes,Month-to-month,Yes,Mailed check,104.38,6149.35,No
CUST-05979,Female,0,Yes,No,38,Yes,No,DSL,No,No,Yes,No,No,No,One year,No,Mailed check,62.8,2397.18,No
CUST-05980,Male,1,Yes,Yes,19,Yes,No,DSL,Yes,Yes,Yes,Yes,Yes,Yes,Month-to-month,Yes,Electronic check,80.97,1537.36,Yes
CUST-05981,Female,1,Yes,No,25,No,No phone service,Fiber optic,Yes,Yes,Yes,Yes,No,No,One year,Yes,Electronic check,77.8,1947.26,No
CUST-05982,Female,0,Yes,No,48,Yes,Yes,DSL,No,Yes,No,No,No,No,Month-to-month,Yes,Bank transfer (automatic),48.78,2344.11,No
CUST-05983,Female,1,No,No,68,Yes,Yes,Fiber optic,Yes,Yes,Yes,No,Yes,Yes,Month-to-month,No,Mailed check,44.21,3001.33,No
CUST-05984,Male,0,No,No,41,Yes,Yes,DSL,No,No,No,Yes,Yes,No,One year,Yes,Electronic check,34.9,1429.85,No
CUST-05985,Male,0,Yes,Yes,5,Yes,Yes,No,No internet service,No internet service,No internet service,No internet service,No internet service,No internet service,One year,Yes,Mailed check,101.77,508.34,No
CUST-05986,Female,0,Yes,No,52,Yes,No,DSL,Yes,No,Yes,Yes,No,Yes,Month-to-month,Yes,Credit card (automatic),71.35,3707.18,No
CUST-05987,Female,0,No,No,33,Yes,No,DSL,No,No,Yes,Yes,Yes,Yes,Two year,No,Bank transfer (automatic),51.84,1715.91,No
CUST-05988,Male,0,No,No,68,No,No phone service,Fiber optic,No,No,No,Yes,No,No,Two year,No,Mailed check,69.0,4685.95,No
CUST-05989,Male,1,No,No,9,Yes,No,No,No internet service,No internet service,No internet service,No internet service,No internet service,No internet service,Month-to-month,Yes,Mailed check,26.06,235.53,No
CUST-05990,Female,0,No,Yes,27,Yes,Yes,No,No internet service,No internet service,No internet service,No internet service,No internet service,No internet service,Month-to-month,No,Bank transfer (automatic),28.6,763.65,No
CUST-05991,Male,0,No,No,2,Yes,No,Fiber optic,No,Yes,Yes,Yes,Yes,No,One year,No,Mailed check,93.94,189.08,Yes
CUST-05992,Female,0,Yes,No,47,Yes,No,DSL,Yes,No,No,Yes,Yes,No,One year,Yes,Bank transfer (automatic),108.12,5082.49,No
CUST-05993,Male,0,Yes,No,65,Yes,No,DSL,Yes,Yes,Yes,Yes,Yes,No,Month-to-month,Yes,Credit card (automatic),50.03,3261.49,No
CUST-05994,Female,0,No,No,34,Yes,Yes,No,No internet service,No internet service,No internet service,No internet service,No internet service,No internet service,Two year,No,Bank transfer (automatic),58.92,2000.21,No
CUST-05995,Female,0,No,No,51,Yes,Yes,No,No internet service,No internet service,No internet service,No internet service,No internet service,No internet service,Month-to-month,No,Credit card (automatic),55.37,2823.02,No
CUST-05996,Male,0,Yes,Yes,61,Yes,Yes,Fiber optic,No,Yes,No,Yes,Yes,Yes,Month-to-month,No,Bank transfer (automatic),65.9,4018.7,No
CUST-05997,Female,0,No,No,51,Yes,Yes,Fiber optic,No,No,Yes,No,No,Yes,Month-to-month,Yes,Mailed check,59.4,3037.81,Yes
CUST-05998,Female,0,No,Yes,46,Yes,No,Fiber optic,Yes,Yes,No,Yes,No,No,Month-to-month,Yes,Mailed check,56.62,2601.64,No
CUST-05999,Female,0,Yes,No,53,Yes,No,Fiber optic,No,No,Yes,Yes,Yes,No,Month-to-month,Yes,Electronic check,83.99,4452.6,No
CUST-06000,Male,1,Yes,Yes,27,No,No phone service,Fiber optic,No,Yes,Yes,Yes,No,No,Month-to-month,No,Mailed check,45.21,1219.2,No
CUST-06001,Male,0,Yes,Yes,22,Yes,No,DSL,Yes,No,No,No,Yes,No,Month-to-month,No,Mailed check,112.26,2468.96,No
CUST-06002,Male,0,Yes,No,34,Yes,No,DSL,Yes,Yes,No,No,Yes,No,Two year,Yes,Bank transfer (automatic),48.85,1660.96,No
CUST-06003,Female,0,No,No,31,Yes,No,Fiber optic,No,No,Yes,Yes,Yes,Yes,Month-to-month,No,Bank transfer (automatic),39.46,1228.75,No
CUST-06004,Male,0,Yes,No,1,Yes,No,No,No internet service,No internet service,No internet service,No internet service,No internet service,No internet service,One year,Yes,Credit card (automatic),115.19,122.46,No
CUST-06005,Female,1,No,No,15,No,No phone service,Fiber optic,Yes,No,Yes,No,No,Yes,Two year,Yes,Mailed check,40.88,606.26,No
CUST-06006,Female,0,No,No,15,Yes,Yes,Fiber optic,No,Yes,Yes,Yes,Yes,No,Month-to-month,No,Mailed check,71.67,1078.96,No
CUST-06007,Male,0,No,No,50,Yes,No,No,No internet service,No internet service,No internet service,No internet service,No internet service,No internet service,One year,Yes,Credit card (automatic),50.89,2550.77,No
CUST-06008,Male,0,No,No,66,Yes,No,Fiber optic,Yes,No,Yes,Yes,Yes,No,Month-to-month,No,Mailed check,25.75,1701.2,Yes
CUST-06009,Female,1,Yes,No,53,Yes,Yes,DSL,No,Yes,Yes,Yes,No,No,Month-to-month,No,Electronic check,113.29,6010.29,Yes
CUST-06010,Female,0,No,No,19,Yes,No,DSL,Yes,No,Yes,Yes,Yes,Yes,Month-to-month,No,Electronic check,55.43,1046.93,No
CUST-06011,Male,0,No,No,32,Yes,No,No,No internet service,No internet service,No internet service,No internet service,No internet service,No internet service,Month-to-month,No,Credit card (automatic),82.48,2641.9,No
CUST-06012,Male,0,No,No,7,Yes,Yes,Fiber optic,Yes,No,Yes,Yes,No,No,Two year,No,Bank transfer (automatic),104.23,735.85,No
CUST-06013,Male,0,Yes,Yes,23,No,No phone service,No,No internet service,No internet service,No internet service,No internet service,No internet service,No internet service,One year,No,Credit card (automatic),73.3,1682.75,No
CUST-06014,Female,0,Yes,No,52,Yes,No,Fiber optic,No,No,Yes,No,No,No,Two year,Yes,Mailed check,89.29,4636.64,No
CUST-06015,Female,0,Yes,Yes,63,Yes,Yes,Fiber optic,Yes,Yes,Yes,No,Yes,Yes,Two year,No,Bank transfer (automatic),96.46,6082.69,No
CUST-06016,Female,0,Yes,No,57,Yes,Yes,DSL,No,Yes,Yes,No,Yes,Yes,Two year,No,Electronic check,56.15,3198.44,No
CUST-06017,Female,0,Yes,Yes,36,Yes,Yes,No,No internet service,No internet service,No internet service,No internet service,No internet service,No internet service,Month-to-month,No,Credit card (automatic),80.88,2908.79,No
CUST-06018,Female,0,No,No,11,Yes,Yes,DSL,Yes,No,Yes,No,Yes,No,One year,Yes,Electronic check,38.6,415.2,No
CUST-06019,Male,0,Yes,Yes,3,Yes,No,No,No internet service,No internet service,No internet service,No internet service,No internet service,No internet service,Two year,Yes,Electronic check,23.53,68.02,No
CUST-06020,Male,0,No,No,30,Yes,Yes,DSL,No,No,No,No,No,No,Two year,No,Bank transfer (automatic),116.67,3496.61,Yes
CUST-06021,Female,0,Yes,No,37,Yes,Yes,DSL,No,No,Yes,Yes,No,Yes,Month-to-month,Yes,Electronic check,27.26,999.61,No
CUST-06022,Female,0,No,No,36,Yes,No,DSL,No,No,Yes,Yes,Yes,Yes,Month-to-month,No,Mailed check,60.87,2188.39,No
CUST-06023,Male,0,Yes,No,13,Yes,Yes,No,No internet service,No internet service,No internet service,No internet service,No internet service,No internet service,One year,Yes,Bank transfer (automatic),24.74,327.55,No
CUST-06024,Male,0,No,No,23,Yes,Yes,DSL,Yes,No,No,Yes,No,Yes,One year,Yes,Credit card (automatic),110.27,2537.92,No
CUST-06025,Male,0,Yes,No,9,Yes,Yes,Fiber optic,Yes,Yes,No,Yes,Yes,No,Month-to-month,Yes,Electronic check,28.92,252.09,Yes
CUST-06026,Male,0,No,No,37,Yes,No,DSL,No,Yes,No,Yes,No,No,Two year,Yes,Bank transfer (automatic),96.65,3578.0,No
CUST-06027,Female,0,No,No,42,Yes,Yes,DSL,No,No,No,Yes,Yes,No,One year,No,Bank transfer (automatic),89.57,3765.57,No
CUST-06028,Male,0,No,No,36,Yes,Yes,Fiber optic,No,No,Yes,Yes,No,Yes,Month-to-month,Yes,Bank transfer (automatic),22.5,810.52,No
CUST-06029,Female,0,No,No,41,Yes,Yes,No,No internet service,No internet service,No internet service,No internet service,No internet service,No internet service,Month-to-month,Yes,Credit card (automatic),90.13,3695.15,No
CUST-06030,Male,0,No,No,31,Yes,Yes,No,No internet service,No internet service,No internet service,No internet service,No internet service,No internet service,Month-to-month,Yes,Electronic check,114.93,3558.87,Yes
CUST-06031,Male,0,No,No,13,Yes,Yes,DSL,Yes,No,No,No,Yes,Yes,Month-to-month,No,Credit card (automatic),70.1,913.39,No
CUST-06032,Male,1,Yes,Yes,3,Yes,Yes,No,No internet service,No internet service,No internet service,No internet service,No internet service,No internet service,Month-to-month,Yes,Electronic check,46.95,143.78,No
CUST-06033,Female,0,Yes,No,23,Yes,No,Fiber optic,No,Yes,Yes,Yes,Yes,Yes,Two year,No,Mailed check,72.5,1668.9,No
CUST-06034,Female,0,No,No,9,Yes,Yes,DSL,Yes,Yes,No,Yes,Yes,No,Month-to-month,Yes,Credit card (automatic),30.1,279.63,No
CUST-06035,Male,0,No,No,15,Yes,No,Fiber optic,No,Yes,Yes,Yes,Yes,Yes,Two year,Yes,Mailed check,113.6,1702.97,No
CUST-06036,Female,0,No,No,38,Yes,No,DSL,No,Yes,No,No,No,Yes,One year,Yes,Mailed check,54.53,2065.62,No
CUST-06037,Female,0,No,No,17,Yes,No,No,No internet service,No internet service,No internet service,No internet service,No internet service,No internet service,Month-to-month,Yes,Mailed check,63.7,1091.27,No
CUST-06038,Male,1,No,No,24,Yes,No,Fiber optic,Yes,No,No,No,Yes,No,Month-to-month,Yes,Credit card (automatic),58.14,1385.91,No
CUST-06039,Male,0,No,Yes,6,No,No phone service,DSL,Yes,No,Yes,No,No,No,One year,Yes,Credit card (automatic),20.79,122.75,No
CUST-06040,Female,0,No,No,55,Yes,Yes,Fiber optic,No,No,No,Yes,No,No,Two year,No,Mailed check,21.44,1174.6,No
CUST-06041,Female,0,Yes,Yes,46,Yes,Yes,Fiber optic,No,Yes,Yes,No,Yes,Yes,Two year,Yes,Bank transfer (automatic),74.24,3414.53,No
CUST-06042,Female,0,No,Yes,2,Yes,Yes,Fiber optic,No,No,No,Yes,No,Yes,One year,Yes,Credit card (automatic),68.23,135.78,No
CUST-06043,Male,0,No,No,0,Yes,Yes,Fiber optic,No,No,Yes,Yes,No,No,Month-to-month,Yes,Mailed check,116.65,0.0,Yes
CUST-06044,Male,0,Yes,No,32,No,No phone service,Fiber optic,No,No,No,No,Yes,Yes,Month-to-month,No,Electronic check,44.32,1423.58,No
CUST-06045,Female,0,Yes,Yes,70,Yes,No,Fiber optic,Yes,Yes,Yes,No,Yes,No,Two year,No,Bank transfer (automatic),54.85,3838.83,No
CUST-06046,Male,1,No,No,58,Yes,Yes,Fiber optic,Yes,No,No,No,Yes,Yes,Month-to-month,No,Credit card (automatic),116.79,6779.91,No
CUST-06047,Male,0,Yes,No,71,Yes,Yes,No,No internet service,No internet service,No internet service,No internet service,No internet service,No internet service,Month-to-month,Yes,Mailed check,22.79,1612.24,No
CUST-06048,Female,0,Yes,Yes,31,Yes,No,DSL,Yes,Yes,Yes,Yes,No,No,Month-to-month,Yes,Mailed check,82.26,2544.66,No
CUST-06049,Female,1,Yes,Yes,16,Yes,Yes,Fiber optic,No,No,Yes,No,Yes,Yes,Month-to-month,Yes,Bank transfer (automatic),28.16,445.03,No
CUST-06050,Male,0,No,Yes,16,Yes,No,Fiber optic,Yes,Yes,No,No,No,Yes,Month-to-month,Yes,Credit card (automatic),112.64,1804.83,Yes
CUST-06051,Male,0,No,Yes,20,Yes,Yes,DSL,Yes,Yes,No,Yes,No,Yes,One year,Yes,Bank transfer (automatic),46.81,944.94,No
CUST-06052,Female,0,Yes,No,54,Yes,Yes,No,No internet service,No internet service,No internet service,No internet service,No internet service,No internet service,Two year,Yes,Bank transfer (automatic),99.41,5366.62,No
CUST-06053,Male,0,No,No,5,Yes,No,DSL,Yes,Yes,Yes,No,Yes,No,Month-to-month,No,Credit card (automatic),109.13,534.08,Yes
CUST-06054,Male,0,No,No,48,Yes,Yes,No,No internet service,No internet service,No internet service,No internet service,No internet service,No internet service,Month-to-month,Yes,Bank transfer (automatic),102.7,4931.97,No
CUST-06055,Female,0,No,Yes,25,Yes,Yes,Fiber optic,No,No,No,Yes,Yes,Yes,One year,No,Mailed check,73.69,1845.57,No
CUST-06056,Female,0,Yes,No,31,Yes,No,Fiber optic,Yes,No,Yes,No,Yes,Yes,Month-to-month,Yes,Bank transfer (automatic),115.34,3570.37,Yes
CUST-06057,Male,0,Yes,No,71,Yes,Yes,No,No internet service,No internet service,No internet service,No internet service,No internet service,No internet service,One year,Yes,Bank transfer (automatic),85.66,6084.69,No
CUST-06058,Male,1,Yes,No,43,Yes,Yes,No,No internet service,No internet service,No internet service,No internet service,No internet service,No internet service,Month-to-month,No,Mailed check,96.61,4158.28,No
CUST-06059,Male,0,Yes,No,58,Yes,Yes,No,No internet service,No internet service,No internet service,No internet service,No internet service,No internet service,Month-to-month,No,Bank transfer (automatic),42.41,2449.53,No
CUST-06060,Female,0,No,No,28,Yes,Yes,Fiber optic,Yes,No,Yes,No,Yes,Yes,Month-to-month,Yes,Electronic check,59.84,1681.1,No
CUST-06061,Male,0,No,Yes,16,Yes,No,DSL,No,No,No,No,Yes,No,Month-to-month,Yes,Mailed check,77.82,1251.01,No
CUST-06062,Male,0,No,No,17,Yes,No,No,No internet service,No internet service,No internet service,No internet service,No internet service,No internet service,Month-to-month,Yes,Mailed check,32.58,552.32,No
CUST-06063,Female,0,Yes,No,39,Yes,No,Fiber optic,No,Yes,Yes,No,No,No,Month-to-month,Yes,Bank transfer (automatic),114.57,4471.46,No
CUST-06064,Female,0,Yes,Yes,62,Yes,No,DSL,No,Yes,Yes,No,Yes,No,Month-to-month,Yes,Mailed check,28.97,1806.02,No
CUST-06065,Male,0,No,Yes,44,Yes,No,No,No internet service,No internet service,No internet service,No internet service,No internet service,No internet service,Two year,Yes,Mailed check,91.29,4013.47,No
CUST-06066,Female,0,Yes,Yes,2,Yes,Yes,Fiber optic,No,Yes,Yes,No,No,Yes,Month-to-month,Yes,Mailed check,23.8,53.4,Yes
CUST-06067,Female,0,Yes,No,2,No,No phone service,Fiber optic,Yes,Yes,Yes,Yes,Yes,No,Month-to-month,Yes,Electronic check,28.26,57.75,No
CUST-06068,Male,0,No,Yes,37,Yes,No,Fiber optic,No,Yes,No,No,Yes,Yes,Two year,Yes,Mailed check,80.33,2966.51,No
CUST-06069,Female,0,Yes,Yes,39,Yes,No,No,No internet service,No internet service,No internet service,No internet service,No internet service,No internet service,Month-to-month,Yes,Electronic check,63.25,2457.65,No
CUST-06070,Female,0,Yes,No,67,Yes,Yes,Fiber optic,Yes,No,No,Yes,Yes,No,Two year,No,Electronic check,18.36,1233.73,No
CUST-06071,Male,0,No,No,53,Yes,No,DSL,No,No,Yes,No,Yes,Yes,Month-to-month,No,Credit card (automatic),57.37,3034.08,No
CUST-06072,Female,0,Yes,Yes,19,Yes,No,Fiber optic,Yes,Yes,No,No,Yes,Yes,One year,No,Mailed check,43.01,822.03,No
CUST-06073,Male,0,No,No,14,Yes,Yes,No,No internet service,No internet service,No internet service,No internet service,No internet service,No internet service,Month-to-month,Yes,Mailed check,105.16,1461.32,No
CUST-06074,Male,1,No,No,4,Yes,Yes,Fiber optic,No,No,No,No,No,Yes,Month-to-month,Yes,Bank transfer (automatic),88.81,355.99,No
CUST-06075,Female,0,Yes,No,38,Yes,No,No,No internet service,No internet service,No internet service,No internet service,No internet service,No internet service,Two year,No,Electronic check,91.75,3484.9,No
CUST-06076,Female,0,No,No,39,Yes,No,DSL,No,Yes,Yes,Yes,No,Yes,One year,Yes,Mailed check,113.09,4418.89,No
CUST-06077,Female,0,Yes,No,6,Yes,Yes,Fiber optic,No,No,Yes,No,No,No,Month-to-month,Yes,Mailed check,88.99,535.07,No
CUST-06078,Male,1,Yes,No,71,Yes,No,DSL,Yes,Yes,Yes,No,Yes,Yes,Two year,No,Electronic check,34.06,2421.32,No
CUST-06079,Female,0,Yes,Yes,32,Yes,No,Fiber optic,Yes,No,No,Yes,Yes,No,One year,Yes,Electronic check,111.73,3573.21,No
CUST-06080,Male,0,Yes,No,36,Yes,Yes,Fiber optic,No,Yes,No,No,Yes,Yes,Two year,Yes,Credit card (automatic),29.31,1054.27,No
CUST-06081,Female,0,Yes,No,31,Yes,No,No,No internet service,No internet service,No internet service,No internet service,No internet service,No internet service,Month-to-month,Yes,Credit card (automatic),37.26,1160.32,No
CUST-06082,Female,0,Yes,No,42,Yes,No,DSL,Yes,No,Yes,Yes,No,Yes,Month-to-month,Yes,Credit card (automatic),46.51,1953.5,No
CUST-06083,Female,0,Yes,No,62,Yes,No,DSL,Yes,No,No,No,Yes,No,One year,Yes,Mailed check,35.51,2197.03,No
CUST-06084,Male,0,Yes,No,35,Yes,Yes,DSL,No,No,No,No,No,Yes,Two year,Yes,Credit card (automatic),19.83,699.75,No
CUST-06085,Female,0,Yes,Yes,48,Yes,Yes,DSL,No,Yes,No,Yes,No,No,Two year,Yes,Electronic check,63.92,3076.59,No
CUST-06086,Female,0,No,Yes,24,Yes,Yes,DSL,No,Yes,Yes,No,Yes,Yes,Month-to-month,No,Mailed check,86.8,2090.71,No
CUST-06087,Male,0,No,Yes,65,Yes,No,No,No internet service,No internet service,No internet service,No internet service,No internet service,No internet service,Month-to-month,Yes,Mailed check,60.12,3914.25,No
CUST-06088,Male,1,Yes,No,8,Yes,No,Fiber optic,No,Yes,No,Yes,Yes,No,Month-to-month,Yes,Electronic check,41.48,330.43,Yes
CUST-06089,Female,0,Yes,Yes,17,Yes,No,No,No internet service,No internet service,No internet service,No internet service,No internet service,No internet service,Two year,Yes,Mailed check,106.29,1802.02,No
CUST-06090,Female,0,Yes,No,21,Yes,Yes,DSL,No,No,No,No,Yes,Yes,Two year,Yes,Mailed check,56.83,1187.5,No
CUST-06091,Female,0,No,Yes,14,Yes,No,No,No internet service,No internet service,No internet service,No internet service,No internet service,No internet service,Month-to-month,Yes,Electronic check,101.89,1419.92,Yes
CUST-06092,Male,1,No,No,6,Yes,Yes,DSL,Yes,No,No,Yes,No,No,Month-to-month,Yes,Bank transfer (automatic),35.85,214.63,Yes
CUST-06093,Male,1,Yes,Yes,12,Yes,No,No,No internet service,No internet service,No internet service,No internet service,No internet service,No internet service,One year,No,Credit card (automatic),51.34,624.94,No
CUST-06094,Male,0,Yes,No,35,Yes,No,Fiber optic,Yes,No,No,No,No,Yes,Month-to-month,Yes,Mailed check,98.35,3433.98,No
CUST-06095,Male,0,Yes,No,15,Yes,Yes,Fiber optic,Yes,No,Yes,No,No,Yes,One year,No,Mailed check,21.04,315.68,No
CUST-06096,Female,0,No,No,40,No,No phone service,Fiber optic,Yes,No,No,Yes,No,Yes,Month-to-month,No,Electronic check,110.05,4400.4,Yes
CUST-06097,Male,1,Yes,No,20,Yes,No,No,No internet service,No internet service,No internet service,No internet service,No internet service,No internet service,Two year,Yes,Electronic check,57.66,1147.32,No
CUST-06098,Male,0,No,No,27,Yes,Yes,Fiber optic,No,Yes,No,No,No,Yes,One year,No,Electronic check,115.8,3125.33,No
CUST-06099,Male,0,No,Yes,16,Yes,No,DSL,No,No,No,Yes,Yes,No,Two year,No,Electronic check,88.14,1416.69,No
CUST-06100,Female,0,Yes,Yes,64,Yes,No,Fiber optic,No,Yes,No,No,Yes,Yes,One year,Yes,Electronic check,112.94,7229.3,No
CUST-06101,Female,1,No,Yes,12,Yes,No,No,No internet service,No internet service,No internet service,No internet service,No internet service,No internet service,Month-to-month,Yes,Bank transfer (automatic),24.62,298.58,Yes
CUST-06102,Male,0,Yes,No,35,Yes,No,No,No internet service,No internet service,No internet service,No internet service,No internet service,No internet service,One year,Yes,Bank transfer (automatic),90.2,3162.34,No
CUST-06103,Male,0,No,Yes,57,Yes,Yes,Fiber optic,Yes,Yes,Yes,No,No,No,Month-to-month,Yes,Mailed check,105.55,6018.28,No
CUST-06104,Female,0,No,Yes,19,Yes,No,DSL,Yes,No,Yes,Yes,No,Yes,Month-to-month,Yes,Mailed check,116.76,2216.6,No
CUST-06105,Female,0,Yes,No,51,Yes,Yes,Fiber optic,Yes,Yes,No,Yes,Yes,Yes,Month-to-month,No,Bank transfer (automatic),21.34,1088.84,No
CUST-06106,Female,0,Yes,No,5,Yes,No,No,No internet service,No internet service,No internet service,No internet service,No internet service,No internet service,Month-to-month,Yes,Bank transfer (automatic),26.31,126.18,No
CUST-06107,Female,1,No,No,22,Yes,No,Fiber optic,Yes,No,No,Yes,Yes,Yes,Month-to-month,No,Electronic check,91.17,2006.03,No
CUST-06108,Female,1,No,No,41,No,No phone service,Fiber optic,Yes,Yes,Yes,Yes,Yes,Yes,Month-to-month,Yes,Mailed check,21.89,898.1,No
CUST-06109,Female,1,No,No,23,No,No phone service,Fiber optic,Yes,No,No,No,Yes,No,Two year,Yes,Electronic check,19.14,446.81,No
CUST-06110,Female,0,Yes,No,4,Yes,No,DSL,No,No,No,Yes,Yes,Yes,Month-to-month,Yes,Electronic check,72.51,288.42,No
CUST-06111,Female,0,Yes,Yes,31,Yes,No,No,No internet service,No internet service,No internet service,No internet service,No internet service,No internet service,Two year,Yes,Electronic check,70.95,2197.83,No
CUST-06112,Male,1,Yes,No,45,Yes,Yes,No,No internet service,No internet service,No internet service,No internet service,No internet service,No internet service,One year,Yes,Mailed check,79.35,3563.17,No
CUST-06113,Male,0,Yes,No,16,Yes,Yes,DSL,No,Yes,No,Yes,Yes,No,One year,Yes,Credit card (automatic),19.41,313.8,No
CUST-06114,Male,0,No,Yes,26,Yes,No,No,No internet service,No internet service,No internet service,No internet service,No internet service,No internet service,Two year,Yes,Mailed check,68.33,1769.23,No
CUST-06115,Male,1,No,No,67,Yes,Yes,No,No internet service,No internet service,No internet service,No internet service,No internet service,No internet service,Month-to-month,No,Credit card (automatic),46.67,3124.4,No
CUST-06116,Male,0,No,No,22,Yes,Yes,DSL,Yes,Yes,Yes,No,No,Yes,Two year,No,Electronic check,93.61,2055.87,No
CUST-06117,Male,0,No,Yes,33,Yes,No,Fiber optic,Yes,Yes,Yes,No,No,No,Month-to-month,Yes,Credit card (automatic),52.82,1747.51,No
CUST-06118,Female,0,No,No,20,Yes,Yes,DSL,Yes,Yes,No,No,Yes,No,Two year,No,Mailed check,53.66,1075.64,No
CUST-06119,Female,0,Yes,Yes,21,Yes,No,DSL,Yes,No,No,No,Yes,No,Two year,No,Bank transfer (automatic),83.42,1755.36,No
CUST-06120,Male,0,Yes,No,64,Yes,Yes,Fiber optic,Yes,Yes,Yes,Yes,Yes,Yes,Two year,No,Electronic check,84.07,5385.21,No
CUST-06121,Male,0,No,No,31,Yes,Yes,DSL,No,Yes,Yes,Yes,Yes,Yes,Month-to-month,Yes,Electronic check,23.83,735.53,No
CUST-06122,Female,0,No,No,61,Yes,No,No,No internet service,No internet service,No internet service,No internet service,No internet service,No internet service,Month-to-month,Yes,Electronic check,80.6,4912.26,No
CUST-06123,Female,0,No,Yes,27,No,No phone service,No,No internet service,No internet service,No internet service,No internet service,No internet service,No internet service,Month-to-month,No,Electronic check,83.79,2253.91,No
CUST-06124,Female,0,No,Yes,6,Yes,No,DSL,Yes,No,Yes,No,Yes,Yes,Month-to-month,Yes,Credit card (automatic),63.75,383.14,No
CUST-06125,Male,0,No,Yes,53,Yes,Yes,DSL,Yes,No,Yes,Yes,No,Yes,Month-to-month,Yes,Electronic check,100.79,5337.96,No
CUST-06126,Female,1,No,Yes,69,Yes,No,DSL,Yes,Yes,No,No,No,No,One year,No,Bank transfer (automatic),18.91,1307.05,No
CUST-06127,Male,0,No,No,13,Yes,No,No,No internet service,No internet service,No internet service,No internet service,No internet service,No internet service,Two year,Yes,Electronic check,114.84,1498.72,No
CUST-06128,Male,0,No,No,54,Yes,No,Fiber optic,No,No,No,No,Yes,Yes,Month-to-month,Yes,Mailed check,55.6,3007.05,No
CUST-06129,Female,0,Yes,No,57,Yes,Yes,Fiber optic,Yes,Yes,Yes,Yes,No,Yes,Month-to-month,No,Mailed check,77.57,4422.09,No
CUST-06130,Female,1,No,No,43,Yes,No,Fiber optic,Yes,No,Yes,Yes,No,No,Two year,No,Bank transfer (automatic),21.43,921.88,No
CUST-06131,Male,0,No,No,45,Yes,No,DSL,Yes,Yes,No,Yes,No,Yes,One year,No,Electronic check,88.89,4000.0,No
CUST-06132,Female,0,Yes,No,13,Yes,Yes,DSL,No,No,No,Yes,No,No,Month-to-month,No,Credit card (automatic),72.37,951.43,No
CUST-06133,Female,1,Yes,No,43,Yes,No,DSL,No,No,No,Yes,Yes,Yes,One year,Yes,Bank transfer (automatic),114.04,4900.81,No
CUST-06134,Male,0,No,Yes,40,Yes,No,Fiber optic,No,No,No,Yes,Yes,No,One year,Yes,Bank transfer (automatic),60.25,2410.4,No
CUST-06135,Female,1,Yes,No,1,Yes,No,Fiber optic,No,Yes,Yes,Yes,Yes,Yes,Month-to-month,Yes,Mailed check,90.19,89.29,Yes
CUST-06136,Male,1,Yes,No,4,Yes,No,DSL,Yes,No,Yes,No,No,Yes,Month-to-month,Yes,Electronic check,25.42,97.76,No
CUST-06137,Male,1,No,No,11,Yes,Yes,Fiber optic,Yes,Yes,Yes,Yes,Yes,No,Two year,No,Electronic check,24.45,267.05,No
CUST-06138,Female,0,Yes,No,46,Yes,No,Fiber optic,Yes,Yes,Yes,No,Yes,No,One year,No,Electronic check,112.9,5193.54,No
CUST-06139,Male,0,No,No,34,Yes,No,DSL,No,Yes,Yes,No,No,Yes,Month-to-month,Yes,Bank transfer (automatic),43.33,1467.3,No
CUST-06140,Male,1,No,Yes,18,Yes,No,DSL,Yes,No,Yes,No,Yes,Yes,Month-to-month,No,Credit card (automatic),109.24,1974.56,No
CUST-06141,Female,0,No,Yes,62,Yes,No,DSL,Yes,No,Yes,No,No,Yes,Month-to-month,Yes,Electronic check,26.76,1662.75,Yes
CUST-06142,Female,0,Yes,No,7,Yes,No,DSL,No,No,No,Yes,No,Yes,Two year,No,Bank transfer (automatic),81.77,577.85,No
CUST-06143,Female,0,Yes,No,22,Yes,Yes,Fiber optic,Yes,Yes,Yes,No,Yes,No,Month-to-month,No,Bank transfer (automatic),73.16,1608.71,No
CUST-06144,Male,0,No,No,12,Yes,No,DSL,No,Yes,No,No,Yes,Yes,Month-to-month,No,Mailed check,114.62,1373.87,No
CUST-06145,Male,0,No,No,22,Yes,No,No,No internet service,No internet service,No internet service,No internet service,No internet service,No internet service,Month-to-month,Yes,Electronic check,58.4,1283.73,No
CUST-06146,Female,0,Yes,No,30,No,No phone service,DSL,No,Yes,Yes,No,No,No,Two year,Yes,Bank transfer (automatic),22.84,681.72,No
CUST-06147,Male,0,No,No,29,Yes,Yes,Fiber optic,Yes,No,Yes,Yes,No,No,Two year,Yes,Mailed check,65.41,1903.39,No
CUST-06148,Female,0,Yes,Yes,41,Yes,No,No,No internet service,No internet service,No internet service,No internet service,No internet service,No internet service,Month-to-month,Yes,Mailed check,100.42,4124.2,Yes
CUST-06149,Female,0,Yes,Yes,1,Yes,Yes,DSL,No,Yes,No,Yes,Yes,No,Two year,No,Electronic check,23.25,26.0,No
CUST-06150,Male,0,Yes,Yes,10,Yes,No,Fiber optic,No,No,Yes,No,No,No,Month-to-month,Yes,Credit card (automatic),21.62,224.69,Yes
CUST-06151,Female,0,Yes,No,24,Yes,No,DSL,No,No,Yes,No,No,Yes,Month-to-month,Yes,Credit card (automatic),100.18,2416.3,No
CUST-06152,Male,0,Yes,No,28,Yes,Yes,Fiber optic,No,Yes,Yes,Yes,No,No,Month-to-month,No,Mailed check,100.4,2820.43,No
CUST-06153,Male,0,Yes,Yes,21,Yes,No,Fiber optic,Yes,No,Yes,Yes,Yes,No,Month-to-month,Yes,Mailed check,38.0,795.65,No
CUST-06154,Female,0,No,Yes,18,Yes,No,DSL,Yes,Yes,Yes,No,No,No,Month-to-month,No,Credit card (automatic),83.75,1495.41,No
CUST-06155,Male,0,No,No,40,Yes,Yes,DSL,Yes,No,Yes,No,No,No,Month-to-month,No,Bank transfer (automatic),24.43,980.91,No
CUST-06156,Female,0,Yes,No,37,Yes,No,No,No internet service,No internet service,No internet service,No internet service,No internet service,No internet service,Month-to-month,No,Mailed check,94.56,3500.85,No
CUST-06157,Male,0,Yes,No,28,Yes,No,Fiber optic,No,No,No,No,Yes,No,Month-to-month,No,Bank transfer (automatic),48.52,1359.1,No
CUST-06158,Male,0,No,No,21,Yes,No,DSL,Yes,Yes,No,Yes,Yes,No,Two year,Yes,Electronic check,41.05,860.89,No
CUST-06159,Male,0,No,Yes,7,Yes,Yes,Fiber optic,No,No,No,No,Yes,No,Month-to-month,Yes,Credit card (automatic),85.76,607.07,Yes
CUST-06160,Female,0,No,No,46,Yes,Yes,DSL,Yes,Yes,No,Yes,No,No,Month-to-month,Yes,Credit card (automatic),109.16,5013.63,No
CUST-06161,Male,1,No,Yes,5,Yes,No,DSL,Yes,Yes,No,Yes,Yes,Yes,Month-to-month,Yes,Bank transfer (automatic),22.15,118.41,Yes
CUST-06162,Female,0,No,No,6,Yes,No,DSL,No,No,No,Yes,Yes,Yes,Two year,Yes,Bank transfer (automatic),32.37,202.89,No
CUST-06163,Male,1,No,No,35,Yes,Yes,Fiber optic,Yes,Yes,Yes,No,Yes,No,Two year,No,Mailed check,43.57,1525.7,No
CUST-06164,Male,0,No,No,7,Yes,No,Fiber optic,No,Yes,No,Yes,No,No,Two year,Yes,Electronic check,110.78,776.88,No
CUST-06165,Female,0,No,No,45,Yes,No,No,No internet service,No internet service,No internet service,No internet service,No internet service,No internet service,One year,Yes,Credit card (automatic),105.72,4751.47,No
CUST-06166,Female,0,Yes,No,63,Yes,Yes,DSL,No,No,No,No,Yes,No,Month-to-month,No,Credit card (automatic),108.72,6854.38,No
CUST-06167,Female,0,No,No,30,Yes,Yes,Fiber optic,Yes,Yes,No,No,No,Yes,Month-to-month,No,Mailed check,55.84,1681.56,No
CUST-06168,Female,0,Yes,No,22,No,No phone service,DSL,Yes,Yes,Yes,Yes,No,Yes,Two year,No,Bank transfer (automatic),41.16,909.34,No
CUST-06169,Female,0,No,No,60,Yes,No,Fiber optic,No,Yes,No,Yes,Yes,No,One year,No,Bank transfer (automatic),37.17,2224.0,No
CUST-06170,Male,0,No,Yes,49,Yes,No,Fiber optic,Yes,Yes,No,Yes,No,No,Month-to-month,No,Bank transfer (automatic),106.2,5195.75,No
CUST-06171,Male,0,No,No,45,Yes,Yes,DSL,No,No,No,No,No,No,Month-to-month,No,Electronic check,41.12,1849.2,No
CUST-06172,Female,0,No,No,42,No,No phone service,No,No internet service,No internet service,No internet service,No internet service,No internet service,No internet service,One year,Yes,Credit card (automatic),71.08,2985.76,No
CUST-06173,Male,0,No,No,9,Yes,No,DSL,No,No,Yes,Yes,No,Yes,Two year,Yes,Credit card (automatic),51.17,465.61,No
CUST-06174,Male,1,Yes,No,19,Yes,No,No,No internet service,No internet service,No internet service,No internet service,No internet service,No internet service,Month-to-month,No,Credit card (automatic),67.89,1288.71,No
CUST-06175,Male,0,No,No,15,Yes,No,No,No internet service,No internet service,No internet service,No internet service,No internet service,No internet service,Month-to-month,Yes,Electronic check,52.58,794.01,No
CUST-06176,Female,0,Yes,No,2,Yes,Yes,Fiber optic,Yes,No,Yes,Yes,Yes,Yes,Two year,No,Electronic check,47.29,100.23,No
CUST-06177,Male,0,Yes,No,29,Yes,No,No,No internet service,No internet service,No internet service,No internet service,No internet service,No internet service,Two year,No,Mailed check,60.73,1763.54,No
CUST-06178,Male,0,No,Yes,17,No,No phone service,DSL,Yes,No,Yes,No,No,Yes,One year,Yes,Mailed check,51.29,876.28,No
CUST-06179,Male,0,Yes,Yes,58,Yes,No,Fiber optic,No,Yes,Yes,Yes,Yes,No,Month-to-month,No,Credit card (automatic),101.97,5912.18,No
CUST-06180,Female,0,No,No,69,Yes,Yes,No,No internet service,No internet service,No internet service,No internet service,No internet service,No internet service,Month-to-month,Yes,Mailed check,76.07,5243.12,Yes
CUST-06181,Male,0,No,No,34,Yes,Yes,No,No internet service,No internet service,No internet service,No internet service,No internet service,No internet service,Month-to-month,No,Mailed check,35.62,1208.24,No
CUST-06182,Male,1,No,No,18,Yes,No,DSL,No,Yes,No,Yes,No,No,Month-to-month,Yes,Credit card (automatic),41.59,744.46,Yes
CUST-06183,Female,0,Yes,No,25,Yes,Yes,Fiber optic,Yes,No,Yes,Yes,No,No,One year,No,Credit card (automatic),23.36,590.05,No
CUST-06184,Female,1,No,No,34,Yes,No,DSL,Yes,Yes,No,Yes,Yes,No,Month-to-month,Yes,Electronic check,47.97,1635.29,No
CUST-06185,Male,1,Yes,No,71,No,No phone service,Fiber optic,Yes,Yes,No,Yes,No,Yes,Month-to-month,Yes,Electronic check,84.95,6021.3,No
CUST-06186,Male,1,No,No,56,Yes,Yes,DSL,Yes,Yes,Yes,Yes,No,No,One year,No,Credit card (automatic),36.3,2033.69,No
CUST-06187,Female,0,No,No,48,Yes,Yes,DSL,Yes,No,Yes,No,Yes,Yes,Month-to-month,No,Bank transfer (automatic),27.92,1331.23,No
CUST-06188,Female,0,Yes,No,9,Yes,Yes,DSL,Yes,Yes,Yes,Yes,No,Yes,One year,Yes,Electronic check,50.1,445.48,No
CUST-06189,Female,0,Yes,Yes,28,Yes,Yes,Fiber optic,No,Yes,No,No,No,Yes,Two year,Yes,Mailed check,79.25,2223.16,No
CUST-06190,Female,0,Yes,Yes,70,Yes,No,Fiber optic,Yes,Yes,No,Yes,No,Yes,Month-to-month,No,Credit card (automatic),65.28,4560.98,No
CUST-06191,Female,0,Yes,No,67,Yes,No,Fiber optic,Yes,Yes,Yes,Yes,Yes,No,Two year,Yes,Mailed check,51.22,3424.92,No
CUST-06192,Female,0,Yes,No,23,Yes,Yes,Fiber optic,No,No,No,Yes,Yes,Yes,Month-to-month,No,Mailed check,106.3,2439.78,No
CUST-06193,Female,0,Yes,Yes,42,Yes,Yes,Fiber optic,Yes,No,Yes,No,No,No,One year,No,Electronic check,64.86,2716.2,No
CUST-06194,Male,0,No,Yes,38,Yes,Yes,DSL,No,Yes,Yes,Yes,No,No,One year,No,Credit card (automatic),63.5,2405.9,No
CUST-06195,Female,0,Yes,No,24,Yes,No,Fiber optic,Yes,Yes,Yes,Yes,No,Yes,Month-to-month,Yes,Electronic check,21.17,507.8,No
CUST-06196,Female,0,No,No,67,Yes,Yes,DSL,Yes,Yes,Yes,No,Yes,Yes,Month-to-month,Yes,Electronic check,81.93,5480.89,No
CUST-06197,Male,0,No,Yes,33,Yes,No,Fiber optic,Yes,Yes,No,Yes,Yes,Yes,Two year,Yes,Electronic check,63.93,2108.44,No
CUST-06198,Female,0,No,Yes,52,Yes,No,Fiber optic,No,No,Yes,No,No,Yes,Month-to-month,Yes,Mailed check,32.51,1690.57,No
CUST-06199,Female,0,No,No,54,Yes,Yes,DSL,Yes,No,No,Yes,Yes,No,Month-to-month,Yes,Electronic check,42.37,2291.74,No
CUST-06200,Male,0,No,No,52,No,No phone service,Fiber optic,No,No,No,Yes,Yes,Yes,Month-to-month,No,Bank transfer (automatic),38.24,1993.13,No
CUST-06201,Female,0,Yes,Yes,17,Yes,No,Fiber optic,Yes,No,No,Yes,Yes,Yes,Two year,No,Credit card (automatic),30.21,506.69,No
CUST-06202,Male,0,No,No,6,Yes,No,Fiber optic,Yes,No,Yes,No,No,Yes,Month-to-month,Yes,Bank transfer (automatic),61.55,362.68,No
CUST-06203,Male,0,No,No,62,Yes,Yes,Fiber optic,No,No,No,Yes,Yes,Yes,Month-to-month,Yes,Electronic check,54.33,3361.56,Yes
CUST-06204,Male,0,No,No,41,Yes,Yes,Fiber optic,Yes,Yes,Yes,No,Yes,Yes,Month-to-month,Yes,Credit card (automatic),54.01,2218.36,Yes
CUST-06205,Male,0,Yes,No,10,Yes,No,No,No internet service,No internet service,No internet service,No internet service,No internet service,No internet service,Month-to-month,Yes,Bank transfer (automatic),43.15,433.23,No
CUST-06206,Female,0,Yes,No,8,Yes,Yes,Fiber optic,Yes,Yes,Yes,No,No,Yes,Month-to-month,No,Electronic check,61.64,491.35,No
CUST-06207,Male,0,Yes,No,34,Yes,No,DSL,No,No,Yes,No,No,Yes,Two year,Yes,Credit card (automatic),72.75,2467.54,No
CUST-06208,Male,0,Yes,No,64,Yes,Yes,No,No internet service,No internet service,No internet service,No internet service,No internet service,No internet service,Two year,Yes,Bank transfer (automatic),79.15,5066.38,No
CUST-06209,Female,0,No,Yes,4,Yes,No,DSL,No,Yes,No,Yes,No,No,Month-to-month,Yes,Credit card (automatic),39.98,166.76,No
CUST-06210,Male,1,Yes,No,25,Yes,Yes,DSL,Yes,Yes,No,Yes,Yes,Yes,Two year,Yes,Credit card (automatic),90.78,2276.02,No
CUST-06211,Male,0,No,No,50,Yes,Yes,Fiber optic,No,No,Yes,Yes,Yes,No,One year,No,Electronic check,20.7,1027.63,No
CUST-06212,Male,0,Yes,No,37,Yes,No,No,No internet service,No internet service,No internet service,No internet service,No internet service,No internet service,One year,No,Electronic check,93.04,3447.84,No
CUST-06213,Male,0,Yes,Yes,2,Yes,Yes,DSL,Yes,Yes,Yes,No,No,No,Month-to-month,Yes,Electronic check,46.3,85.17,Yes
CUST-06214,Female,0,Yes,No,58,Yes,No,DSL,No,Yes,No,No,Yes,Yes,Month-to-month,No,Credit card (automatic),55.0,3187.99,No
CUST-06215,Male,0,Yes,Yes,12,Yes,Yes,DSL,Yes,No,Yes,No,No,Yes,Month-to-month,No,Mailed check,76.07,910.24,No
CUST-06216,Female,0,No,No,34,Yes,Yes,Fiber optic,No,No,Yes,No,No,No,One year,Yes,Bank transfer (automatic),79.05,2689.03,No
CUST-06217,Female,0,Yes,Yes,2,Yes,Yes,No,No internet service,No internet service,No internet service,No internet service,No internet service,No internet service,Two year,No,Bank transfer (automatic),60.12,115.23,No
CUST-06218,Male,0,No,No,52,No,No phone service,No,No internet service,No internet service,No internet service,No internet service,No internet service,No internet service,Month-to-month,Yes,Credit card (automatic),111.79,5813.59,No
CUST-06219,Male,0,No,No,54,Yes,No,DSL,No,No,No,No,Yes,No,Two year,Yes,Electronic check,103.83,5601.42,No
CUST-06220,Male,0,No,No,44,Yes,No,DSL,No,Yes,Yes,Yes,Yes,Yes,Month-to-month,Yes,Mailed check,40.5,1782.86,No
CUST-06221,Male,0,No,Yes,65,Yes,No,No,No internet service,No internet service,No internet service,No internet service,No internet service,No internet service,Two year,Yes,Credit card (automatic),76.89,4991.26,No
CUST-06222,Female,0,No,No,66,Yes,No,DSL,Yes,Yes,Yes,No,Yes,Yes,One year,No,Credit card (automatic),90.1,5944.61,No
CUST-06223,Female,0,No,No,43,Yes,Yes,DSL,Yes,No,Yes,Yes,Yes,Yes,One year,No,Mailed check,39.69,1706.69,No
CUST-06224,Female,0,No,No,67,Yes,Yes,DSL,Yes,Yes,Yes,No,Yes,Yes,Two year,Yes,Credit card (automatic),19.85,1328.7,No
CUST-06225,Male,0,Yes,Yes,61,Yes,No,DSL,Yes,Yes,No,No,Yes,Yes,Month-to-month,Yes,Credit card (automatic),115.56,7053.38,No
CUST-06226,Female,0,No,Yes,24,Yes,No,DSL,Yes,No,Yes,No,Yes,Yes,One year,No,Credit card (automatic),113.83,2720.63,No
CUST-06227,Male,1,Yes,No,51,Yes,No,DSL,Yes,No,No,Yes,Yes,Yes,Two year,No,Mailed check,50.03,2552.4,No
CUST-06228,Male,1,Yes,No,49,Yes,No,Fiber optic,No,Yes,Yes,Yes,Yes,No,Month-to-month,Yes,Mailed check,41.91,2049.44,No
CUST-06229,Male,0,No,Yes,0,Yes,Yes,Fiber optic,No,Yes,No,Yes,No,Yes,Month-to-month,No,Credit card (automatic),33.46,2.95,No
CUST-06230,Male,0,No,No,38,Yes,No,Fiber optic,No,Yes,Yes,No,No,No,Month-to-month,No,Bank transfer (automatic),86.71,3295.13,Yes
CUST-06231,Male,0,Yes,No,51,Yes,Yes,No,No internet service,No internet service,No internet service,No internet service,No internet service,No internet service,Month-to-month,No,Mailed check,93.53,4775.47,No
CUST-06232,Female,0,Yes,Yes,39,Yes,Yes,No,No internet service,No internet service,No internet service,No internet service,No internet service,No internet service,One year,Yes,Bank transfer (automatic),60.04,2340.4,No
CUST-06233,Female,1,No,No,59,Yes,Yes,DSL,No,Yes,Yes,Yes,Yes,Yes,Month-to-month,No,Credit card (automatic),42.28,2500.69,No
CUST-06234,Male,0,No,No,68,No,No phone service,Fiber optic,No,Yes,Yes,No,Yes,No,Month-to-month,Yes,Electronic check,62.87,4275.94,No
CUST-06235,Female,0,Yes,No,19,Yes,Yes,No,No internet service,No internet service,No internet service,No internet service,No internet service,No internet service,Month-to-month,No,Electronic check,69.64,1316.69,No
CUST-06236,Male,0,Yes,No,1,Yes,Yes,No,No internet service,No internet service,No internet service,No internet service,No internet service,No internet service,Two year,No,Electronic check,72.34,68.27,No
CUST-06237,Male,0,No,No,8,Yes,Yes,DSL,No,Yes,Yes,Yes,No,Yes,Month-to-month,No,Credit card (automatic),62.34,495.79,No
CUST-06238,Male,1,Yes,Yes,38,Yes,No,Fiber optic,Yes,No,Yes,No,No,No,One year,Yes,Mailed check,18.37,698.63,No
CUST-06239,Female,0,Yes,Yes,29,Yes,No,Fiber optic,Yes,No,No,Yes,Yes,No,Month-to-month,Yes,Bank transfer (automatic),65.18,1894.72,No
CUST-06240,Male,0,No,Yes,53,Yes,Yes,Fiber optic,Yes,Yes,No,No,Yes,Yes,Month-to-month,No,Bank transfer (automatic),52.73,2797.74,Yes
CUST-06241,Male,0,Yes,No,57,Yes,No,DSL,No,No,Yes,No,No,Yes,Month-to-month,Yes,Mailed check,73.66,4201.94,No
CUST-06242,Female,0,No,No,43,Yes,Yes,DSL,Yes,No,Yes,No,No,No,Two year,Yes,Bank transfer (automatic),24.94,1068.69,No
CUST-06243,Female,0,No,No,42,Yes,No,Fiber optic,No,No,No,No,Yes,Yes,Month-to-month,Yes,Credit card (automatic),105.92,4453.05,No
CUST-06244,Female,0,No,Yes,9,Yes,No,Fiber optic,No,No,Yes,No,Yes,Yes,Month-to-month,Yes,Mailed check,105.54,950.38,No
CUST-06245,Male,0,Yes,No,47,Yes,No,DSL,Yes,Yes,Yes,No,Yes,Yes,One year,Yes,Mailed check,74.41,3501.24,No
CUST-06246,Male,0,No,No,16,Yes,No,No,No internet service,No internet service,No internet service,No internet service,No internet service,No internet service,Two year,Yes,Mailed check,91.71,1459.97,No
CUST-06247,Female,0,Yes,No,4,Yes,No,DSL,No,No,Yes,Yes,No,Yes,Month-to-month,No,Bank transfer (automatic),61.79,249.42,Yes
CUST-06248,Male,0,No,No,69,Yes,No,DSL,No,Yes,No,Yes,No,No,Month-to-month,Yes,Mailed check,77.03,5312.02,No
CUST-06249,Female,0,No,No,63,Yes,No,No,No internet service,No internet service,No internet service,No internet service,No internet service,No internet service,Two year,Yes,Mailed check,79.77,5019.18,No
CUST-06250,Female,0,Yes,No,65,No,No phone service,DSL,No,Yes,No,No,No,Yes,Month-to-month,No,Electronic check,53.39,3473.58,No
CUST-06251,Male,0,Yes,Yes,70,Yes,Yes,DSL,No,No,No,Yes,Yes,Yes,Two year,Yes,Electronic check,114.09,7984.15,No
CUST-06252,Male,0,Yes,No,3,Yes,Yes,Fiber optic,Yes,No,Yes,Yes,Yes,No,Month-to-month,No,Mailed check,78.26,237.43,No
CUST-06253,Female,0,No,No,27,No,No phone service,DSL,Yes,No,No,Yes,Yes,Yes,Two year,No,Mailed check,117.05,3155.46,No
CUST-06254,Female,0,Yes,No,37,Yes,No,DSL,Yes,Yes,Yes,No,No,No,Month-to-month,Yes,Electronic check,61.24,2276.04,No
CUST-06255,Female,0,No,Yes,65,Yes,Yes,DSL,No,No,No,Yes,No,No,Two year,No,Credit card (automatic),21.23,1379.35,No
CUST-06256,Female,0,Yes,No,66,Yes,Yes,DSL,Yes,Yes,No,Yes,No,Yes,Two year,Yes,Electronic check,48.24,3181.49,No
CUST-06257,Male,0,No,Yes,59,Yes,No,No,No internet service,No internet service,No internet service,No internet service,No internet service,No internet service,Month-to-month,No,Credit card (automatic),83.08,4906.67,No
CUST-06258,Female,0,No,No,46,Yes,Yes,No,No internet service,No internet service,No internet service,No internet service,No internet service,No internet service,Month-to-month,Yes,Credit card (automatic),109.03,5014.95,No
CUST-06259,Female,1,No,No,24,Yes,Yes,DSL,No,No,No,No,Yes,Yes,Two year,Yes,Bank transfer (automatic),79.52,1924.31,No
CUST-06260,Female,0,No,No,65,Yes,No,DSL,Yes,Yes,Yes,Yes,No,No,Month-to-month,Yes,Credit card (automatic),65.18,4242.53,No
CUST-06261,Male,0,Yes,Yes,66,Yes,No,DSL,Yes,Yes,No,No,No,No,Two year,Yes,Bank transfer (automatic),26.07,1718.25,No
CUST-06262,Male,0,Yes,No,68,No,No phone service,Fiber optic,Yes,Yes,No,Yes,Yes,No,Month-to-month,Yes,Electronic check,32.48,2209.01,Yes
CUST-06263,Female,0,No,No,39,Yes,No,No,No internet service,No internet service,No internet service,No internet service,No internet service,No internet service,One year,Yes,Credit card (automatic),23.35,910.98,No
CUST-06264,Male,0,No,Yes,49,Yes,No,No,No internet service,No internet service,No internet service,No internet service,No internet service,No internet service,Month-to-month,No,Credit card (automatic),89.12,4361.6,No
CUST-06265,Male,0,Yes,No,39,No,No phone service,DSL,Yes,Yes,No,Yes,Yes,Yes,Two year,Yes,Bank transfer (automatic),101.11,3949.71,No
CUST-06266,Male,0,Yes,Yes,36,Yes,No,DSL,No,Yes,Yes,Yes,Yes,Yes,Month-to-month,Yes,Bank transfer (automatic),34.44,1237.69,No
CUST-06267,Female,0,Yes,No,68,Yes,Yes,DSL,No,Yes,No,No,No,No,Month-to-month,Yes,Credit card (automatic),50.52,3434.12,No
CUST-06268,Female,0,Yes,No,16,Yes,No,No,No internet service,No internet service,No internet service,No internet service,No internet service,No internet service,Month-to-month,No,Bank transfer (automatic),65.91,1055.65,No
CUST-06269,Male,0,Yes,No,61,Yes,No,Fiber optic,Yes,No,Yes,Yes,Yes,No,One year,Yes,Credit card (automatic),32.28,1964.5,No
CUST-06270,Female,0,Yes,No,40,Yes,Yes,Fiber optic,No,Yes,Yes,Yes,Yes,Yes,Month-to-month,No,Mailed check,59.62,2385.86,No
CUST-06271,Female,0,No,No,41,Yes,No,No,No internet service,No internet service,No internet service,No internet service,No internet service,No internet service,Month-to-month,No,Electronic check,114.68,4699.37,No
CUST-06272,Male,0,Yes,No,30,Yes,No,No,No internet service,No internet service,No internet service,No internet service,No internet service,No internet service,One year,Yes,Bank transfer (automatic),89.91,2694.92,No
CUST-06273,Male,0,Yes,Yes,32,Yes,Yes,Fiber optic,No,Yes,No,Yes,Yes,No,Month-to-month,No,Electronic check,34.69,1109.27,No
CUST-06274,Female,1,No,No,42,Yes,No,DSL,No,No,Yes,Yes,Yes,Yes,Month-to-month,Yes,Mailed check,27.88,1167.29,No
CUST-06275,Male,1,Yes,No,66,Yes,No,DSL,Yes,Yes,Yes,Yes,Yes,No,Month-to-month,Yes,Credit card (automatic),62.52,4118.5,No
CUST-06276,Female,0,Yes,No,37,Yes,No,DSL,Yes,No,Yes,Yes,Yes,Yes,Month-to-month,Yes,Bank transfer (automatic),116.8,4322.47,No
CUST-06277,Female,0,Yes,No,40,Yes,No,Fiber optic,Yes,No,No,Yes,Yes,No,Month-to-month,Yes,Credit card (automatic),97.33,3881.75,No
CUST-06278,Male,0,No,Yes,62,Yes,Yes,Fiber optic,Yes,No,No,Yes,No,Yes,Month-to-month,No,Credit card (automatic),47.31,2921.95,No
CUST-06279,Female,0,Yes,No,39,Yes,No,Fiber optic,Yes,No,No,No,No,No,Month-to-month,Yes,Mailed check,20.63,804.79,No
CUST-06280,Female,1,No,No,29,Yes,No,DSL,No,Yes,Yes,No,Yes,Yes,Two year,Yes,Credit card (automatic),59.13,1713.86,Yes
CUST-06281,Male,0,Yes,No,46,Yes,No,No,No internet service,No internet service,No internet service,No internet service,No internet service,No internet service,One year,No,Mailed check,34.05,1567.6,No
CUST-06282,Male,0,No,Yes,21,Yes,No,Fiber optic,No,Yes,Yes,Yes,Yes,Yes,Two year,Yes,Bank transfer (automatic),36.03,759.95,No
CUST-06283,Male,0,Yes,No,54,Yes,No,DSL,Yes,Yes,Yes,Yes,No,No,Month-to-month,No,Mailed check,34.23,1838.53,No
CUST-06284,Female,0,Yes,Yes,42,Yes,Yes,Fiber optic,Yes,Yes,Yes,Yes,Yes,No,Month-to-month,No,Electronic check,89.96,3775.25,No
CUST-06285,Male,0,Yes,No,60,Yes,No,No,No internet service,No internet service,No internet service,No internet service,No internet service,No internet service,Month-to-month,Yes,Credit card (automatic),21.58,1292.56,Yes
CUST-06286,Male,0,No,No,31,Yes,Yes,Fiber optic,No,No,No,Yes,Yes,No,Two year,Yes,Mailed check,74.47,2310.13,No
CUST-06287,Male,0,Yes,No,3,Yes,Yes,DSL,Yes,Yes,No,No,No,Yes,Two year,Yes,Mailed check,93.25,280.89,No
CUST-06288,Male,0,Yes,No,44,Yes,Yes,DSL,No,No,Yes,Yes,Yes,No,Month-to-month,No,Credit card (automatic),33.64,1478.13,No
CUST-06289,Female,0,No,No,71,No,No phone service,DSL,Yes,No,No,Yes,Yes,No,Month-to-month,Yes,Bank transfer (automatic),107.29,7617.81,No
CUST-06290,Female,0,No,No,19,Yes,No,Fiber optic,No,No,No,Yes,No,No,Month-to-month,Yes,Electronic check,25.81,489.02,Yes
CUST-06291,Male,0,No,No,70,Yes,Yes,Fiber optic,Yes,Yes,Yes,Yes,No,No,Two year,Yes,Electronic check,86.27,6034.34,No
CUST-06292,Female,0,Yes,No,64,Yes,No,Fiber optic,No,No,Yes,Yes,Yes,No,Month-to-month,No,Bank transfer (automatic),35.2,2253.07,No
CUST-06293,Male,1,No,No,59,Yes,No,Fiber optic,No,Yes,Yes,Yes,No,Yes,One year,No,Credit card (automatic),98.6,5806.68,No
CUST-06294,Male,0,Yes,No,25,Yes,Yes,No,No internet service,No internet service,No internet service,No internet service,No internet service,No internet service,Month-to-month,Yes,Bank transfer (automatic),75.14,1879.73,Yes
CUST-06295,Female,0,No,No,22,No,No phone service,Fiber optic,Yes,No,Yes,Yes,Yes,Yes,Month-to-month,Yes,Bank transfer (automatic),76.92,1699.3,Yes
CUST-06296,Female,0,No,Yes,39,Yes,No,Fiber optic,Yes,No,Yes,Yes,Yes,Yes,One year,No,Electronic check,52.6,2049.67,No
CUST-06297,Male,0,Yes,No,1,Yes,Yes,Fiber optic,Yes,Yes,No,No,Yes,Yes,One year,Yes,Bank transfer (automatic),46.33,56.64,No
CUST-06298,Male,0,Yes,No,25,Yes,No,Fiber optic,Yes,No,Yes,Yes,Yes,No,One year,Yes,Credit card (automatic),64.33,1611.27,No
CUST-06299,Female,0,Yes,Yes,61,Yes,Yes,No,No internet service,No internet service,No internet service,No internet service,No internet service,No internet service,Month-to-month,Yes,Bank transfer (automatic),93.77,5727.26,No
CUST-06300,Male,1,Yes,No,43,Yes,No,Fiber optic,Yes,Yes,No,Yes,No,Yes,One year,Yes,Electronic check,34.82,1499.19,No
CUST-06301,Female,0,No,No,30,Yes,No,DSL,Yes,No,Yes,Yes,Yes,No,One year,No,Bank transfer (automatic),99.63,2991.66,No
CUST-06302,Male,1,No,No,25,Yes,Yes,Fiber optic,Yes,No,No,No,No,No,One year,Yes,Bank transfer (automatic),65.98,1650.22,No
CUST-06303,Male,1,No,Yes,4,Yes,Yes,No,No internet service,No internet service,No internet service,No internet service,No internet service,No internet service,Month-to-month,No,Credit card (automatic),63.22,245.04,No
CUST-06304,Female,1,Yes,No,69,Yes,Yes,No,No internet service,No internet service,No internet service,No internet service,No internet service,No internet service,Month-to-month,Yes,Mailed check,19.66,1346.71,No
CUST-06305,Female,0,Yes,Yes,34,Yes,Yes,Fiber optic,No,No,Yes,Yes,Yes,Yes,Two year,No,Mailed check,30.42,1033.07,No
CUST-06306,Female,0,No,Yes,15,Yes,No,Fiber optic,No,No,Yes,Yes,Yes,No,Month-to-month,Yes,Electronic check,61.2,914.99,Yes
CUST-06307,Female,0,No,No,30,Yes,Yes,DSL,No,No,No,Yes,Yes,Yes,Month-to-month,Yes,Credit card (automatic),116.13,3481.05,No
CUST-06308,Female,0,Yes,Yes,13,Yes,No,Fiber optic,No,Yes,No,Yes,No,Yes,Two year,No,Credit card (automatic),43.01,552.81,No
CUST-06309,Female,0,No,No,24,Yes,No,Fiber optic,No,No,No,No,Yes,No,Month-to-month,No,Mailed check,19.03,462.26,No
CUST-06310,Female,0,No,Yes,70,Yes,No,DSL,No,No,Yes,No,Yes,No,Two year,Yes,Bank transfer (automatic),61.58,4305.44,No
CUST-06311,Male,0,No,No,17,Yes,No,DSL,No,Yes,Yes,No,No,No,Month-to-month,No,Electronic check,19.6,327.72,No
CUST-06312,Male,1,Yes,No,49,Yes,Yes,Fiber optic,Yes,Yes,Yes,No,Yes,Yes,One year,Yes,Bank transfer (automatic),51.62,2529.57,No
CUST-06313,Male,0,No,No,19,Yes,Yes,Fiber optic,Yes,No,No,Yes,Yes,No,Month-to-month,Yes,Credit card (automatic),53.41,1020.21,No
CUST-06314,Female,0,Yes,No,55,Yes,No,Fiber optic,Yes,Yes,Yes,Yes,Yes,No,Two year,No,Credit card (automatic),18.24,1007.44,No
CUST-06315,Female,0,No,No,1,Yes,No,No,No internet service,No internet service,No internet service,No internet service,No internet service,No internet service,Month-to-month,No,Mailed check,95.96,92.71,No
CUST-06316,Female,0,Yes,No,25,Yes,Yes,Fiber optic,No,No,Yes,No,Yes,No,Month-to-month,Yes,Mailed check,109.29,2731.19,No
CUST-06317,Male,0,No,No,22,Yes,Yes,DSL,Yes,No,No,No,No,Yes,Month-to-month,No,Mailed check,117.88,2601.56,No
CUST-06318,Female,1,No,No,31,Yes,No,No,No internet service,No internet service,No internet service,No internet service,No internet service,No internet service,Month-to-month,Yes,Credit card (automatic),68.88,2140.81,No
CUST-06319,Female,0,No,No,12,Yes,No,Fiber optic,Yes,Yes,No,No,Yes,No,Month-to-month,Yes,Bank transfer (automatic),48.66,588.3,No
CUST-06320,Male,0,Yes,No,12,Yes,No,DSL,No,No,No,Yes,No,No,Month-to-month,No,Credit card (automatic),89.75,1078.93,No
CUST-06321,Female,0,No,No,16,Yes,Yes,Fiber optic,No,No,Yes,Yes,Yes,No,Month-to-month,No,Electronic check,91.65,1466.9,Yes
CUST-06322,Male,0,No,No,57,Yes,Yes,DSL,No,Yes,No,Yes,Yes,No,One year,No,Credit card (automatic),55.92,3197.48,No
CUST-06323,Male,0,Yes,No,26,Yes,Yes,Fiber optic,No,Yes,Yes,Yes,Yes,Yes,Month-to-month,Yes,Credit card (automatic),74.56,1944.2,No
CUST-06324,Female,0,Yes,Yes,16,Yes,No,Fiber optic,No,No,Yes,No,No,No,Month-to-month,Yes,Bank transfer (automatic),100.18,1603.49,No
CUST-06325,Female,0,No,No,37,Yes,Yes,No,No internet service,No internet service,No internet service,No internet service,No internet service,No internet service,Month-to-month,No,Mailed check,36.92,1369.66,No
CUST-06326,Female,0,No,No,13,Yes,No,Fiber optic,No,Yes,No,Yes,Yes,No,Month-to-month,No,Electronic check,20.05,259.4,No
CUST-06327,Male,0,No,No,13,Yes,Yes,DSL,No,Yes,Yes,No,Yes,Yes,Two year,No,Bank transfer (automatic),71.97,927.59,No
CUST-06328,Male,0,No,No,11,Yes,No,DSL,No,No,Yes,Yes,No,Yes,Month-to-month,No,Electronic check,84.44,923.73,Yes
CUST-06329,Male,1,No,Yes,68,Yes,Yes,Fiber optic,No,No,Yes,No,Yes,No,Two year,Yes,Bank transfer (automatic),75.5,5131.7,No
CUST-06330,Female,0,Yes,No,67,Yes,No,DSL,Yes,No,No,Yes,No,No,Month-to-month,No,Mailed check,77.62,5197.91,No
CUST-06331,Female,0,No,No,54,Yes,No,Fiber optic,No,No,Yes,No,Yes,Yes,One year,Yes,Credit card (automatic),57.31,3091.12,No
CUST-06332,Female,0,Yes,No,62,Yes,No,Fiber optic,Yes,Yes,Yes,No,No,No,One year,Yes,Electronic check,83.15,5151.91,No
CUST-06333,Female,1,Yes,No,28,Yes,Yes,Fiber optic,Yes,Yes,Yes,Yes,Yes,No,Month-to-month,No,Bank transfer (automatic),22.28,630.37,Yes
CUST-06334,Male,1,No,No,44,Yes,Yes,No,No internet service,No internet service,No internet service,No internet service,No internet service,No internet service,Month-to-month,No,Electronic check,33.12,1466.44,Yes
CUST-06335,Male,0,Yes,No,3,Yes,No,Fiber optic,No,No,Yes,Yes,Yes,No,Month-to-month,No,Bank transfer (automatic),62.48,194.0,No
CUST-06336,Male,0,No,No,15,Yes,No,Fiber optic,Yes,Yes,Yes,Yes,Yes,Yes,Month-to-month,No,Credit card (automatic),112.3,1673.71,No
CUST-06337,Male,0,Yes,No,65,Yes,No,DSL,Yes,No,No,No,No,Yes,Month-to-month,No,Bank transfer (automatic),82.45,5364.64,No
CUST-06338,Female,0,Yes,No,22,Yes,No,No,No internet service,No internet service,No internet service,No internet service,No internet service,No internet service,Month-to-month,Yes,Credit card (automatic),53.53,1181.34,No
CUST-06339,Female,0,No,No,67,Yes,No,No,No internet service,No internet service,No internet service,No internet service,No internet service,No internet service,Month-to-month,Yes,Electronic check,63.8,4274.41,Yes
CUST-06340,Female,0,No,No,19,Yes,No,No,No internet service,No internet service,No internet service,No internet service,No internet service,No internet service,Two year,No,Bank transfer (automatic),102.56,1946.16,No
CUST-06341,Male,0,Yes,Yes,16,Yes,No,No,No internet service,No internet service,No internet service,No internet service,No internet service,No internet service,One year,Yes,Electronic check,72.25,1154.48,No
CUST-06342,Male,1,No,Yes,51,Yes,No,No,No internet service,No internet service,No internet service,No internet service,No internet service,No internet service,Month-to-month,No,Credit card (automatic),22.79,1167.24,No
CUST-06343,Female,0,No,Yes,5,Yes,No,Fiber optic,No,Yes,No,No,Yes,Yes,Month-to-month,Yes,Mailed check,59.69,300.38,No
CUST-06344,Female,0,Yes,No,38,Yes,Yes,Fiber optic,No,No,Yes,Yes,Yes,Yes,Two year,Yes,Bank transfer (automatic),56.8,2164.5,No
CUST-06345,Male,0,Yes,No,33,Yes,No,DSL,No,No,No,No,No,Yes,One year,Yes,Bank transfer (automatic),107.99,3567.74,No
CUST-06346,Female,0,Yes,No,53,Yes,No,Fiber optic,No,Yes,No,Yes,No,Yes,Two year,No,Mailed check,48.54,2579.82,No
CUST-06347,Male,0,No,No,64,Yes,No,Fiber optic,Yes,Yes,No,Yes,No,No,Month-to-month,No,Electronic check,24.47,1569.25,Yes
CUST-06348,Male,0,No,No,28,Yes,No,No,No internet service,No internet service,No internet service,No internet service,No internet service,No internet service,Month-to-month,No,Bank transfer (automatic),53.48,1491.75,Yes
CUST-06349,Male,0,No,No,40,Yes,Yes,Fiber optic,Yes,Yes,Yes,Yes,No,Yes,Month-to-month,No,Electronic check,22.39,887.6,Yes
CUST-06350,Female,0,Yes,Yes,62,Yes,No,No,No internet service,No internet service,No internet service,No internet service,No internet service,No internet service,Month-to-month,No,Credit card (automatic),101.23,6279.49,No
CUST-06351,Female,0,No,No,31,Yes,No,Fiber optic,No,Yes,No,Yes,Yes,Yes,Month-to-month,Yes,Electronic check,77.02,2390.62,Yes
CUST-06352,Male,0,Yes,Yes,65,Yes,No,DSL,No,Yes,Yes,Yes,Yes,No,Month-to-month,Yes,Credit card (automatic),64.94,4218.01,No
CUST-06353,Female,0,Yes,Yes,44,Yes,No,DSL,Yes,No,No,Yes,No,Yes,One year,Yes,Bank transfer (automatic),53.98,2376.36,No
CUST-06354,Male,0,Yes,Yes,16,Yes,No,No,No internet service,No internet service,No internet service,No internet service,No internet service,No internet service,Month-to-month,No,Credit card (automatic),59.77,954.05,No
CUST-06355,Male,0,Yes,Yes,42,Yes,Yes,Fiber optic,No,Yes,No,No,No,Yes,Two year,No,Bank transfer (automatic),96.78,4062.29,No
CUST-06356,Male,0,Yes,Yes,65,Yes,No,DSL,Yes,No,Yes,Yes,Yes,No,Month-to-month,No,Credit card (automatic),36.0,2332.83,No
CUST-06357,Male,0,Yes,No,67,Yes,No,Fiber optic,No,No,Yes,No,Yes,No,Month-to-month,No,Mailed check,25.14,1684.6,No
CUST-06358,Female,0,Yes,Yes,33,No,No phone service,DSL,No,No,No,Yes,Yes,Yes,Month-to-month,No,Electronic check,74.17,2445.03,No
CUST-06359,Male,0,No,No,0,Yes,Yes,No,No internet service,No internet service,No internet service,No internet service,No internet service,No internet service,Month-to-month,Yes,Credit card (automatic),103.89,1.89,Yes
CUST-06360,Male,0,Yes,Yes,22,No,No phone service,DSL,Yes,Yes,Yes,Yes,No,Yes,Month-to-month,Yes,Mailed check,74.22,1624.07,No
CUST-06361,Female,1,No,Yes,5,Yes,Yes,Fiber optic,Yes,No,Yes,No,Yes,No,Two year,Yes,Mailed check,97.62,491.11,Yes
CUST-06362,Male,0,No,No,15,Yes,Yes,Fiber optic,Yes,No,No,No,No,Yes,One year,Yes,Mailed check,107.28,1606.62,No
CUST-06363,Male,0,No,No,1,Yes,No,No,No internet service,No internet service,No internet service,No internet service,No internet service,No internet service,Month-to-month,Yes,Electronic check,25.69,20.36,No
CUST-06364,Female,0,No,No,26,Yes,No,No,No internet service,No internet service,No internet service,No internet service,No internet service,No internet service,Month-to-month,Yes,Credit card (automatic),76.92,1997.72,Yes
CUST-06365,Female,0,No,No,18,Yes,Yes,DSL,Yes,Yes,No,No,No,Yes,Month-to-month,Yes,Electronic check,101.28,1815.05,No
CUST-06366,Female,0,Yes,No,27,Yes,Yes,No,No internet service,No internet service,No internet service,No internet service,No internet service,No internet service,One year,No,Credit card (automatic),82.35,2222.0,No
CUST-06367,Male,0,No,No,34,Yes,No,Fiber optic,Yes,Yes,Yes,Yes,Yes,Yes,Two year,No,Mailed check,77.15,2623.72,No
CUST-06368,Female,0,No,No,67,Yes,Yes,DSL,Yes,Yes,No,Yes,No,Yes,One year,Yes,Mailed check,96.81,6486.63,No
CUST-06369,Female,0,No,No,48,Yes,No,Fiber optic,No,Yes,Yes,No,Yes,No,One year,No,Mailed check,88.73,4261.34,No
CUST-06370,Male,1,Yes,Yes,6,Yes,Yes,No,No internet service,No internet service,No internet service,No internet service,No internet service,No internet service,Month-to-month,No,Electronic check,68.16,406.12,No
CUST-06371,Male,0,No,No,36,Yes,Yes,Fiber optic,Yes,No,Yes,Yes,No,No,Two year,Yes,Mailed check,22.4,810.3,No
CUST-06372,Male,0,No,No,24,Yes,Yes,No,No internet service,No internet service,No internet service,No internet service,No internet service,No internet service,One year,Yes,Bank transfer (automatic),79.33,1905.25,No
CUST-06373,Male,0,No,No,40,Yes,Yes,Fiber optic,Yes,Yes,Yes,Yes,Yes,Yes,Two year,Yes,Bank transfer (automatic),39.32,1576.88,No
CUST-06374,Male,1,No,No,61,Yes,Yes,Fiber optic,Yes,Yes,Yes,No,Yes,Yes,One year,Yes,Mailed check,43.41,2656.31,No
CUST-06375,Female,0,Yes,Yes,40,Yes,Yes,DSL,No,No,No,No,No,Yes,One year,Yes,Electronic check,85.95,3430.24,No
CUST-06376,Female,0,No,No,13,Yes,No,No,No internet service,No internet service,No internet service,No internet service,No internet service,No internet service,One year,Yes,Mailed check,63.31,821.12,No
CUST-06377,Female,1,Yes,Yes,53,Yes,No,Fiber optic,Yes,Yes,Yes,No,Yes,Yes,Month-to-month,Yes,Credit card (automatic),89.68,4749.23,No
CUST-06378,Male,0,Yes,No,1,Yes,No,Fiber optic,Yes,Yes,Yes,Yes,No,No,Month-to-month,Yes,Bank transfer (automatic),57.26,67.95,No
CUST-06379,Male,0,No,Yes,47,Yes,No,Fiber optic,Yes,No,No,No,Yes,Yes,Month-to-month,No,Credit card (automatic),105.0,4937.99,No
CUST-06380,Male,0,No,Yes,50,Yes,Yes,Fiber optic,Yes,No,No,No,Yes,Yes,Two year,Yes,Mailed check,60.71,3036.94,No
CUST-06381,Female,0,Yes,No,54,Yes,No,Fiber optic,Yes,Yes,No,No,No,No,One year,Yes,Mailed check,67.38,3644.5,No
CUST-06382,Female,1,No,No,11,Yes,Yes,Fiber optic,No,Yes,Yes,Yes,Yes,Yes,Two year,Yes,Credit card (automatic),30.63,336.99,No
CUST-06383,Male,0,No,Yes,68,Yes,Yes,Fiber optic,No,Yes,No,No,No,Yes,Month-to-month,Yes,Bank transfer (automatic),68.36,4650.81,No
CUST-06384,Female,1,No,No,0,Yes,Yes,DSL,Yes,Yes,No,Yes,Yes,Yes,Month-to-month,Yes,Electronic check,41.98,0.0,No
CUST-06385,Male,1,Yes,Yes,58,Yes,No,Fiber optic,Yes,Yes,No,Yes,No,No,One year,No,Bank transfer (automatic),94.3,5462.58,No
CUST-06386,Female,0,Yes,Yes,33,Yes,Yes,Fiber optic,Yes,No,Yes,Yes,Yes,No,Month-to-month,No,Mailed check,89.4,2954.69,Yes
CUST-06387,Female,0,No,Yes,45,Yes,Yes,Fiber optic,No,Yes,Yes,Yes,No,Yes,Month-to-month,Yes,Credit card (automatic),19.58,876.3,Yes
CUST-06388,Female,0,No,No,58,Yes,Yes,Fiber optic,Yes,No,No,No,No,No,One year,No,Electronic check,67.38,3911.78,No
CUST-06389,Male,0,Yes,No,65,Yes,Yes,DSL,No,Yes,No,Yes,No,No,One year,Yes,Electronic check,22.54,1470.52,No
CUST-06390,Female,0,Yes,No,18,Yes,No,DSL,Yes,Yes,Yes,Yes,Yes,Yes,Month-to-month,No,Electronic check,74.93,1337.52,No
CUST-06391,Female,0,Yes,No,27,Yes,Yes,Fiber optic,No,Yes,Yes,No,No,No,Month-to-month,Yes,Bank transfer (automatic),108.16,2925.54,Yes
CUST-06392,Male,0,Yes,Yes,39,Yes,No,Fiber optic,Yes,Yes,Yes,No,No,Yes,One year,No,Electronic check,104.72,4085.35,No
CUST-06393,Female,0,Yes,No,56,Yes,Yes,DSL,No,Yes,No,No,Yes,No,One year,Yes,Credit card (automatic),42.38,2368.43,No
CUST-06394,Male,0,Yes,No,50,Yes,No,Fiber optic,Yes,Yes,No,No,Yes,Yes,Month-to-month,No,Electronic check,32.01,1591.8,No
CUST-06395,Male,1,Yes,Yes,21,Yes,No,DSL,No,No,Yes,Yes,No,No,Month-to-month,No,Bank transfer (automatic),97.11,2038.96,No
CUST-06396,Male,0,No,No,67,Yes,No,DSL,Yes,Yes,No,Yes,Yes,No,Month-to-month,Yes,Electronic check,72.62,4864.65,No
CUST-06397,Male,1,Yes,No,7,Yes,No,DSL,Yes,Yes,Yes,Yes,No,Yes,Month-to-month,No,Credit card (automatic),60.38,428.12,No
CUST-06398,Male,0,Yes,No,59,Yes,No,DSL,Yes,Yes,Yes,No,No,Yes,Month-to-month,Yes,Credit card (automatic),99.05,5844.27,No
CUST-06399,Female,0,No,No,64,Yes,No,DSL,Yes,Yes,Yes,No,No,No,One year,Yes,Bank transfer (automatic),43.25,2762.56,No
CUST-06400,Male,0,No,No,35,Yes,No,Fiber optic,No,Yes,No,Yes,No,Yes,One year,Yes,Bank transfer (automatic),40.46,1408.33,No
CUST-06401,Male,0,No,No,70,Yes,Yes,Fiber optic,Yes,Yes,No,No,No,Yes,Two year,Yes,Credit card (automatic),79.19,5544.03,No
CUST-06402,Male,0,Yes,No,28,Yes,Yes,Fiber optic,No,Yes,No,Yes,Yes,Yes,Two year,Yes,Credit card (automatic),45.26,1267.3,No
CUST-06403,Male,0,Yes,Yes,64,Yes,No,Fiber optic,No,No,Yes,No,No,Yes,Two year,Yes,Credit card (automatic),60.68,3890.12,Yes
CUST-06404,Female,0,No,No,55,Yes,No,Fiber optic,No,No,Yes,No,Yes,Yes,Month-to-month,No,Credit card (automatic),63.48,3488.94,No
CUST-06405,Male,0,No,Yes,3,Yes,No,Fiber optic,Yes,No,No,No,No,No,Month-to-month,No,Bank transfer (automatic),38.5,117.59,No
CUST-06406,Female,0,No,Yes,71,Yes,Yes,Fiber optic,Yes,No,Yes,Yes,No,No,Month-to-month,No,Mailed check,24.17,1715.41,No
CUST-06407,Male,0,Yes,No,49,Yes,Yes,No,No internet service,No internet service,No internet service,No internet service,No internet service,No internet service,Month-to-month,No,Mailed check,94.67,4625.32,No
CUST-06408,Female,0,No,No,38,Yes,Yes,No,No internet service,No internet service,No internet service,No internet service,No internet service,No internet service,Month-to-month,Yes,Electronic check,96.36,3665.26,No
CUST-06409,Male,0,Yes,No,34,Yes,No,No,No internet service,No internet service,No internet service,No internet service,No internet service,No internet service,Month-to-month,No,Credit card (automatic),77.84,2644.43,No
CUST-06410,Male,1,Yes,No,24,Yes,No,Fiber optic,No,No,No,Yes,No,Yes,Month-to-month,No,Electronic check,32.86,791.94,Yes
CUST-06411,Female,1,Yes,Yes,43,No,No phone service,No,No internet service,No internet service,No internet service,No internet service,No internet service,No internet service,One year,No,Bank transfer (automatic),65.62,2822.51,No
CUST-06412,Male,1,Yes,No,46,Yes,Yes,DSL,No,No,No,No,Yes,Yes,Month-to-month,Yes,Electronic check,35.79,1641.4,No
CUST-06413,Female,0,No,Yes,39,Yes,No,Fiber optic,No,No,Yes,No,Yes,No,One year,No,Electronic check,106.13,4138.2,No
CUST-06414,Male,0,No,No,30,Yes,No,Fiber optic,Yes,No,No,Yes,No,No,Two year,No,Electronic check,87.73,2631.74,Yes
CUST-06415,Female,0,No,No,68,Yes,No,DSL,No,No,No,No,Yes,No,One year,No,Electronic check,21.14,1438.44,Yes
CUST-06416,Male,0,Yes,Yes,42,Yes,Yes,DSL,Yes,Yes,Yes,Yes,Yes,Yes,Month-to-month,Yes,Mailed check,18.17,765.7,No
CUST-06417,Male,0,No,No,54,Yes,No,Fiber optic,No,No,No,No,No,Yes,One year,Yes,Mailed check,116.38,6284.67,No
CUST-06418,Female,0,Yes,No,15,Yes,No,DSL,Yes,Yes,No,No,No,No,Month-to-month,Yes,Credit card (automatic),21.98,338.43,No
CUST-06419,Male,0,Yes,No,67,No,No phone service,DSL,No,No,Yes,No,No,Yes,One year,No,Credit card (automatic),104.59,7011.73,No
CUST-06420,Male,0,Yes,No,68,Yes,Yes,DSL,Yes,No,Yes,Yes,No,No,Month-to-month,Yes,Electronic check,113.58,7728.42,No
CUST-06421,Male,0,No,Yes,41,Yes,Yes,Fiber optic,Yes,Yes,No,Yes,No,No,Month-to-month,No,Credit card (automatic),48.81,2005.33,No
CUST-06422,Male,0,Yes,Yes,40,No,No phone service,DSL,Yes,Yes,No,No,No,No,Month-to-month,Yes,Electronic check,72.01,2880.78,No
CUST-06423,Male,0,Yes,Yes,49,Yes,No,Fiber optic,No,Yes,Yes,Yes,Yes,No,One year,Yes,Electronic check,82.74,4057.92,No
CUST-06424,Male,0,No,Yes,5,Yes,No,No,No internet service,No internet service,No internet service,No internet service,No internet service,No internet service,Month-to-month,Yes,Bank transfer (automatic),70.04,356.44,No
CUST-06425,Female,0,No,No,52,Yes,No,Fiber optic,No,Yes,Yes,No,Yes,No,Month-to-month,Yes,Mailed check,39.35,2046.83,Yes
CUST-06426,Female,1,No,No,16,Yes,Yes,DSL,Yes,Yes,Yes,No,No,Yes,One year,Yes,Electronic check,76.12,1223.17,No
CUST-06427,Female,0,Yes,No,56,Yes,Yes,DSL,Yes,Yes,No,Yes,Yes,Yes,Two year,No,Bank transfer (automatic),43.87,2450.21,No
CUST-06428,Male,0,Yes,No,66,Yes,Yes,Fiber optic,Yes,Yes,No,Yes,Yes,No,Month-to-month,No,Mailed check,34.5,2282.5,No
CUST-06429,Female,1,No,No,15,Yes,Yes,No,No internet service,No internet service,No internet service,No internet service,No internet service,No internet service,Two year,Yes,Credit card (automatic),68.55,1024.4,No
CUST-06430,Male,0,Yes,No,51,Yes,No,DSL,No,Yes,Yes,No,No,Yes,Month-to-month,Yes,Credit card (automatic),55.2,2808.68,No
CUST-06431,Male,0,Yes,No,33,Yes,No,Fiber optic,No,Yes,No,No,No,No,One year,Yes,Mailed check,20.74,683.02,No
CUST-06432,Male,0,No,No,19,Yes,Yes,Fiber optic,No,No,Yes,No,No,No,One year,No,Mailed check,112.97,2147.47,No
CUST-06433,Male,0,No,No,55,Yes,No,No,No internet service,No internet service,No internet service,No internet service,No internet service,No internet service,Month-to-month,No,Electronic check,21.96,1209.47,No
CUST-06434,Female,0,No,Yes,50,Yes,No,Fiber optic,No,No,Yes,Yes,No,Yes,One year,No,Credit card (automatic),108.3,5421.45,No
CUST-06435,Male,0,No,No,52,No,No phone service,Fiber optic,No,Yes,Yes,Yes,Yes,No,Two year,Yes,Mailed check,36.97,1919.65,No
CUST-06436,Female,0,No,Yes,48,Yes,No,Fiber optic,No,No,Yes,Yes,Yes,Yes,One year,Yes,Electronic check,32.19,1553.34,No
CUST-06437,Male,0,No,No,3,No,No phone service,DSL,No,Yes,Yes,Yes,Yes,No,Month-to-month,Yes,Electronic check,24.92,82.99,No
CUST-06438,Female,1,No,No,17,Yes,No,DSL,Yes,Yes,Yes,Yes,No,Yes,Month-to-month,Yes,Mailed check,60.57,1030.82,No
CUST-06439,Female,0,No,Yes,35,Yes,Yes,DSL,Yes,No,Yes,No,Yes,No,Month-to-month,Yes,Electronic check,76.69,2680.01,No
CUST-06440,Female,0,Yes,No,34,Yes,Yes,Fiber optic,No,No,No,No,Yes,Yes,Month-to-month,No,Bank transfer (automatic),108.37,3697.03,No
CUST-06441,Female,1,Yes,No,29,No,No phone service,Fiber optic,No,No,Yes,No,Yes,Yes,Month-to-month,No,Bank transfer (automatic),96.37,2803.35,No
CUST-06442,Female,0,Yes,No,62,Yes,Yes,DSL,Yes,Yes,Yes,No,No,Yes,Month-to-month,Yes,Bank transfer (automatic),33.96,2106.47,No
CUST-06443,Female,0,Yes,No,20,Yes,No,DSL,No,No,No,Yes,Yes,Yes,Two year,Yes,Credit card (automatic),34.77,688.59,No
CUST-06444,Male,0,Yes,Yes,51,Yes,Yes,DSL,Yes,Yes,No,Yes,Yes,Yes,One year,No,Mailed check,18.82,962.92,No
CUST-06445,Female,0,Yes,No,68,Yes,No,DSL,Yes,Yes,Yes,Yes,No,No,Month-to-month,Yes,Bank transfer (automatic),86.78,5898.09,No
CUST-06446,Male,0,Yes,No,40,No,No phone service,DSL,Yes,Yes,Yes,No,Yes,Yes,One year,No,Credit card (automatic),19.75,794.37,No
CUST-06447,Female,0,Yes,Yes,53,Yes,Yes,DSL,Yes,Yes,Yes,Yes,Yes,No,Month-to-month,Yes,Mailed check,31.85,1689.2,No
CUST-06448,Male,0,Yes,No,29,No,No phone service,DSL,No,Yes,No,No,Yes,Yes,Month-to-month,Yes,Electronic check,81.45,2354.07,No
CUST-06449,Female,0,Yes,No,55,Yes,Yes,Fiber optic,No,Yes,Yes,No,No,No,Month-to-month,Yes,Electronic check,33.03,1810.75,No
CUST-06450,Female,0,Yes,Yes,40,Yes,Yes,Fiber optic,No,Yes,Yes,Yes,Yes,Yes,Two year,No,Mailed check,33.32,1328.99,No
CUST-06451,Male,1,No,No,13,Yes,No,DSL,No,No,Yes,No,No,Yes,Two year,No,Mailed check,41.4,546.4,No
CUST-06452,Female,0,Yes,Yes,20,Yes,No,DSL,No,Yes,Yes,Yes,No,No,Month-to-month,Yes,Electronic check,56.53,1127.35,No
CUST-06453,Female,1,No,No,24,Yes,No,No,No internet service,No internet service,No internet service,No internet service,No internet service,No internet service,Month-to-month,Yes,Mailed check,18.79,439.59,No
CUST-06454,Female,0,Yes,No,49,Yes,Yes,DSL,No,Yes,No,No,No,Yes,Month-to-month,Yes,Credit card (automatic),92.61,4536.88,Yes
CUST-06455,Male,0,No,Yes,52,Yes,Yes,DSL,Yes,No,Yes,No,Yes,Yes,Two year,No,Mailed check,95.38,4958.45,No
CUST-06456,Female,0,Yes,No,47,Yes,Yes,DSL,Yes,No,No,No,No,No,Month-to-month,Yes,Electronic check,54.67,2577.44,Yes
CUST-06457,Male,0,No,Yes,69,Yes,Yes,Fiber optic,Yes,No,Yes,Yes,Yes,Yes,Month-to-month,Yes,Credit card (automatic),97.81,6756.46,No
CUST-06458,Female,0,Yes,No,47,Yes,No,DSL,No,Yes,Yes,Yes,No,No,One year,Yes,Credit card (automatic),46.48,2178.02,No
CUST-06459,Female,0,No,No,3,Yes,Yes,No,No internet service,No internet service,No internet service,No internet service,No internet service,No internet service,Month-to-month,Yes,Bank transfer (automatic),116.57,351.68,Yes
CUST-06460,Male,0,Yes,No,23,Yes,No,DSL,No,No,Yes,Yes,Yes,Yes,Month-to-month,Yes,Electronic check,57.77,1332.67,Yes
CUST-06461,Female,0,No,Yes,30,Yes,No,DSL,No,Yes,No,No,No,Yes,One year,No,Electronic check,84.88,2545.79,No
CUST-06462,Female,1,Yes,No,28,No,No phone service,Fiber optic,No,No,No,No,No,Yes,Two year,No,Credit card (automatic),50.24,1407.6,No
CUST-06463,Male,0,No,No,4,Yes,Yes,DSL,Yes,No,Yes,No,Yes,Yes,Month-to-month,Yes,Mailed check,63.08,257.85,No
CUST-06464,Female,0,No,No,66,Yes,Yes,Fiber optic,Yes,Yes,No,Yes,Yes,Yes,One year,No,Mailed check,82.51,5447.12,No
CUST-06465,Male,0,No,No,52,Yes,No,Fiber optic,No,No,No,Yes,No,No,Two year,Yes,Electronic check,52.75,2746.35,No
CUST-06466,Male,0,No,Yes,63,Yes,Yes,DSL,Yes,Yes,No,Yes,No,No,Month-to-month,No,Electronic check,83.66,5277.61,Yes
CUST-06467,Male,0,No,No,34,Yes,Yes,No,No internet service,No internet service,No internet service,No internet service,No internet service,No internet service,Two year,No,Bank transfer (automatic),32.6,1106.17,No
CUST-06468,Female,0,No,No,11,Yes,Yes,Fiber optic,Yes,Yes,Yes,No,Yes,Yes,Month-to-month,No,Electronic check,66.38,734.16,No
CUST-06469,Male,0,No,No,46,Yes,No,DSL,Yes,No,Yes,Yes,No,No,Month-to-month,Yes,Credit card (automatic),45.29,2081.12,Yes
CUST-06470,Male,1,No,No,54,Yes,No,Fiber optic,No,No,No,No,Yes,Yes,One year,No,Electronic check,110.0,5945.37,Yes
CUST-06471,Female,0,Yes,No,68,Yes,No,DSL,No,Yes,No,Yes,No,No,Two year,No,Credit card (automatic),100.47,6828.85,No
CUST-06472,Male,1,Yes,Yes,37,Yes,No,Fiber optic,Yes,No,No,Yes,Yes,No,Month-to-month,No,Credit card (automatic),66.74,2471.55,Yes
CUST-06473,Female,0,Yes,Yes,28,No,No phone service,Fiber optic,No,No,No,No,Yes,No,Month-to-month,Yes,Credit card (automatic),63.38,1773.5,No
CUST-06474,Female,0,No,Yes,11,No,No phone service,No,No internet service,No internet service,No internet service,No internet service,No internet service,No internet service,One year,No,Electronic check,101.4,1118.34,No
CUST-06475,Female,0,No,Yes,18,Yes,Yes,Fiber optic,No,Yes,No,Yes,No,Yes,Two year,No,Bank transfer (automatic),87.05,1562.68,Yes
CUST-06476,Female,0,Yes,No,8,Yes,No,No,No internet service,No internet service,No internet service,No internet service,No internet service,No internet service,One year,Yes,Credit card (automatic),86.33,689.25,No
CUST-06477,Male,0,Yes,No,28,Yes,No,DSL,No,Yes,Yes,No,Yes,Yes,Month-to-month,Yes,Credit card (automatic),72.83,2038.98,No
CUST-06478,Male,0,No,No,2,Yes,No,DSL,No,No,Yes,Yes,No,No,One year,No,Electronic check,104.24,203.11,No
CUST-06479,Male,0,No,No,29,Yes,No,No,No internet service,No internet service,No internet service,No internet service,No internet service,No internet service,Month-to-month,No,Credit card (automatic),36.95,1068.51,No
CUST-06480,Male,0,Yes,No,57,Yes,Yes,DSL,No,No,Yes,No,No,Yes,Month-to-month,No,Bank transfer (automatic),104.19,5930.63,No
CUST-06481,Male,1,No,No,52,Yes,No,No,No internet service,No internet service,No internet service,No internet service,No internet service,No internet service,Two year,Yes,Bank transfer (automatic),70.07,3645.53,No
CUST-06482,Female,0,Yes,No,3,Yes,Yes,DSL,Yes,No,No,Yes,Yes,Yes,Month-to-month,No,Credit card (automatic),80.13,244.36,No
CUST-06483,Male,1,No,No,56,Yes,No,DSL,Yes,Yes,No,Yes,No,Yes,Month-to-month,Yes,Electronic check,114.24,6390.48,No
CUST-06484,Male,0,Yes,No,53,No,No phone service,Fiber optic,Yes,No,No,No,No,No,One year,Yes,Credit card (automatic),60.45,3197.99,No
CUST-06485,Male,1,Yes,Yes,27,Yes,Yes,Fiber optic,No,Yes,Yes,Yes,Yes,Yes,Two year,Yes,Bank transfer (automatic),84.8,2284.81,No
CUST-06486,Female,0,No,Yes,15,Yes,Yes,No,No internet service,No internet service,No internet service,No internet service,No internet service,No internet service,Two year,Yes,Mailed check,70.21,1046.78,No
CUST-06487,Female,0,Yes,No,12,Yes,No,No,No internet service,No internet service,No internet service,No internet service,No internet service,No internet service,Month-to-month,Yes,Bank transfer (automatic),111.16,1335.92,No
CUST-06488,Male,0,No,No,71,Yes,No,Fiber optic,No,No,No,Yes,Yes,Yes,Month-to-month,Yes,Mailed check,66.76,4736.5,No
CUST-06489,Female,0,No,No,55,No,No phone service,Fiber optic,No,No,Yes,No,No,Yes,Two year,No,Mailed check,43.61,2399.8,No
CUST-06490,Male,0,No,No,52,Yes,No,Fiber optic,Yes,Yes,Yes,No,No,Yes,Two year,Yes,Mailed check,66.27,3442.3,No
CUST-06491,Male,0,No,No,47,Yes,Yes,Fiber optic,No,No,No,Yes,Yes,Yes,Month-to-month,Yes,Credit card (automatic),109.68,5153.26,No
CUST-06492,Female,0,No,No,24,Yes,No,No,No internet service,No internet service,No internet service,No internet service,No internet service,No internet service,Month-to-month,Yes,Electronic check,68.07,1638.87,No
CUST-06493,Female,0,Yes,No,65,Yes,No,Fiber optic,No,Yes,No,No,No,No,Month-to-month,Yes,Electronic check,32.61,2113.87,No
CUST-06494,Male,0,No,No,29,Yes,No,DSL,No,Yes,Yes,No,No,No,Two year,Yes,Credit card (automatic),72.16,2089.83,No
CUST-06495,Male,0,No,Yes,2,Yes,No,Fiber optic,Yes,No,No,Yes,Yes,Yes,One year,Yes,Bank transfer (automatic),56.76,115.61,No
CUST-06496,Female,0,Yes,No,22,No,No phone service,Fiber optic,No,Yes,No,No,No,No,Two year,Yes,Credit card (automatic),82.98,1823.97,No
CUST-06497,Male,1,No,Yes,28,Yes,Yes,Fiber optic,No,Yes,Yes,Yes,No,Yes,Month-to-month,Yes,Electronic check,42.14,1180.86,Yes
CUST-06498,Female,0,Yes,No,40,Yes,Yes,Fiber optic,No,Yes,Yes,No,No,Yes,One year,No,Bank transfer (automatic),50.23,2009.21,No
CUST-06499,Male,0,No,No,10,Yes,Yes,No,No internet service,No internet service,No internet service,No internet service,No internet service,No internet service,One year,Yes,Electronic check,69.66,689.07,No
CUST-06500,Female,1,Yes,No,20,Yes,No,DSL,Yes,Yes,Yes,No,No,No,Month-to-month,Yes,Credit card (automatic),29.83,603.6,No
CUST-06501,Male,0,No,No,23,Yes,No,Fiber optic,No,No,No,No,No,No,One year,Yes,Credit card (automatic),39.05,897.65,No
CUST-06502,Male,0,No,No,64,No,No phone service,No,No internet service,No internet service,No internet service,No internet service,No internet service,No internet service,Two year,Yes,Credit card (automatic),98.13,6288.29,No
CUST-06503,Female,0,No,No,0,Yes,No,No,No internet service,No internet service,No internet service,No internet service,No internet service,No internet service,Two year,No,Credit card (automatic),111.92,1.69,No
CUST-06504,Male,0,No,No,53,Yes,Yes,DSL,No,No,No,Yes,Yes,No,Month-to-month,Yes,Bank transfer (automatic),114.95,6098.93,No
CUST-06505,Male,0,No,No,71,Yes,Yes,Fiber optic,Yes,No,Yes,No,Yes,No,Month-to-month,Yes,Electronic check,111.73,7937.94,No
CUST-06506,Female,0,Yes,No,33,Yes,Yes,Fiber optic,Yes,Yes,No,No,No,No,Month-to-month,Yes,Bank transfer (automatic),112.2,3708.74,No
CUST-06507,Male,0,Yes,No,67,Yes,Yes,No,No internet service,No internet service,No internet service,No internet service,No internet service,No internet service,Month-to-month,Yes,Credit card (automatic),100.11,6706.26,No
CUST-06508,Male,0,No,Yes,28,Yes,Yes,Fiber optic,Yes,No,Yes,No,No,Yes,Month-to-month,Yes,Mailed check,91.56,2572.62,No
CUST-06509,Male,0,Yes,Yes,2,Yes,No,Fiber optic,Yes,Yes,Yes,No,No,No,Two year,Yes,Bank transfer (automatic),41.18,80.0,No
CUST-06510,Female,1,No,No,10,Yes,No,No,No internet service,No internet service,No internet service,No internet service,No internet service,No internet service,Two year,Yes,Mailed check,62.17,623.51,No
CUST-06511,Female,0,No,No,7,Yes,No,No,No internet service,No internet service,No internet service,No internet service,No internet service,No internet service,One year,Yes,Mailed check,57.8,408.92,No
CUST-06512,Female,1,No,No,61,Yes,No,Fiber optic,Yes,Yes,Yes,Yes,Yes,Yes,Two year,No,Bank transfer (automatic),91.03,5568.69,No
CUST-06513,Male,1,Yes,No,32,Yes,Yes,Fiber optic,Yes,No,Yes,No,Yes,No,One year,Yes,Mailed check,65.54,2102.75,No
CUST-06514,Male,0,No,No,7,Yes,Yes,Fiber optic,Yes,No,Yes,Yes,No,Yes,Two year,No,Electronic check,54.02,375.51,No
CUST-06515,Male,0,Yes,No,24,Yes,Yes,Fiber optic,Yes,No,Yes,Yes,Yes,Yes,Month-to-month,No,Bank transfer (automatic),99.41,2387.19,No
CUST-06516,Male,0,No,No,25,Yes,Yes,Fiber optic,No,No,No,Yes,No,Yes,Month-to-month,Yes,Electronic check,92.99,2318.02,Yes
CUST-06517,Female,1,No,No,25,Yes,No,Fiber optic,No,Yes,No,Yes,No,No,Month-to-month,No,Credit card (automatic),54.88,1379.35,Yes
CUST-06518,Male,0,Yes,No,16,Yes,Yes,DSL,No,No,Yes,No,No,Yes,Two year,Yes,Electronic check,59.93,943.25,No
CUST-06519,Male,1,No,No,28,Yes,Yes,No,No internet service,No internet service,No internet service,No internet service,No internet service,No internet service,Month-to-month,Yes,Credit card (automatic),107.32,3004.1,No
CUST-06520,Male,0,Yes,Yes,42,Yes,Yes,No,No internet service,No internet service,No internet service,No internet service,No internet service,No internet service,One year,No,Credit card (automatic),91.27,3844.32,No
CUST-06521,Female,0,No,Yes,4,No,No phone service,No,No internet service,No internet service,No internet service,No internet service,No internet service,No internet service,One year,No,Bank transfer (automatic),87.0,351.8,No
CUST-06522,Male,0,No,No,49,Yes,Yes,Fiber optic,Yes,No,No,No,No,No,Two year,No,Credit card (automatic),89.17,4371.78,No
CUST-06523,Male,0,No,No,55,Yes,Yes,Fiber optic,Yes,No,No,No,No,No,Month-to-month,Yes,Electronic check,28.23,1546.69,Yes
CUST-06524,Male,0,Yes,No,62,Yes,Yes,Fiber optic,No,No,Yes,No,Yes,No,Month-to-month,Yes,Credit card (automatic),74.35,4616.35,No
CUST-06525,Male,0,No,No,56,Yes,No,DSL,No,No,No,Yes,Yes,No,Month-to-month,Yes,Bank transfer (automatic),47.1,2633.03,No
CUST-06526,Male,0,Yes,No,44,Yes,No,Fiber optic,No,Yes,No,No,No,No,Month-to-month,Yes,Credit card (automatic),26.48,1160.59,No
CUST-06527,Female,0,No,No,36,Yes,Yes,No,No internet service,No internet service,No internet service,No internet service,No internet service,No internet service,Month-to-month,Yes,Credit card (automatic),91.11,3286.61,No
CUST-06528,Male,1,No,No,71,Yes,No,DSL,Yes,Yes,No,No,No,Yes,Month-to-month,Yes,Bank transfer (automatic),48.43,3433.79,No
CUST-06529,Male,1,Yes,Yes,35,Yes,No,Fiber optic,Yes,Yes,No,No,Yes,No,Month-to-month,Yes,Electronic check,49.01,1708.03,No
CUST-06530,Male,0,No,Yes,32,Yes,Yes,DSL,Yes,Yes,No,No,No,No,Two year,No,Bank transfer (automatic),81.99,2618.86,No
CUST-06531,Male,0,No,No,5,Yes,No,No,No internet service,No internet service,No internet service,No internet service,No internet service,No internet service,One year,Yes,Bank transfer (automatic),84.63,424.1,Yes
CUST-06532,Male,0,Yes,No,70,Yes,No,Fiber optic,No,No,No,No,Yes,No,One year,Yes,Bank transfer (automatic),65.41,4576.19,No
CUST-06533,Male,0,Yes,No,44,Yes,Yes,Fiber optic,No,No,Yes,No,No,Yes,One year,No,Credit card (automatic),73.65,3249.68,No
CUST-06534,Male,0,Yes,No,6,Yes,Yes,Fiber optic,No,No,Yes,No,No,Yes,Month-to-month,Yes,Electronic check,102.89,617.51,Yes
CUST-06535,Male,0,No,No,64,Yes,No,Fiber optic,Yes,No,No,No,No,No,One year,No,Credit card (automatic),28.71,1831.24,No
CUST-06536,Male,0,Yes,No,23,Yes,Yes,Fiber optic,Yes,Yes,No,Yes,Yes,No,Month-to-month,Yes,Credit card (automatic),24.54,555.08,No
CUST-06537,Male,1,Yes,No,44,Yes,No,DSL,Yes,No,Yes,No,Yes,Yes,Two year,Yes,Bank transfer (automatic),83.62,3683.78,No
CUST-06538,Female,0,No,No,60,Yes,Yes,Fiber optic,Yes,Yes,Yes,No,No,Yes,One year,Yes,Credit card (automatic),78.38,4704.3,No
CUST-06539,Female,0,Yes,Yes,18,Yes,No,No,No internet service,No internet service,No internet service,No internet service,No internet service,No internet service,Two year,Yes,Mailed check,36.59,661.66,No
CUST-06540,Female,0,Yes,No,31,Yes,Yes,Fiber optic,No,No,No,No,No,Yes,Month-to-month,No,Credit card (automatic),70.19,2173.76,No
CUST-06541,Female,0,No,No,29,Yes,No,DSL,No,Yes,Yes,Yes,Yes,Yes,Two year,No,Credit card (automatic),92.57,2685.3,Yes
CUST-06542,Male,0,Yes,No,64,Yes,No,Fiber optic,Yes,No,Yes,No,Yes,Yes,Month-to-month,No,Mailed check,91.17,5840.83,No
CUST-06543,Female,0,No,No,31,Yes,No,Fiber optic,No,Yes,Yes,No,Yes,Yes,One year,No,Credit card (automatic),77.57,2404.7,No
CUST-06544,Female,0,Yes,No,56,Yes,No,Fiber optic,Yes,Yes,No,Yes,No,No,Month-to-month,No,Credit card (automatic),31.04,1732.5,No
CUST-06545,Male,1,Yes,No,19,Yes,No,DSL,Yes,Yes,No,Yes,No,Yes,Month-to-month,Yes,Mailed check,48.4,923.21,No
CUST-06546,Female,0,No,No,29,Yes,No,DSL,Yes,No,Yes,Yes,No,No,Month-to-month,Yes,Electronic check,58.58,1697.08,No
CUST-06547,Female,1,Yes,No,58,Yes,No,DSL,Yes,No,No,No,No,No,Month-to-month,Yes,Electronic check,96.83,5620.97,Yes
CUST-06548,Male,0,No,Yes,61,Yes,No,No,No internet service,No internet service,No internet service,No internet service,No internet service,No internet service,Month-to-month,No,Electronic check,72.38,4415.31,Yes
CUST-06549,Male,1,Yes,No,66,Yes,Yes,No,No internet service,No internet service,No internet service,No internet service,No internet service,No internet service,Month-to-month,Yes,Bank transfer (automatic),91.32,6031.43,Yes
CUST-06550,Male,0,Yes,No,30,Yes,No,No,No internet service,No internet service,No internet service,No internet service,No internet service,No internet service,Two year,Yes,Bank transfer (automatic),110.35,3313.04,No
CUST-06551,Female,0,No,No,65,Yes,Yes,Fiber optic,No,Yes,No,Yes,No,Yes,Month-to-month,No,Electronic check,80.39,5231.84,No
CUST-06552,Female,0,No,No,53,Yes,Yes,No,No internet service,No internet service,No internet service,No internet service,No internet service,No internet service,Month-to-month,Yes,Credit card (automatic),41.71,2215.44,No
CUST-06553,Male,0,Yes,Yes,9,No,No phone service,Fiber optic,Yes,No,No,No,Yes,No,Month-to-month,Yes,Electronic check,31.96,281.12,No
CUST-06554,Male,0,Yes,No,37,No,No phone service,Fiber optic,No,No,No,Yes,Yes,Yes,Month-to-month,Yes,Mailed check,18.05,658.48,No
CUST-06555,Female,0,Yes,No,30,Yes,Yes,No,No internet service,No internet service,No internet service,No internet service,No internet service,No internet service,Month-to-month,No,Mailed check,35.56,1066.42,No
CUST-06556,Male,0,No,Yes,28,Yes,Yes,Fiber optic,Yes,Yes,No,No,Yes,Yes,Two year,Yes,Credit card (automatic),44.92,1260.77,No
CUST-06557,Female,0,No,Yes,24,Yes,Yes,Fiber optic,Yes,No,Yes,No,Yes,No,Two year,No,Mailed check,44.98,1075.89,No
CUST-06558,Male,1,Yes,Yes,31,Yes,Yes,No,No internet service,No internet service,No internet service,No internet service,No internet service,No internet service,Month-to-month,Yes,Mailed check,84.71,2628.24,No
CUST-06559,Male,0,Yes,No,16,Yes,Yes,No,No internet service,No internet service,No internet service,No internet service,No internet service,No internet service,One year,Yes,Electronic check,33.02,530.34,No
CUST-06560,Female,0,Yes,Yes,44,No,No phone service,Fiber optic,No,Yes,Yes,Yes,Yes,Yes,Two year,No,Electronic check,61.55,2707.84,No
CUST-06561,Male,0,No,Yes,48,Yes,No,DSL,Yes,No,Yes,No,No,Yes,Two year,No,Mailed check,18.49,884.35,No
CUST-06562,Male,0,Yes,Yes,17,No,No phone service,Fiber optic,Yes,Yes,No,Yes,No,Yes,Month-to-month,Yes,Mailed check,44.12,744.94,No
CUST-06563,Male,0,No,No,51,Yes,No,DSL,Yes,Yes,No,No,Yes,Yes,One year,No,Credit card (automatic),22.11,1140.01,No
CUST-06564,Female,0,No,No,19,No,No phone service,No,No internet service,No internet service,No internet service,No internet service,No internet service,No internet service,Month-to-month,No,Mailed check,88.96,1679.64,No
CUST-06565,Male,0,Yes,No,61,Yes,Yes,No,No internet service,No internet service,No internet service,No internet service,No internet service,No internet service,Month-to-month,Yes,Electronic check,53.43,3253.04,No
CUST-06566,Male,0,No,No,12,Yes,Yes,Fiber optic,No,Yes,Yes,Yes,No,No,Month-to-month,No,Electronic check,66.01,805.12,Yes
CUST-06567,Male,0,No,Yes,42,Yes,No,Fiber optic,No,No,Yes,No,No,No,Month-to-month,No,Electronic check,94.15,3949.13,No
CUST-06568,Male,0,Yes,No,20,Yes,No,DSL,Yes,Yes,No,Yes,No,No,Month-to-month,Yes,Bank transfer (automatic),104.29,2082.99,No
CUST-06569,Male,0,Yes,No,5,Yes,No,No,No internet service,No internet service,No internet service,No internet service,No internet service,No internet service,Month-to-month,No,Electronic check,69.67,351.75,No
CUST-06570,Male,0,Yes,Yes,70,Yes,Yes,No,No internet service,No internet service,No internet service,No internet service,No internet service,No internet service,Two year,Yes,Bank transfer (automatic),82.98,5811.01,No
CUST-06571,Female,0,Yes,No,52,Yes,No,DSL,No,Yes,No,Yes,Yes,Yes,One year,Yes,Electronic check,91.6,4765.42,No
CUST-06572,Female,1,Yes,Yes,51,Yes,No,DSL,Yes,Yes,No,No,Yes,No,Month-to-month,No,Electronic check,46.53,2380.51,No
CUST-06573,Male,1,Yes,Yes,68,Yes,Yes,DSL,No,No,No,Yes,No,Yes,Month-to-month,No,Credit card (automatic),88.73,6028.85,No
CUST-06574,Female,0,Yes,No,8,No,No phone service,Fiber optic,Yes,Yes,No,Yes,Yes,No,Month-to-month,No,Bank transfer (automatic),83.37,667.83,Yes
CUST-06575,Female,0,No,No,45,Yes,No,DSL,Yes,Yes,Yes,Yes,No,No,Two year,No,Mailed check,62.31,2803.68,No
CUST-06576,Male,0,Yes,Yes,70,Yes,No,DSL,Yes,Yes,Yes,No,Yes,No,Month-to-month,Yes,Mailed check,52.08,3641.2,No
CUST-06577,Female,0,Yes,No,29,Yes,No,Fiber optic,Yes,Yes,Yes,No,No,No,Month-to-month,No,Credit card (automatic),115.37,3346.25,No
CUST-06578,Female,0,Yes,No,42,Yes,Yes,Fiber optic,Yes,No,No,Yes,Yes,Yes,Month-to-month,No,Credit card (automatic),116.63,4901.26,No
CUST-06579,Female,0,Yes,No,58,No,No phone service,No,No internet service,No internet service,No internet service,No internet service,No internet service,No internet service,Month-to-month,Yes,Bank transfer (automatic),87.51,5078.5,No
CUST-06580,Female,0,Yes,No,37,Yes,Yes,No,No internet service,No internet service,No internet service,No internet service,No internet service,No internet service,Month-to-month,Yes,Bank transfer (automatic),56.42,2092.89,No
CUST-06581,Female,0,Yes,No,33,Yes,Yes,Fiber optic,No,No,Yes,No,Yes,Yes,Two year,Yes,Credit card (automatic),93.15,3073.75,No
CUST-06582,Female,0,No,No,45,Yes,Yes,DSL,Yes,No,No,Yes,No,No,Month-to-month,Yes,Bank transfer (automatic),85.92,3861.36,No
CUST-06583,Female,0,Yes,No,31,No,No phone service,Fiber optic,Yes,Yes,No,Yes,Yes,No,Two year,Yes,Credit card (automatic),72.5,2240.58,No
CUST-06584,Female,0,No,Yes,15,Yes,No,DSL,No,Yes,No,No,Yes,Yes,Two year,No,Electronic check,31.18,465.39,Yes
CUST-06585,Male,0,Yes,No,38,Yes,Yes,DSL,No,Yes,No,Yes,No,No,Two year,Yes,Credit card (automatic),112.66,4274.32,No
CUST-06586,Male,0,No,No,0,Yes,Yes,DSL,No,Yes,No,No,Yes,No,Month-to-month,Yes,Bank transfer (automatic),41.28,0.0,No
CUST-06587,Female,0,No,Yes,56,Yes,No,Fiber optic,Yes,No,No,No,Yes,No,Two year,No,Electronic check,57.33,3204.57,No
CUST-06588,Female,0,No,No,19,Yes,No,DSL,No,Yes,Yes,No,No,Yes,Month-to-month,No,Credit card (automatic),52.24,989.29,No
CUST-06589,Male,0,Yes,Yes,41,No,No phone service,Fiber optic,No,No,No,No,Yes,Yes,One year,Yes,Bank transfer (automatic),33.38,1377.5,No
CUST-06590,Female,0,Yes,No,71,Yes,No,DSL,No,Yes,Yes,No,No,No,Two year,Yes,Bank transfer (automatic),20.45,1451.33,No
CUST-06591,Female,0,Yes,Yes,33,Yes,No,Fiber optic,No,No,Yes,No,Yes,Yes,Month-to-month,Yes,Bank transfer (automatic),110.98,3670.2,No
CUST-06592,Male,0,Yes,No,49,Yes,Yes,Fiber optic,No,Yes,Yes,Yes,No,Yes,Month-to-month,No,Credit card (automatic),91.95,4507.64,No
CUST-06593,Male,0,Yes,Yes,10,Yes,No,Fiber optic,Yes,No,No,No,No,Yes,One year,Yes,Credit card (automatic),20.07,197.59,No
CUST-06594,Male,0,Yes,Yes,42,Yes,No,No,No internet service,No internet service,No internet service,No internet service,No internet service,No internet service,Month-to-month,Yes,Mailed check,86.78,3644.14,No
CUST-06595,Female,0,No,No,9,Yes,Yes,No,No internet service,No internet service,No internet service,No internet service,No internet service,No internet service,One year,Yes,Credit card (automatic),30.97,270.48,No
CUST-06596,Female,1,No,No,7,Yes,Yes,Fiber optic,Yes,Yes,No,No,No,Yes,Month-to-month,No,Credit card (automatic),90.4,631.14,Yes
CUST-06597,Male,1,No,No,71,Yes,No,Fiber optic,No,Yes,No,Yes,Yes,Yes,Two year,Yes,Bank transfer (automatic),68.52,4858.37,No
CUST-06598,Male,0,Yes,Yes,18,Yes,No,DSL,No,No,Yes,No,Yes,Yes,Month-to-month,Yes,Electronic check,115.79,2087.21,No
CUST-06599,Female,1,Yes,No,64,Yes,Yes,Fiber optic,Yes,No,Yes,Yes,No,Yes,Two year,Yes,Mailed check,61.24,3917.19,No
CUST-06600,Male,0,No,No,54,Yes,Yes,DSL,Yes,Yes,Yes,No,No,Yes,One year,Yes,Mailed check,92.89,,No
CUST-06601,Female,0,Yes,No,51,No,No phone service,DSL,No,No,No,No,No,No,Two year,Yes,Mailed check,22.13,1126.54,No
CUST-06602,Female,0,Yes,No,2,Yes,No,No,No internet service,No internet service,No internet service,No internet service,No internet service,No internet service,One year,Yes,Mailed check,111.56,227.61,No
CUST-06603,Male,1,Yes,No,52,Yes,Yes,DSL,Yes,No,No,No,No,Yes,Month-to-month,Yes,Mailed check,74.25,3856.55,No
CUST-06604,Male,0,No,No,43,Yes,Yes,Fiber optic,Yes,Yes,Yes,No,Yes,No,One year,No,Mailed check,49.42,2120.28,No
CUST-06605,Female,0,No,No,47,No,No phone service,Fiber optic,Yes,No,No,Yes,Yes,Yes,Two year,Yes,Bank transfer (automatic),30.69,1444.14,No
CUST-06606,Male,0,Yes,No,53,Yes,No,No,No internet service,No internet service,No internet service,No internet service,No internet service,No internet service,Two year,Yes,Bank transfer (automatic),82.08,4355.67,No
CUST-06607,Male,0,No,No,15,Yes,Yes,Fiber optic,No,No,No,Yes,No,No,Month-to-month,Yes,Credit card (automatic),92.63,1391.11,Yes
CUST-06608,Male,0,No,No,29,Yes,Yes,DSL,Yes,No,Yes,No,Yes,Yes,Two year,No,Mailed check,26.53,780.3,No
CUST-06609,Male,0,Yes,No,27,Yes,Yes,Fiber optic,Yes,Yes,Yes,No,Yes,No,One year,No,Credit card (automatic),34.47,926.02,No
CUST-06610,Female,0,Yes,Yes,15,Yes,No,Fiber optic,No,Yes,No,Yes,Yes,No,Two year,No,Mailed check,56.54,837.27,No
CUST-06611,Female,0,No,No,50,Yes,No,No,No internet service,No internet service,No internet service,No internet service,No internet service,No internet service,Month-to-month,No,Credit card (automatic),103.18,5161.44,No
CUST-06612,Female,0,No,No,32,Yes,No,Fiber optic,Yes,Yes,Yes,Yes,Yes,Yes,Month-to-month,Yes,Credit card (automatic),116.29,3720.51,No
CUST-06613,Female,0,Yes,No,24,Yes,Yes,Fiber optic,Yes,No,No,Yes,No,Yes,Month-to-month,Yes,Credit card (automatic),92.5,2222.36,No
CUST-06614,Male,0,Yes,No,17,No,No phone service,Fiber optic,Yes,Yes,No,Yes,No,No,Two year,No,Electronic check,18.56,319.8,No
CUST-06615,Male,0,Yes,No,25,No,No phone service,Fiber optic,No,Yes,Yes,No,No,No,One year,Yes,Electronic check,108.35,2701.12,No
CUST-06616,Female,0,No,No,5,Yes,Yes,Fiber optic,Yes,Yes,No,Yes,Yes,No,One year,Yes,Mailed check,20.66,101.87,No
CUST-06617,Female,0,No,No,37,Yes,No,Fiber optic,Yes,No,No,Yes,Yes,No,One year,Yes,Electronic check,107.71,3988.2,No
CUST-06618,Male,0,Yes,No,43,Yes,No,DSL,Yes,Yes,No,No,Yes,No,Month-to-month,Yes,Electronic check,59.03,2539.57,No
CUST-06619,Female,0,Yes,No,66,Yes,Yes,Fiber optic,No,Yes,No,Yes,No,No,Month-to-month,Yes,Bank transfer (automatic),92.18,6083.0,No
CUST-06620,Female,1,Yes,No,42,Yes,Yes,DSL,No,Yes,No,No,Yes,No,Two year,Yes,Bank transfer (automatic),26.71,1125.51,No
CUST-06621,Male,1,Yes,No,5,Yes,Yes,No,No internet service,No internet service,No internet service,No internet service,No internet service,No internet service,Month-to-month,No,Electronic check,34.49,177.43,No
CUST-06622,Female,0,No,No,63,Yes,Yes,No,No internet service,No internet service,No internet service,No internet service,No internet service,No internet service,Two year,No,Bank transfer (automatic),63.08,3963.78,No
CUST-06623,Male,0,Yes,No,12,Yes,Yes,No,No internet service,No internet service,No internet service,No internet service,No internet service,No internet service,Month-to-month,No,Electronic check,21.85,270.08,Yes
CUST-06624,Male,1,Yes,No,64,Yes,No,Fiber optic,Yes,No,No,No,Yes,No,Month-to-month,No,Credit card (automatic),56.98,3640.61,No
CUST-06625,Female,1,No,Yes,37,No,No phone service,No,No internet service,No internet service,No internet service,No internet service,No internet service,No internet service,Month-to-month,Yes,Credit card (automatic),93.2,3451.38,No
CUST-06626,Male,1,Yes,No,63,Yes,No,DSL,No,No,Yes,No,No,Yes,Month-to-month,Yes,Credit card (automatic),83.47,5256.96,No
CUST-06627,Female,1,No,No,13,Yes,No,DSL,Yes,No,No,No,Yes,Yes,Two year,No,Bank transfer (automatic),53.18,697.61,No
CUST-06628,Male,0,No,Yes,16,Yes,Yes,Fiber optic,Yes,Yes,No,Yes,No,Yes,Month-to-month,Yes,Mailed check,18.88,305.69,No
CUST-06629,Female,0,No,No,12,Yes,No,DSL,Yes,Yes,No,Yes,Yes,No,Month-to-month,No,Mailed check,44.97,542.59,No
CUST-06630,Female,0,Yes,Yes,5,Yes,No,No,No internet service,No internet service,No internet service,No internet service,No internet service,No internet service,Two year,No,Credit card (automatic),95.62,479.21,No
CUST-06631,Female,0,No,No,5,Yes,Yes,DSL,Yes,No,No,Yes,Yes,Yes,Two year,Yes,Electronic check,52.05,257.56,No
CUST-06632,Male,0,Yes,No,36,Yes,Yes,Fiber optic,Yes,No,No,No,No,Yes,Two year,Yes,Electronic check,55.75,2002.05,No
CUST-06633,Male,0,No,No,56,Yes,Yes,Fiber optic,No,Yes,Yes,Yes,Yes,No,Month-to-month,Yes,Electronic check,25.42,1416.6,No
CUST-06634,Female,0,No,No,52,Yes,Yes,DSL,No,No,Yes,No,No,No,Month-to-month,No,Bank transfer (automatic),78.17,4061.71,No
CUST-06635,Male,0,No,No,45,No,No phone service,DSL,No,Yes,No,Yes,Yes,Yes,Month-to-month,Yes,Electronic check,80.19,3613.11,No
CUST-06636,Female,0,Yes,No,3,Yes,Yes,DSL,Yes,Yes,No,Yes,No,No,Month-to-month,Yes,Credit card (automatic),61.08,178.23,No
CUST-06637,Female,0,Yes,Yes,33,Yes,No,DSL,Yes,Yes,No,No,Yes,Yes,Month-to-month,No,Bank transfer (automatic),94.06,3110.03,No
CUST-06638,Male,0,No,Yes,65,Yes,No,No,No internet service,No internet service,No internet service,No internet service,No internet service,No internet service,Two year,Yes,Mailed check,105.69,6864.72,No
CUST-06639,Female,0,Yes,No,62,Yes,No,DSL,No,Yes,Yes,No,No,No,Two year,Yes,Mailed check,93.05,5768.28,No
CUST-06640,Male,0,No,No,60,Yes,Yes,DSL,Yes,No,No,No,Yes,Yes,Two year,No,Mailed check,72.43,4348.06,No
CUST-06641,Female,0,No,Yes,41,Yes,No,Fiber optic,No,No,Yes,Yes,No,Yes,Month-to-month,No,Bank transfer (automatic),111.57,4579.5,No
CUST-06642,Male,0,No,No,63,No,No phone service,Fiber optic,Yes,Yes,No,Yes,No,No,Month-to-month,Yes,Bank transfer (automatic),56.22,3540.03,No
CUST-06643,Female,0,No,No,16,Yes,Yes,No,No internet service,No internet service,No internet service,No internet service,No internet service,No internet service,Month-to-month,No,Mailed check,83.47,1337.93,No
CUST-06644,Female,0,Yes,No,60,Yes,No,No,No internet service,No internet service,No internet service,No internet service,No internet service,No internet service,Month-to-month,No,Bank transfer (automatic),75.52,4532.26,No
CUST-06645,Male,0,No,No,29,Yes,No,No,No internet service,No internet service,No internet service,No internet service,No internet service,No internet service,One year,No,Bank transfer (automatic),102.16,2961.39,No
CUST-06646,Female,0,Yes,No,42,Yes,Yes,No,No internet service,No internet service,No internet service,No internet service,No internet service,No internet service,One year,Yes,Electronic check,67.96,2849.13,No
CUST-06647,Female,1,No,No,6,Yes,No,DSL,No,Yes,No,Yes,Yes,No,Month-to-month,Yes,Bank transfer (automatic),73.35,442.3,No
CUST-06648,Male,0,No,No,45,Yes,No,Fiber optic,No,Yes,No,Yes,Yes,Yes,Two year,Yes,Credit card (automatic),63.38,2852.24,No
CUST-06649,Female,0,No,No,22,Yes,No,Fiber optic,No,No,No,Yes,Yes,No,Two year,Yes,Bank transfer (automatic),32.05,703.5,Yes
CUST-06650,Male,0,No,No,35,Yes,Yes,Fiber optic,Yes,No,Yes,Yes,Yes,Yes,Two year,No,Electronic check,106.64,3732.97,No
CUST-06651,Female,0,No,Yes,13,Yes,No,DSL,No,Yes,No,No,No,Yes,Month-to-month,Yes,Mailed check,104.18,1357.2,No
CUST-06652,Male,0,Yes,Yes,19,Yes,Yes,DSL,No,No,No,Yes,Yes,Yes,Two year,Yes,Mailed check,88.25,1668.35,No
CUST-06653,Female,1,Yes,Yes,55,Yes,Yes,Fiber optic,Yes,No,Yes,No,No,No,Two year,Yes,Electronic check,52.78,2900.17,Yes
CUST-06654,Female,0,No,No,31,Yes,Yes,DSL,Yes,Yes,Yes,No,Yes,No,Month-to-month,Yes,Mailed check,53.51,1653.94,No
CUST-06655,Female,0,Yes,No,24,No,No phone service,DSL,No,No,No,Yes,Yes,Yes,Month-to-month,No,Mailed check,21.6,513.91,No
CUST-06656,Male,0,Yes,No,48,Yes,No,Fiber optic,Yes,No,Yes,No,Yes,Yes,Month-to-month,No,Mailed check,25.76,1232.54,No
CUST-06657,Male,0,No,No,56,No,No phone service,Fiber optic,Yes,No,Yes,Yes,Yes,Yes,Two year,No,Credit card (automatic),69.38,3890.77,No
CUST-06658,Male,0,No,No,26,Yes,No,No,No internet service,No internet service,No internet service,No internet service,No internet service,No internet service,Month-to-month,No,Mailed check,22.98,599.15,No
CUST-06659,Male,0,No,No,26,Yes,Yes,Fiber optic,Yes,Yes,Yes,Yes,Yes,Yes,Month-to-month,Yes,Bank transfer (automatic),27.92,720.42,No
CUST-06660,Female,0,No,No,45,Yes,No,No,No internet service,No internet service,No internet service,No internet service,No internet service,No internet service,One year,No,Mailed check,43.12,1941.33,No
CUST-06661,Female,0,Yes,Yes,44,Yes,No,DSL,Yes,No,Yes,Yes,Yes,Yes,Two year,Yes,Bank transfer (automatic),55.37,2438.42,No
CUST-06662,Male,1,Yes,No,25,Yes,Yes,Fiber optic,Yes,No,No,Yes,Yes,Yes,One year,Yes,Bank transfer (automatic),66.93,1671.46,No
CUST-06663,Male,0,Yes,No,13,Yes,No,DSL,Yes,No,No,Yes,Yes,No,One year,Yes,Mailed check,50.45,649.41,No
CUST-06664,Male,0,Yes,No,47,Yes,Yes,Fiber optic,No,No,No,No,Yes,No,One year,No,Electronic check,112.07,5261.85,No
CUST-06665,Female,0,No,No,14,Yes,Yes,No,No internet service,No internet service,No internet service,No internet service,No internet service,No internet service,Month-to-month,Yes,Bank transfer (automatic),113.09,1575.33,No
CUST-06666,Male,0,No,Yes,50,Yes,Yes,DSL,Yes,No,No,No,No,No,Two year,No,Electronic check,23.6,1190.7,No
CUST-06667,Male,0,No,No,53,Yes,Yes,Fiber optic,No,No,No,Yes,Yes,No,Month-to-month,Yes,Credit card (automatic),116.54,6167.98,No
CUST-06668,Female,0,No,No,10,Yes,No,No,No internet service,No internet service,No internet service,No internet service,No internet service,No internet service,Month-to-month,Yes,Mailed check,35.29,346.63,Yes
CUST-06669,Female,0,Yes,Yes,27,No,No phone service,Fiber optic,Yes,Yes,No,No,Yes,No,Month-to-month,No,Mailed check,51.14,1380.66,No
CUST-06670,Male,0,Yes,No,54,Yes,Yes,DSL,No,No,Yes,Yes,Yes,No,One year,No,Electronic check,101.7,5482.66,No
CUST-06671,Female,0,No,No,68,Yes,No,DSL,No,No,No,No,No,No,Two year,Yes,Credit card (automatic),86.77,5894.57,No
CUST-06672,Male,0,Yes,No,71,Yes,Yes,DSL,Yes,No,No,Yes,Yes,Yes,One year,Yes,Bank transfer (automatic),23.82,1691.79,No
CUST-06673,Female,0,Yes,No,25,Yes,Yes,DSL,Yes,Yes,Yes,No,Yes,No,Month-to-month,No,Bank transfer (automatic),95.46,2387.52,No
CUST-06674,Male,0,No,No,69,Yes,No,Fiber optic,Yes,No,Yes,No,Yes,Yes,One year,Yes,Credit card (automatic),84.32,5820.13,No
CUST-06675,Male,1,Yes,Yes,31,Yes,Yes,Fiber optic,Yes,No,No,Yes,No,Yes,Month-to-month,No,Bank transfer (automatic),113.05,3508.13,No
CUST-06676,Male,0,No,No,47,Yes,No,Fiber optic,No,No,Yes,Yes,No,No,Two year,No,Bank transfer (automatic),109.0,5122.8,No
CUST-06677,Male,0,Yes,No,11,Yes,No,Fiber optic,No,Yes,No,No,No,Yes,Two year,Yes,Credit card (automatic),115.52,1267.28,No
CUST-06678,Female,0,Yes,No,69,Yes,Yes,DSL,No,Yes,Yes,Yes,Yes,No,Month-to-month,No,Mailed check,63.49,4383.1,No
CUST-06679,Female,0,No,Yes,60,Yes,No,Fiber optic,No,No,No,No,Yes,Yes,Month-to-month,Yes,Bank transfer (automatic),88.65,5325.95,No
CUST-06680,Female,0,No,No,33,Yes,Yes,Fiber optic,Yes,No,Yes,No,Yes,No,One year,Yes,Credit card (automatic),114.19,3771.36,No
CUST-06681,Female,1,No,No,44,Yes,No,DSL,No,No,Yes,Yes,Yes,No,One year,No,Mailed check,18.21,796.92,No
CUST-06682,Male,0,Yes,No,59,Yes,No,No,No internet service,No internet service,No internet service,No internet service,No internet service,No internet service,Month-to-month,Yes,Bank transfer (automatic),96.89,5719.58,No
CUST-06683,Male,1,No,Yes,64,Yes,Yes,DSL,No,Yes,No,No,No,No,Month-to-month,Yes,Mailed check,23.4,1500.4,No
CUST-06684,Female,0,Yes,Yes,70,Yes,Yes,Fiber optic,Yes,No,No,No,Yes,Yes,One year,Yes,Credit card (automatic),117.89,8246.11,No
CUST-06685,Female,0,No,Yes,12,Yes,No,DSL,Yes,No,No,Yes,No,No,Month-to-month,No,Bank transfer (automatic),19.39,231.51,Yes
CUST-06686,Female,0,Yes,No,47,Yes,Yes,Fiber optic,Yes,Yes,No,Yes,No,No,Month-to-month,Yes,Electronic check,73.47,3455.92,No
CUST-06687,Female,0,No,Yes,48,Yes,Yes,No,No internet service,No internet service,No internet service,No internet service,No internet service,No internet service,One year,Yes,Credit card (automatic),70.09,3370.13,No
CUST-06688,Female,0,No,No,57,Yes,Yes,No,No internet service,No internet service,No internet service,No internet service,No internet service,No internet service,Month-to-month,Yes,Bank transfer (automatic),48.47,2759.56,No
CUST-06689,Male,1,Yes,No,69,Yes,No,DSL,No,No,No,No,Yes,No,Two year,Yes,Credit card (automatic),91.23,6287.58,No
CUST-06690,Male,0,Yes,No,60,Yes,Yes,No,No internet service,No internet service,No internet service,No internet service,No internet service,No internet service,Month-to-month,Yes,Bank transfer (automatic),43.7,2624.54,No
CUST-06691,Male,1,No,No,25,Yes,No,DSL,No,Yes,Yes,Yes,No,No,Month-to-month,Yes,Electronic check,47.08,1175.76,Yes
CUST-06692,Female,1,Yes,No,38,Yes,No,No,No internet service,No internet service,No internet service,No internet service,No internet service,No internet service,Month-to-month,No,Mailed check,36.04,1370.72,No
CUST-06693,Female,1,No,No,57,Yes,No,Fiber optic,Yes,No,Yes,Yes,No,Yes,One year,No,Bank transfer (automatic),89.41,5097.32,No
CUST-06694,Female,0,Yes,No,26,No,No phone service,Fiber optic,Yes,No,No,Yes,No,No,Month-to-month,Yes,Electronic check,35.0,910.74,Yes
CUST-06695,Female,0,Yes,Yes,39,Yes,Yes,No,No internet service,No internet service,No internet service,No internet service,No internet service,No internet service,Month-to-month,Yes,Bank transfer (automatic),107.77,4200.96,No
CUST-06696,Male,0,No,Yes,30,No,No phone service,Fiber optic,Yes,Yes,No,Yes,No,No,Month-to-month,No,Credit card (automatic),46.78,1407.93,Yes
CUST-06697,Male,0,No,No,2,Yes,Yes,DSL,No,Yes,Yes,Yes,Yes,No,Month-to-month,No,Mailed check,69.86,135.48,No
CUST-06698,Female,0,Yes,No,14,Yes,Yes,DSL,Yes,No,Yes,Yes,No,Yes,Two year,No,Bank transfer (automatic),65.51,918.47,No
CUST-06699,Male,0,Yes,Yes,53,Yes,Yes,No,No internet service,No internet service,No internet service,No internet service,No internet service,No internet service,Month-to-month,Yes,Mailed check,88.24,4678.67,No
CUST-06700,Male,0,Yes,No,69,Yes,No,Fiber optic,Yes,No,No,No,No,No,Month-to-month,Yes,Credit card (automatic),41.4,2855.62,No
CUST-06701,Female,1,Yes,No,10,Yes,No,Fiber optic,No,Yes,Yes,Yes,No,No,Month-to-month,No,Credit card (automatic),101.86,1022.57,No
CUST-06702,Female,1,No,Yes,29,Yes,Yes,DSL,Yes,No,No,No,No,No,Month-to-month,Yes,Mailed check,91.79,2659.58,No
CUST-06703,Female,0,No,No,34,Yes,No,DSL,No,No,Yes,Yes,No,Yes,Month-to-month,Yes,Electronic check,52.26,1788.32,No
CUST-06704,Female,0,Yes,Yes,42,No,No phone service,DSL,No,No,No,No,No,No,One year,Yes,Credit card (automatic),30.03,1262.44,No
CUST-06705,Female,0,No,No,60,Yes,No,DSL,No,Yes,No,Yes,Yes,No,Month-to-month,Yes,Bank transfer (automatic),68.48,4114.99,No
CUST-06706,Female,0,Yes,No,39,No,No phone service,Fiber optic,Yes,No,Yes,No,No,Yes,One year,Yes,Bank transfer (automatic),116.05,4530.39,No
CUST-06707,Male,0,Yes,No,41,Yes,No,DSL,Yes,No,Yes,No,Yes,Yes,Month-to-month,No,Credit card (automatic),20.43,844.75,No
CUST-06708,Male,0,Yes,No,41,Yes,No,DSL,Yes,Yes,Yes,Yes,Yes,No,Two year,No,Electronic check,102.49,4202.53,No
CUST-06709,Female,0,No,No,2,Yes,No,Fiber optic,No,Yes,Yes,No,Yes,Yes,One year,No,Mailed check,87.98,181.6,No
CUST-06710,Male,0,Yes,No,20,Yes,Yes,DSL,No,Yes,Yes,No,Yes,No,Month-to-month,Yes,Electronic check,36.32,733.68,Yes
CUST-06711,Female,0,No,No,52,Yes,No,No,No internet service,No internet service,No internet service,No internet service,No internet service,No internet service,Two year,No,Electronic check,65.64,3414.72,No
CUST-06712,Female,0,No,No,43,Yes,Yes,DSL,No,No,Yes,No,No,No,One year,No,Electronic check,80.77,3469.62,No
CUST-06713,Female,1,Yes,No,45,No,No phone service,Fiber optic,Yes,No,No,Yes,No,Yes,Two year,Yes,Credit card (automatic),87.67,3954.3,No
CUST-06714,Female,0,No,No,36,Yes,Yes,Fiber optic,No,No,No,No,No,Yes,Two year,Yes,Mailed check,110.14,3965.14,No
CUST-06715,Male,0,Yes,No,37,Yes,Yes,DSL,Yes,Yes,No,Yes,Yes,No,Two year,No,Credit card (automatic),105.31,3896.86,No
CUST-06716,Female,0,Yes,Yes,37,Yes,No,No,No internet service,No internet service,No internet service,No internet service,No internet service,No internet service,Month-to-month,No,Mailed check,50.84,1882.43,No
CUST-06717,Male,0,No,Yes,10,Yes,No,Fiber optic,Yes,Yes,No,No,Yes,Yes,Month-to-month,No,Bank transfer (automatic),30.0,296.08,No
CUST-06718,Female,0,Yes,No,44,Yes,No,DSL,No,No,No,No,Yes,Yes,One year,Yes,Electronic check,28.43,1252.62,No
CUST-06719,Female,0,No,Yes,63,Yes,No,No,No internet service,No internet service,No internet service,No internet service,No internet service,No internet service,Month-to-month,Yes,Credit card (automatic),114.87,7238.55,No
CUST-06720,Female,0,No,No,43,Yes,No,No,No internet service,No internet service,No internet service,No internet service,No internet service,No internet service,Month-to-month,Yes,Electronic check,113.58,4883.89,Yes
CUST-06721,Male,0,No,No,61,No,No phone service,Fiber optic,Yes,Yes,No,Yes,Yes,No,Month-to-month,Yes,Bank transfer (automatic),99.95,6096.62,No
CUST-06722,Female,0,Yes,No,60,No,No phone service,DSL,No,Yes,Yes,Yes,No,Yes,Month-to-month,Yes,Mailed check,116.05,6961.89,No
CUST-06723,Female,0,No,No,11,Yes,No,Fiber optic,No,Yes,Yes,No,Yes,No,Two year,Yes,Credit card (automatic),45.42,497.72,Yes
CUST-06724,Female,0,Yes,No,8,Yes,Yes,Fiber optic,No,No,Yes,No,Yes,Yes,Month-to-month,No,Mailed check,100.56,808.11,No
CUST-06725,Male,0,Yes,No,66,Yes,Yes,DSL,Yes,Yes,Yes,No,No,Yes,Two year,Yes,Bank transfer (automatic),68.22,4503.97,No
CUST-06726,Male,0,No,Yes,1,Yes,No,Fiber optic,Yes,Yes,Yes,No,Yes,No,Two year,Yes,Credit card (automatic),97.92,102.58,No
CUST-06727,Male,0,No,No,7,Yes,Yes,Fiber optic,Yes,No,No,No,No,Yes,One year,No,Credit card (automatic),79.08,550.95,No
CUST-06728,Female,1,Yes,Yes,42,Yes,Yes,Fiber optic,Yes,Yes,Yes,No,No,No,One year,Yes,Bank transfer (automatic),102.62,4315.68,Yes
CUST-06729,Male,0,No,No,17,Yes,Yes,Fiber optic,Yes,No,No,No,Yes,No,Month-to-month,No,Bank transfer (automatic),57.73,985.87,No
CUST-06730,Female,1,No,No,51,Yes,No,No,No internet service,No internet service,No internet service,No internet service,No internet service,No internet service,Two year,No,Bank transfer (automatic),116.91,5961.2,No
CUST-06731,Male,0,No,No,38,Yes,Yes,No,No internet service,No internet service,No internet service,No internet service,No internet service,No internet service,Two year,Yes,Electronic check,39.92,1513.63,No
CUST-06732,Male,1,Yes,No,30,Yes,Yes,Fiber optic,Yes,No,No,No,No,No,Month-to-month,Yes,Credit card (automatic),85.26,2560.77,Yes
CUST-06733,Female,0,No,Yes,13,Yes,No,DSL,No,Yes,No,Yes,Yes,No,Month-to-month,No,Mailed check,98.26,1269.45,No
CUST-06734,Male,0,Yes,No,63,Yes,No,No,No internet service,No internet service,No internet service,No internet service,No internet service,No internet service,Two year,Yes,Credit card (automatic),76.58,4822.46,No
CUST-06735,Female,1,Yes,Yes,43,Yes,No,DSL,Yes,Yes,No,Yes,Yes,Yes,Two year,Yes,Credit card (automatic),47.03,2023.67,No
CUST-06736,Female,0,No,No,59,Yes,Yes,DSL,Yes,No,Yes,Yes,No,Yes,One year,No,Electronic check,74.13,4372.92,No
CUST-06737,Male,0,No,No,1,Yes,Yes,Fiber optic,Yes,Yes,No,No,No,Yes,One year,Yes,Mailed check,68.47,63.11,No
CUST-06738,Female,0,Yes,No,31,Yes,No,Fiber optic,Yes,No,Yes,No,Yes,No,Two year,Yes,Mailed check,37.01,1147.76,No
CUST-06739,Female,0,Yes,No,35,Yes,No,Fiber optic,No,Yes,Yes,Yes,No,No,Month-to-month,Yes,Credit card (automatic),94.32,3296.21,No
CUST-06740,Male,0,No,No,54,Yes,No,Fiber optic,No,Yes,No,No,Yes,Yes,Month-to-month,Yes,Credit card (automatic),44.72,2416.18,No
CUST-06741,Male,0,Yes,Yes,62,Yes,No,No,No internet service,No internet service,No internet service,No internet service,No internet service,No internet service,One year,No,Mailed check,101.21,6273.06,No
CUST-06742,Female,1,No,No,68,Yes,No,No,No internet service,No internet service,No internet service,No internet service,No internet service,No internet service,Month-to-month,Yes,Bank transfer (automatic),39.43,2680.55,No
CUST-06743,Male,0,Yes,No,39,Yes,Yes,Fiber optic,Yes,No,No,No,No,No,Month-to-month,No,Mailed check,68.23,2656.86,No
CUST-06744,Female,1,No,No,23,Yes,No,Fiber optic,No,Yes,Yes,No,No,Yes,Two year,Yes,Mailed check,87.52,2016.83,No
CUST-06745,Female,1,Yes,No,57,Yes,Yes,Fiber optic,No,Yes,Yes,No,No,Yes,Two year,No,Bank transfer (automatic),117.58,6701.33,No
CUST-06746,Male,0,No,No,27,Yes,No,DSL,Yes,Yes,No,No,No,Yes,Month-to-month,Yes,Bank transfer (automatic),45.1,1214.01,No
CUST-06747,Male,0,No,No,61,Yes,Yes,Fiber optic,No,Yes,Yes,Yes,No,Yes,Month-to-month,Yes,Credit card (automatic),81.56,4974.56,No
CUST-06748,Male,0,Yes,Yes,24,Yes,Yes,No,No internet service,No internet service,No internet service,No internet service,No internet service,No internet service,Two year,Yes,Electronic check,33.34,808.83,No
CUST-06749,Male,0,No,No,6,Yes,No,No,No internet service,No internet service,No internet service,No internet service,No internet service,No internet service,Month-to-month,Yes,Bank transfer (automatic),99.96,601.43,Yes
CUST-06750,Female,0,Yes,No,37,Yes,Yes,Fiber optic,No,No,Yes,No,Yes,Yes,Month-to-month,No,Electronic check,104.14,3858.56,No
CUST-06751,Female,0,Yes,No,70,Yes,Yes,No,No internet service,No internet service,No internet service,No internet service,No internet service,No internet service,Month-to-month,No,Credit card (automatic),106.8,7467.94,No
CUST-06752,Male,0,Yes,No,44,Yes,No,No,No internet service,No internet service,No internet service,No internet service,No internet service,No internet service,Month-to-month,No,Bank transfer (automatic),112.55,4951.21,No
CUST-06753,Male,0,Yes,No,31,No,No phone service,No,No internet service,No internet service,No internet service,No internet service,No internet service,No internet service,Month-to-month,No,Credit card (automatic),53.57,1655.67,No
CUST-06754,Female,0,No,Yes,31,Yes,Yes,No,No internet service,No internet service,No internet service,No internet service,No internet service,No internet service,One year,Yes,Credit card (automatic),84.64,2621.24,No
CUST-06755,Female,0,Yes,No,0,Yes,Yes,No,No internet service,No internet service,No internet service,No internet service,No internet service,No internet service,Month-to-month,Yes,Electronic check,49.57,0.0,No
CUST-06756,Female,0,Yes,Yes,44,Yes,No,DSL,No,No,Yes,No,Yes,No,Month-to-month,No,Mailed check,98.38,4335.17,No
CUST-06757,Female,0,Yes,No,63,Yes,No,No,No internet service,No internet service,No internet service,No internet service,No internet service,No internet service,Month-to-month,Yes,Credit card (automatic),59.56,3755.86,No
CUST-06758,Male,0,No,No,67,No,No phone service,Fiber optic,Yes,Yes,Yes,No,No,No,Two year,Yes,Bank transfer (automatic),73.49,4920.05,No
CUST-06759,Female,1,Yes,No,6,Yes,Yes,Fiber optic,Yes,No,No,Yes,No,Yes,Month-to-month,No,Electronic check,31.3,185.48,Yes
CUST-06760,Female,0,No,No,37,Yes,No,No,No internet service,No internet service,No internet service,No internet service,No internet service,No internet service,Two year,No,Mailed check,103.05,3814.66,No
CUST-06761,Male,0,No,Yes,69,Yes,No,DSL,Yes,Yes,No,No,No,No,Month-to-month,Yes,Mailed check,66.29,4578.46,No
CUST-06762,Female,0,Yes,No,52,Yes,Yes,DSL,Yes,Yes,Yes,No,No,No,Month-to-month,Yes,Electronic check,82.05,4271.8,No
CUST-06763,Female,1,No,Yes,29,Yes,Yes,Fiber optic,Yes,No,No,Yes,Yes,Yes,Two year,Yes,Mailed check,84.93,2466.15,Yes
CUST-06764,Male,0,Yes,Yes,21,Yes,Yes,No,No internet service,No internet service,No internet service,No internet service,No internet service,No internet service,Month-to-month,Yes,Electronic check,45.43,963.1,No
CUST-06765,Male,0,No,No,57,Yes,No,No,No internet service,No internet service,No internet service,No internet service,No internet service,No internet service,Month-to-month,Yes,Mailed check,97.5,5559.63,No
CUST-06766,Male,1,No,Yes,54,Yes,Yes,No,No internet service,No internet service,No internet service,No internet service,No internet service,No internet service,One year,No,Mailed check,101.3,5467.98,No
CUST-06767,Female,0,Yes,No,45,Yes,Yes,No,No internet service,No internet service,No internet service,No internet service,No internet service,No internet service,Month-to-month,Yes,Credit card (automatic),69.58,3127.03,No
CUST-06768,Female,0,No,No,25,Yes,Yes,No,No internet service,No internet service,No internet service,No internet service,No internet service,No internet service,Month-to-month,Yes,Bank transfer (automatic),108.24,2700.6,No
CUST-06769,Male,0,Yes,No,63,Yes,No,DSL,No,Yes,Yes,No,No,No,Month-to-month,Yes,Mailed check,34.09,2141.62,No
CUST-06770,Male,1,No,No,8,Yes,Yes,Fiber optic,Yes,No,No,No,No,Yes,One year,No,Mailed check,59.44,478.89,No
CUST-06771,Female,0,Yes,No,14,Yes,Yes,DSL,Yes,No,Yes,No,No,Yes,One year,No,Bank transfer (automatic),22.43,321.97,No
CUST-06772,Male,0,Yes,No,18,Yes,Yes,DSL,No,Yes,No,No,Yes,Yes,Month-to-month,No,Bank transfer (automatic),57.86,1042.0,No
CUST-06773,Male,0,Yes,No,15,Yes,No,No,No internet service,No internet service,No internet service,No internet service,No internet service,No internet service,Month-to-month,Yes,Bank transfer (automatic),117.7,1774.64,No
CUST-06774,Male,0,Yes,Yes,24,Yes,Yes,Fiber optic,No,Yes,Yes,Yes,Yes,No,Two year,No,Mailed check,64.32,1543.82,No
CUST-06775,Female,0,No,No,50,Yes,Yes,No,No internet service,No internet service,No internet service,No internet service,No internet service,No internet service,Month-to-month,Yes,Credit card (automatic),59.92,2999.03,No
CUST-06776,Female,0,Yes,No,45,Yes,No,Fiber optic,Yes,No,No,No,Yes,Yes,Two year,Yes,Credit card (automatic),86.78,3897.19,No
CUST-06777,Female,0,Yes,No,6,Yes,Yes,Fiber optic,Yes,Yes,No,No,No,No,Month-to-month,Yes,Bank transfer (automatic),22.86,141.22,No
CUST-06778,Female,0,Yes,Yes,33,Yes,No,Fiber optic,No,No,No,No,Yes,No,Two year,Yes,Electronic check,53.38,1758.35,No
CUST-06779,Female,0,Yes,Yes,57,Yes,No,No,No internet service,No internet service,No internet service,No internet service,No internet service,No internet service,Month-to-month,Yes,Mailed check,71.31,4068.82,No
CUST-06780,Female,0,No,No,22,Yes,No,Fiber optic,Yes,Yes,No,Yes,No,No,One year,No,Credit card (automatic),66.41,1467.44,No
CUST-06781,Male,0,Yes,No,22,No,No phone service,DSL,No,No,Yes,No,Yes,Yes,Month-to-month,Yes,Electronic check,82.25,1811.02,No
CUST-06782,Female,0,No,No,16,Yes,No,No,No internet service,No internet service,No internet service,No internet service,No internet service,No internet service,One year,Yes,Electronic check,31.89,512.41,No
CUST-06783,Female,0,Yes,No,12,Yes,No,Fiber optic,No,No,No,Yes,No,Yes,Month-to-month,Yes,Electronic check,58.26,699.71,Yes
CUST-06784,Male,0,Yes,No,26,Yes,Yes,DSL,No,No,Yes,No,No,No,Month-to-month,Yes,Credit card (automatic),81.36,2118.56,No
CUST-06785,Female,0,Yes,No,65,Yes,No,Fiber optic,Yes,Yes,Yes,No,Yes,No,One year,Yes,Mailed check,48.17,3140.42,No
CUST-06786,Female,0,Yes,Yes,29,Yes,Yes,DSL,No,No,Yes,No,No,Yes,Month-to-month,Yes,Mailed check,79.29,2299.47,No
CUST-06787,Male,0,Yes,No,3,Yes,No,No,No internet service,No internet service,No internet service,No internet service,No internet service,No internet service,Month-to-month,No,Electronic check,113.83,342.31,Yes
CUST-06788,Male,0,Yes,Yes,66,Yes,Yes,Fiber optic,Yes,No,No,Yes,No,No,Two year,No,Mailed check,111.04,7319.75,No
CUST-06789,Male,0,No,No,13,Yes,Yes,No,No internet service,No internet service,No internet service,No internet service,No internet service,No internet service,Two year,Yes,Mailed check,90.55,1179.26,No
CUST-06790,Female,1,No,No,10,Yes,No,DSL,No,Yes,Yes,No,Yes,No,Two year,Yes,Credit card (automatic),35.76,353.69,No
CUST-06791,Male,0,Yes,No,39,Yes,Yes,No,No internet service,No internet service,No internet service,No internet service,No internet service,No internet service,Month-to-month,No,Electronic check,96.42,3759.39,No
CUST-06792,Female,0,Yes,No,2,Yes,Yes,Fiber optic,No,No,Yes,No,No,Yes,Month-to-month,Yes,Mailed check,62.67,127.73,Yes
CUST-06793,Female,1,Yes,Yes,0,Yes,No,DSL,Yes,No,No,Yes,No,No,Month-to-month,No,Bank transfer (automatic),113.17,0.0,Yes
CUST-06794,Female,0,No,No,8,Yes,Yes,DSL,No,No,No,Yes,Yes,Yes,One year,Yes,Mailed check,79.14,635.45,No
CUST-06795,Female,0,Yes,No,0,Yes,Yes,DSL,No,No,No,No,No,Yes,Month-to-month,No,Mailed check,39.76,1.26,No
CUST-06796,Male,0,No,No,15,Yes,No,Fiber optic,Yes,No,Yes,No,No,Yes,Month-to-month,No,Electronic check,49.24,742.12,No
CUST-06797,Male,0,No,No,71,Yes,Yes,DSL,No,No,No,Yes,Yes,No,Month-to-month,No,Mailed check,49.91,3540.42,No
CUST-06798,Female,0,No,No,45,Yes,Yes,Fiber optic,No,Yes,Yes,No,No,No,Two year,No,Electronic check,45.63,2058.91,No
CUST-06799,Male,0,No,Yes,9,Yes,No,Fiber optic,Yes,Yes,No,Yes,Yes,Yes,Month-to-month,Yes,Credit card (automatic),95.18,858.14,No
CUST-06800,Female,0,No,No,32,Yes,Yes,Fiber optic,No,Yes,Yes,No,No,No,Month-to-month,Yes,Bank transfer (automatic),51.67,1649.89,No
CUST-06801,Female,0,Yes,Yes,40,Yes,Yes,No,No internet service,No internet service,No internet service,No internet service,No internet service,No internet service,One year,No,Credit card (automatic),37.56,1495.55,No
CUST-06802,Female,0,No,No,50,Yes,No,Fiber optic,No,Yes,No,No,No,Yes,Month-to-month,No,Credit card (automatic),77.61,3877.79,No
CUST-06803,Male,1,No,No,21,Yes,Yes,DSL,Yes,No,Yes,No,Yes,No,Month-to-month,Yes,Credit card (automatic),64.48,1358.43,No
CUST-06804,Female,0,Yes,No,15,Yes,No,Fiber optic,Yes,No,Yes,No,Yes,No,One year,Yes,Bank transfer (automatic),20.22,305.53,No
CUST-06805,Female,0,Yes,No,61,Yes,No,DSL,No,Yes,Yes,Yes,No,Yes,One year,Yes,Electronic check,45.91,2789.78,No
CUST-06806,Male,0,No,Yes,52,Yes,Yes,Fiber optic,Yes,No,Yes,No,Yes,No,Month-to-month,Yes,Electronic check,21.82,1132.97,Yes
CUST-06807,Male,0,Yes,No,13,Yes,Yes,Fiber optic,No,Yes,No,No,No,Yes,Month-to-month,Yes,Electronic check,94.7,1231.73,No
CUST-06808,Male,0,Yes,Yes,58,Yes,No,DSL,No,Yes,Yes,Yes,No,No,Month-to-month,No,Bank transfer (automatic),113.1,6569.35,No
CUST-06809,Male,0,Yes,Yes,25,Yes,No,Fiber optic,No,Yes,No,No,No,No,Month-to-month,Yes,Bank transfer (automatic),68.02,1706.94,No
CUST-06810,Female,0,No,No,43,Yes,No,DSL,No,Yes,No,Yes,No,No,One year,Yes,Electronic check,73.82,3173.37,No
CUST-06811,Male,0,No,Yes,19,Yes,No,Fiber optic,No,No,No,No,Yes,No,Two year,No,Electronic check,102.51,1948.6,No
CUST-06812,Female,0,Yes,Yes,4,Yes,Yes,No,No internet service,No internet service,No internet service,No internet service,No internet service,No internet service,Month-to-month,Yes,Electronic check,19.9,72.79,No
CUST-06813,Male,0,Yes,No,64,Yes,No,Fiber optic,No,Yes,Yes,Yes,No,Yes,One year,No,Mailed check,34.23,2177.59,No
CUST-06814,Male,1,No,No,10,Yes,Yes,No,No internet service,No internet service,No internet service,No internet service,No internet service,No internet service,Month-to-month,Yes,Mailed check,83.44,832.42,Yes
CUST-06815,Male,1,No,Yes,46,Yes,Yes,No,No internet service,No internet service,No internet service,No internet service,No internet service,No internet service,Month-to-month,Yes,Mailed check,92.17,4244.84,Yes
CUST-06816,Male,0,Yes,No,9,Yes,Yes,DSL,No,No,Yes,Yes,No,No,Month-to-month,No,Mailed check,80.62,726.49,Yes
CUST-06817,Male,0,No,No,60,Yes,Yes,Fiber optic,Yes,Yes,Yes,Yes,Yes,Yes,Month-to-month,Yes,Mailed check,111.92,6711.45,No
CUST-06818,Male,0,No,No,44,Yes,Yes,DSL,Yes,Yes,Yes,Yes,Yes,Yes,Two year,Yes,Mailed check,57.24,2523.12,No
CUST-06819,Female,0,Yes,No,46,Yes,Yes,Fiber optic,Yes,No,Yes,Yes,No,Yes,Month-to-month,Yes,Electronic check,73.51,3390.43,No
CUST-06820,Male,1,Yes,No,33,Yes,Yes,Fiber optic,Yes,Yes,No,Yes,Yes,No,Month-to-month,Yes,Credit card (automatic),113.64,3742.67,No
CUST-06821,Male,0,No,No,12,Yes,Yes,Fiber optic,No,Yes,No,No,Yes,Yes,One year,No,Bank transfer (automatic),107.96,1295.26,No
CUST-06822,Male,0,No,No,22,Yes,No,DSL,No,No,Yes,No,No,Yes,Month-to-month,Yes,Mailed check,21.08,461.1,Yes
CUST-06823,Male,1,No,Yes,35,Yes,Yes,DSL,Yes,Yes,No,Yes,No,Yes,Month-to-month,No,Credit card (automatic),53.21,1862.57,Yes
CUST-06824,Female,1,Yes,No,62,Yes,Yes,Fiber optic,Yes,Yes,Yes,Yes,Yes,No,Two year,No,Mailed check,91.9,5695.52,No
CUST-06825,Male,0,Yes,No,46,Yes,Yes,Fiber optic,Yes,No,Yes,Yes,No,No,Month-to-month,Yes,Credit card (automatic),18.09,846.1,No
CUST-06826,Male,0,Yes,No,65,Yes,No,DSL,No,Yes,Yes,No,No,Yes,Month-to-month,Yes,Electronic check,104.3,6778.9,No
CUST-06827,Male,0,Yes,Yes,13,Yes,Yes,Fiber optic,No,No,No,No,Yes,No,Month-to-month,Yes,Bank transfer (automatic),68.21,888.23,Yes
CUST-06828,Male,0,No,No,52,Yes,Yes,Fiber optic,No,No,Yes,Yes,No,No,Month-to-month,No,Mailed check,26.66,1387.16,No
CUST-06829,Female,0,Yes,No,65,Yes,Yes,Fiber optic,No,Yes,No,Yes,Yes,Yes,Two year,Yes,Bank transfer (automatic),62.25,4039.98,No
CUST-06830,Male,0,Yes,No,48,Yes,Yes,DSL,No,No,No,Yes,Yes,No,Month-to-month,Yes,Electronic check,67.26,3229.5,No
CUST-06831,Female,0,No,No,15,Yes,No,No,No internet service,No internet service,No internet service,No internet service,No internet service,No internet service,Two year,No,Mailed check,54.69,812.99,No
CUST-06832,Male,0,Yes,No,67,Yes,No,Fiber optic,No,No,No,No,No,Yes,Two year,Yes,Bank transfer (automatic),63.43,4258.83,No
CUST-06833,Female,0,No,Yes,42,Yes,Yes,Fiber optic,Yes,Yes,No,Yes,No,Yes,Month-to-month,No,Bank transfer (automatic),107.14,4504.4,No
CUST-06834,Female,0,Yes,No,64,Yes,Yes,No,No internet service,No internet service,No internet service,No internet service,No internet service,No internet service,Two year,Yes,Mailed check,50.41,3223.36,No
CUST-06835,Male,0,No,No,8,Yes,No,DSL,Yes,No,Yes,No,Yes,No,Month-to-month,Yes,Electronic check,114.09,911.89,Yes
CUST-06836,Male,0,No,Yes,20,Yes,No,Fiber optic,Yes,No,Yes,Yes,No,Yes,Month-to-month,Yes,Bank transfer (automatic),86.7,1739.13,No
CUST-06837,Female,0,No,No,42,No,No phone service,Fiber optic,No,Yes,Yes,Yes,No,Yes,Month-to-month,No,Mailed check,107.6,4520.56,Yes
CUST-06838,Female,0,Yes,No,65,Yes,No,DSL,No,Yes,Yes,Yes,Yes,No,Two year,Yes,Mailed check,38.9,2520.24,No
CUST-06839,Male,0,No,No,3,No,No phone service,Fiber optic,No,Yes,No,Yes,Yes,No,Month-to-month,Yes,Bank transfer (automatic),67.18,202.38,No
CUST-06840,Female,0,Yes,No,6,Yes,No,DSL,No,Yes,No,No,Yes,No,Two year,Yes,Bank transfer (automatic),74.54,452.67,No
CUST-06841,Female,0,Yes,Yes,57,Yes,Yes,Fiber optic,No,No,No,No,No,No,Month-to-month,Yes,Bank transfer (automatic),26.53,1500.54,Yes
CUST-06842,Female,0,Yes,Yes,3,Yes,Yes,Fiber optic,Yes,No,No,No,No,No,Month-to-month,No,Mailed check,67.36,202.77,No
CUST-06843,Male,0,Yes,Yes,19,Yes,No,Fiber optic,No,Yes,No,Yes,No,No,Month-to-month,No,Mailed check,104.1,1973.72,No
CUST-06844,Female,0,Yes,No,34,Yes,No,No,No internet service,No internet service,No internet service,No internet service,No internet service,No internet service,One year,Yes,Electronic check,23.22,795.82,No
CUST-06845,Female,0,Yes,No,58,Yes,No,No,No internet service,No internet service,No internet service,No internet service,No internet service,No internet service,Two year,No,Credit card (automatic),82.23,4767.08,No
CUST-06846,Female,0,No,No,44,Yes,Yes,Fiber optic,Yes,No,Yes,Yes,No,No,Two year,Yes,Credit card (automatic),116.88,5139.94,No
CUST-06847,Male,0,No,No,13,Yes,No,DSL,Yes,Yes,No,Yes,Yes,Yes,Two year,Yes,Credit card (automatic),70.74,923.76,No
CUST-06848,Male,0,Yes,Yes,21,No,No phone service,No,No internet service,No internet service,No internet service,No internet service,No internet service,No internet service,Month-to-month,No,Bank transfer (automatic),48.34,1010.65,Yes
CUST-06849,Female,1,Yes,Yes,47,Yes,Yes,Fiber optic,Yes,No,No,Yes,No,Yes,Two year,Yes,Electronic check,76.49,3595.45,No
CUST-06850,Male,0,Yes,No,29,Yes,No,Fiber optic,Yes,Yes,Yes,Yes,Yes,No,One year,No,Credit card (automatic),72.14,2093.47,No
CUST-06851,Female,0,Yes,Yes,28,Yes,No,Fiber optic,Yes,Yes,No,Yes,Yes,Yes,Month-to-month,No,Electronic check,28.52,797.59,No
CUST-06852,Male,0,Yes,Yes,35,Yes,Yes,DSL,Yes,No,Yes,No,No,No,Month-to-month,No,Electronic check,39.43,1373.53,No
CUST-06853,Male,0,No,No,41,Yes,Yes,Fiber optic,No,Yes,No,No,No,Yes,Month-to-month,Yes,Credit card (automatic),84.94,3478.18,No
CUST-06854,Female,0,No,No,28,Yes,Yes,DSL,No,Yes,No,Yes,No,No,Month-to-month,No,Credit card (automatic),77.26,2162.63,No
CUST-06855,Male,0,Yes,No,6,Yes,No,Fiber optic,Yes,No,Yes,No,Yes,No,Month-to-month,No,Credit card (automatic),52.43,305.11,No
CUST-06856,Male,0,Yes,No,31,Yes,No,Fiber optic,Yes,Yes,Yes,No,No,Yes,One year,Yes,Bank transfer (automatic),115.85,3591.78,No
CUST-06857,Male,0,No,No,12,Yes,No,No,No internet service,No internet service,No internet service,No internet service,No internet service,No internet service,Month-to-month,No,Electronic check,82.48,988.44,No
CUST-06858,Female,0,Yes,No,12,Yes,Yes,Fiber optic,Yes,No,No,Yes,No,No,One year,Yes,Electronic check,41.08,495.82,No
CUST-06859,Male,1,Yes,Yes,53,Yes,No,Fiber optic,Yes,No,No,No,Yes,No,Month-to-month,Yes,Mailed check,65.12,3454.61,No
CUST-06860,Male,0,Yes,No,13,Yes,No,DSL,Yes,Yes,No,Yes,No,No,Two year,No,Bank transfer (automatic),89.16,1153.47,No
CUST-06861,Female,0,No,Yes,5,Yes,No,Fiber optic,No,No,Yes,No,Yes,No,Month-to-month,Yes,Mailed check,85.2,423.4,No
CUST-06862,Male,0,No,Yes,15,Yes,Yes,Fiber optic,Yes,No,No,No,Yes,No,Two year,Yes,Electronic check,42.63,634.81,No
CUST-06863,Male,0,Yes,Yes,40,Yes,No,DSL,No,Yes,Yes,No,Yes,No,Month-to-month,Yes,Credit card (automatic),82.78,3308.57,No
CUST-06864,Male,0,No,No,51,Yes,No,Fiber optic,No,Yes,Yes,Yes,Yes,No,Month-to-month,No,Mailed check,51.29,2614.53,Yes
CUST-06865,Male,0,No,No,15,Yes,No,Fiber optic,No,Yes,No,Yes,No,No,Two year,Yes,Electronic check,63.75,961.85,Yes
CUST-06866,Male,0,Yes,No,4,Yes,No,Fiber optic,Yes,No,Yes,No,Yes,Yes,Month-to-month,No,Credit card (automatic),84.91,336.66,No
CUST-06867,Female,0,No,No,23,Yes,No,No,No internet service,No internet service,No internet service,No internet service,No internet service,No internet service,Two year,No,Mailed check,76.1,1754.73,No
CUST-06868,Female,0,No,No,42,Yes,Yes,DSL,No,Yes,No,No,No,Yes,Two year,Yes,Bank transfer (automatic),89.27,3750.64,No
CUST-06869,Male,0,No,No,64,Yes,Yes,Fiber optic,No,No,Yes,No,Yes,No,Month-to-month,Yes,Electronic check,56.18,3602.45,No
CUST-06870,Male,0,No,No,9,Yes,Yes,Fiber optic,Yes,No,Yes,No,Yes,No,Month-to-month,No,Bank transfer (automatic),93.2,837.03,No
CUST-06871,Male,0,No,No,58,Yes,Yes,DSL,Yes,No,No,No,Yes,Yes,Month-to-month,Yes,Bank transfer (automatic),19.57,1130.99,No
CUST-06872,Female,1,No,No,34,Yes,Yes,No,No internet service,No internet service,No internet service,No internet service,No internet service,No internet service,Two year,Yes,Electronic check,36.8,1251.92,No
CUST-06873,Female,1,Yes,No,30,Yes,No,No,No internet service,No internet service,No internet service,No internet service,No internet service,No internet service,Month-to-month,No,Bank transfer (automatic),115.32,3451.56,No
CUST-06874,Male,0,Yes,No,10,Yes,Yes,Fiber optic,Yes,Yes,Yes,Yes,Yes,No,Two year,Yes,Electronic check,26.67,267.49,No
CUST-06875,Male,0,Yes,Yes,8,Yes,Yes,No,No internet service,No internet service,No internet service,No internet service,No internet service,No internet service,One year,No,Electronic check,84.19,676.35,No
CUST-06876,Female,0,No,No,65,Yes,No,DSL,Yes,Yes,No,No,Yes,Yes,One year,Yes,Credit card (automatic),109.68,7134.69,No
CUST-06877,Male,0,Yes,No,43,Yes,Yes,DSL,No,No,No,Yes,No,Yes,Month-to-month,Yes,Mailed check,103.95,4471.88,No
CUST-06878,Female,0,No,No,15,Yes,Yes,DSL,No,No,Yes,Yes,Yes,Yes,Month-to-month,Yes,Electronic check,109.28,1638.49,Yes
CUST-06879,Female,1,No,No,47,Yes,Yes,Fiber optic,No,Yes,No,Yes,Yes,No,Month-to-month,Yes,Mailed check,116.39,5480.04,No
CUST-06880,Male,0,Yes,No,52,Yes,Yes,Fiber optic,No,No,No,Yes,Yes,No,Month-to-month,No,Electronic check,53.73,2793.91,No
CUST-06881,Female,0,No,No,64,Yes,No,No,No internet service,No internet service,No internet service,No internet service,No internet service,No internet service,Two year,Yes,Bank transfer (automatic),51.02,3259.99,No
CUST-06882,Male,0,Yes,No,47,Yes,No,Fiber optic,No,No,Yes,Yes,No,No,Month-to-month,Yes,Mailed check,30.09,1414.06,No
CUST-06883,Male,0,No,No,69,Yes,Yes,DSL,No,No,Yes,Yes,Yes,Yes,Month-to-month,No,Electronic check,38.15,2625.63,No
CUST-06884,Male,0,Yes,No,45,Yes,Yes,No,No internet service,No internet service,No internet service,No internet service,No internet service,No internet service,Month-to-month,No,Electronic check,83.29,3741.88,No
CUST-06885,Male,0,Yes,No,32,Yes,No,Fiber optic,Yes,Yes,No,No,Yes,No,Two year,No,Credit card (automatic),51.11,1636.73,No
CUST-06886,Male,0,Yes,Yes,51,Yes,Yes,No,No internet service,No internet service,No internet service,No internet service,No internet service,No internet service,One year,Yes,Bank transfer (automatic),52.11,2650.98,No
CUST-06887,Male,0,Yes,No,54,Yes,No,Fiber optic,Yes,No,No,No,Yes,No,Month-to-month,No,Electronic check,82.59,4456.78,Yes
CUST-06888,Female,1,No,Yes,50,Yes,No,DSL,Yes,No,No,Yes,Yes,No,Month-to-month,No,Bank transfer (automatic),28.46,1417.16,No
CUST-06889,Female,0,Yes,No,39,Yes,Yes,No,No internet service,No internet service,No internet service,No internet service,No internet service,No internet service,Month-to-month,No,Mailed check,23.59,920.71,No
CUST-06890,Female,1,No,Yes,24,Yes,Yes,No,No internet service,No internet service,No internet service,No internet service,No internet service,No internet service,One year,No,Bank transfer (automatic),98.28,2355.16,No
CUST-06891,Female,0,Yes,No,62,Yes,Yes,Fiber optic,Yes,Yes,No,No,No,Yes,Month-to-month,Yes,Electronic check,96.98,6015.42,No
CUST-06892,Male,0,Yes,Yes,21,Yes,Yes,DSL,No,Yes,No,Yes,No,Yes,Two year,Yes,Bank transfer (automatic),56.51,1188.97,No
CUST-06893,Female,0,Yes,Yes,37,Yes,Yes,DSL,Yes,Yes,No,Yes,Yes,No,One year,Yes,Credit card (automatic),77.31,2853.95,No
CUST-06894,Female,0,No,No,8,Yes,Yes,Fiber optic,Yes,Yes,Yes,Yes,Yes,Yes,Two year,Yes,Credit card (automatic),41.81,339.08,No
CUST-06895,Female,0,Yes,No,36,Yes,Yes,Fiber optic,Yes,Yes,No,Yes,No,Yes,One year,No,Bank transfer (automatic),54.76,1970.5,No
CUST-06896,Male,0,Yes,Yes,4,Yes,Yes,DSL,Yes,No,No,Yes,No,Yes,Month-to-month,No,Credit card (automatic),21.64,80.44,No
CUST-06897,Female,0,No,No,21,Yes,Yes,DSL,No,No,No,No,Yes,Yes,Month-to-month,No,Bank transfer (automatic),45.36,954.42,Yes
CUST-06898,Male,0,Yes,No,11,Yes,Yes,No,No internet service,No internet service,No internet service,No internet service,No internet service,No internet service,Month-to-month,Yes,Credit card (automatic),19.64,224.84,No
CUST-06899,Female,0,No,Yes,59,Yes,No,No,No internet service,No internet service,No internet service,No internet service,No internet service,No internet service,Two year,Yes,Electronic check,60.41,3563.21,No
CUST-06900,Male,0,Yes,No,43,Yes,Yes,Fiber optic,Yes,Yes,No,Yes,Yes,No,Month-to-month,No,Electronic check,69.97,3000.47,No
CUST-06901,Male,0,Yes,No,21,Yes,Yes,DSL,No,Yes,No,No,No,No,One year,Yes,Bank transfer (automatic),67.53,1422.74,No
CUST-06902,Female,0,Yes,No,5,Yes,No,DSL,Yes,Yes,Yes,No,No,Yes,One year,Yes,Mailed check,52.07,268.23,No
CUST-06903,Male,0,No,No,26,Yes,No,No,No internet service,No internet service,No internet service,No internet service,No internet service,No internet service,One year,Yes,Electronic check,38.69,1000.54,No
CUST-06904,Male,0,Yes,No,54,Yes,Yes,Fiber optic,No,Yes,No,No,Yes,No,Month-to-month,No,Mailed check,63.43,3421.24,No
CUST-06905,Female,0,Yes,Yes,14,No,No phone service,Fiber optic,Yes,Yes,No,Yes,No,Yes,Two year,No,Electronic check,104.99,1470.04,No
CUST-06906,Female,1,Yes,No,63,Yes,Yes,DSL,No,Yes,Yes,No,Yes,Yes,Two year,Yes,Bank transfer (automatic),116.32,7318.49,No
CUST-06907,Female,0,No,Yes,16,Yes,No,DSL,Yes,No,No,No,Yes,No,One year,Yes,Bank transfer (automatic),49.27,798.73,No
CUST-06908,Male,0,No,No,2,Yes,No,DSL,No,Yes,No,No,No,Yes,Month-to-month,Yes,Bank transfer (automatic),115.44,230.63,No
CUST-06909,Male,1,No,Yes,9,Yes,No,Fiber optic,No,Yes,Yes,Yes,Yes,No,Two year,No,Mailed check,61.46,553.35,Yes
CUST-06910,Male,1,No,No,62,Yes,Yes,Fiber optic,Yes,No,Yes,Yes,Yes,No,One year,No,Mailed check,79.33,4920.25,No
CUST-06911,Female,0,No,No,62,Yes,No,DSL,No,Yes,No,Yes,No,Yes,One year,Yes,Mailed check,98.37,6097.65,No
CUST-06912,Male,1,No,No,61,Yes,No,No,No internet service,No internet service,No internet service,No internet service,No internet service,No internet service,Two year,Yes,Bank transfer (automatic),53.94,3287.76,No
CUST-06913,Male,0,Yes,No,8,Yes,No,Fiber optic,No,Yes,No,Yes,Yes,Yes,One year,No,Bank transfer (automatic),38.83,305.93,No
CUST-06914,Male,0,Yes,No,23,Yes,No,Fiber optic,Yes,No,Yes,Yes,Yes,Yes,Two year,No,Credit card (automatic),45.31,1036.24,No
CUST-06915,Male,0,Yes,No,31,Yes,No,Fiber optic,No,No,Yes,No,Yes,No,Two year,No,Electronic check,101.86,3159.69,No
CUST-06916,Male,0,Yes,No,2,Yes,No,DSL,No,Yes,No,Yes,Yes,No,Month-to-month,Yes,Bank transfer (automatic),111.45,229.66,Yes
CUST-06917,Male,0,Yes,Yes,32,Yes,Yes,DSL,Yes,No,Yes,Yes,No,No,Month-to-month,Yes,Mailed check,30.85,991.95,No
CUST-06918,Male,0,No,Yes,42,Yes,Yes,Fiber optic,No,No,Yes,No,Yes,No,Month-to-month,No,Credit card (automatic),87.45,3671.45,No
CUST-06919,Female,1,No,No,11,Yes,Yes,DSL,Yes,No,No,Yes,Yes,Yes,Two year,No,Electronic check,21.49,,No
CUST-06920,Female,0,No,No,31,Yes,No,Fiber optic,Yes,No,No,Yes,No,No,Month-to-month,No,Mailed check,105.5,3278.59,No
CUST-06921,Female,0,Yes,Yes,19,Yes,No,Fiber optic,Yes,Yes,No,Yes,No,No,One year,No,Bank transfer (automatic),103.68,1965.93,No
CUST-06922,Male,0,No,Yes,66,Yes,No,No,No internet service,No internet service,No internet service,No internet service,No internet service,No internet service,Month-to-month,Yes,Credit card (automatic),95.46,6292.02,No
CUST-06923,Male,0,Yes,Yes,67,Yes,Yes,Fiber optic,Yes,No,Yes,No,Yes,No,Two year,No,Mailed check,100.44,6730.74,No
CUST-06924,Female,0,No,No,16,Yes,No,Fiber optic,Yes,Yes,No,No,No,Yes,One year,Yes,Bank transfer (automatic),78.43,1259.14,No
CUST-06925,Male,0,Yes,No,18,Yes,No,No,No internet service,No internet service,No internet service,No internet service,No internet service,No internet service,Month-to-month,No,Bank transfer (automatic),32.73,576.7,No
CUST-06926,Female,1,No,No,3,Yes,No,Fiber optic,Yes,No,Yes,Yes,No,Yes,One year,Yes,Mailed check,109.46,330.37,No
CUST-06927,Male,0,Yes,Yes,16,Yes,No,DSL,Yes,No,No,No,No,No,Month-to-month,Yes,Credit card (automatic),32.1,507.96,No
CUST-06928,Male,0,No,Yes,63,Yes,No,Fiber optic,Yes,Yes,Yes,Yes,Yes,No,Two year,Yes,Mailed check,40.52,2545.67,No
CUST-06929,Female,0,Yes,No,21,Yes,No,DSL,Yes,Yes,Yes,Yes,Yes,Yes,Month-to-month,Yes,Bank transfer (automatic),61.26,1285.01,No
CUST-06930,Female,0,No,No,65,No,No phone service,Fiber optic,No,No,Yes,No,No,Yes,Month-to-month,Yes,Mailed check,67.8,4401.23,No
CUST-06931,Female,1,Yes,No,41,Yes,Yes,Fiber optic,Yes,Yes,Yes,Yes,Yes,No,Month-to-month,No,Electronic check,27.63,1123.98,No
CUST-06932,Female,0,Yes,Yes,44,Yes,Yes,Fiber optic,Yes,No,No,Yes,No,No,Month-to-month,No,Credit card (automatic),94.17,4144.02,No
CUST-06933,Female,0,Yes,No,10,Yes,No,DSL,Yes,No,Yes,Yes,Yes,No,One year,Yes,Electronic check,31.73,317.08,No
CUST-06934,Male,0,Yes,No,52,Yes,Yes,Fiber optic,No,Yes,No,No,No,No,One year,No,Bank transfer (automatic),83.48,4332.37,No
CUST-06935,Male,0,No,No,59,Yes,No,Fiber optic,Yes,No,No,Yes,Yes,No,Month-to-month,Yes,Electronic check,63.2,3721.77,No
CUST-06936,Male,0,No,No,28,Yes,No,Fiber optic,Yes,Yes,Yes,No,No,Yes,One year,No,Bank transfer (automatic),99.09,2776.84,No
CUST-06937,Female,0,No,Yes,19,Yes,Yes,DSL,Yes,Yes,Yes,Yes,Yes,Yes,Month-to-month,Yes,Bank transfer (automatic),47.56,906.28,No
CUST-06938,Female,0,Yes,No,4,Yes,No,No,No internet service,No internet service,No internet service,No internet service,No internet service,No internet service,Two year,Yes,Credit card (automatic),101.65,393.37,No
CUST-06939,Female,0,No,No,24,Yes,Yes,DSL,Yes,Yes,Yes,No,Yes,Yes,One year,Yes,Mailed check,43.23,1031.2,No
CUST-06940,Female,0,Yes,No,33,No,No phone service,No,No internet service,No internet service,No internet service,No internet service,No internet service,No internet service,Month-to-month,No,Bank transfer (automatic),75.43,2488.78,No
CUST-06941,Female,0,No,No,11,Yes,Yes,Fiber optic,Yes,No,No,No,Yes,No,Month-to-month,Yes,Electronic check,66.61,734.83,No
CUST-06942,Female,0,Yes,Yes,27,Yes,No,DSL,Yes,No,Yes,No,Yes,No,Month-to-month,Yes,Mailed check,53.26,1440.07,No
CUST-06943,Male,0,No,No,5,Yes,No,DSL,No,No,No,No,Yes,Yes,Month-to-month,No,Electronic check,19.18,98.91,No
CUST-06944,Male,1,Yes,No,18,Yes,No,Fiber optic,No,No,Yes,Yes,No,Yes,One year,Yes,Electronic check,57.78,1036.44,No
CUST-06945,Male,0,Yes,No,11,Yes,Yes,No,No internet service,No internet service,No internet service,No internet service,No internet service,No internet service,One year,Yes,Electronic check,29.84,329.13,No
CUST-06946,Male,0,No,Yes,24,Yes,Yes,No,No internet service,No internet service,No internet service,No internet service,No internet service,No internet service,Month-to-month,No,Bank transfer (automatic),40.52,970.51,No
CUST-06947,Male,0,No,Yes,12,Yes,Yes,DSL,No,No,Yes,No,Yes,No,Month-to-month,No,Mailed check,86.83,1039.16,No
CUST-06948,Female,0,No,Yes,2,Yes,No,Fiber optic,No,Yes,No,No,No,No,Two year,Yes,Bank transfer (automatic),75.13,142.7,No
CUST-06949,Female,0,Yes,Yes,23,Yes,No,DSL,Yes,Yes,Yes,No,No,Yes,Month-to-month,Yes,Mailed check,70.71,1627.82,No
CUST-06950,Female,1,Yes,No,7,Yes,No,DSL,Yes,Yes,No,Yes,Yes,Yes,Month-to-month,Yes,Mailed check,74.4,512.55,No
CUST-06951,Female,0,Yes,Yes,44,Yes,No,No,No internet service,No internet service,No internet service,No internet service,No internet service,No internet service,Two year,Yes,Mailed check,30.01,1314.59,No
CUST-06952,Female,0,No,No,71,Yes,Yes,No,No internet service,No internet service,No internet service,No internet service,No internet service,No internet service,One year,Yes,Credit card (automatic),34.46,2450.09,No
CUST-06953,Female,0,Yes,Yes,0,Yes,No,Fiber optic,Yes,Yes,No,No,Yes,Yes,One year,No,Credit card (automatic),72.28,0.0,No
CUST-06954,Male,1,No,No,2,Yes,No,DSL,Yes,No,Yes,No,No,Yes,One year,Yes,Bank transfer (automatic),58.68,122.62,No
CUST-06955,Female,0,Yes,No,64,Yes,Yes,Fiber optic,No,Yes,No,Yes,Yes,Yes,Month-to-month,Yes,Credit card (automatic),64.32,4114.8,No
CUST-06956,Female,0,No,No,14,Yes,No,DSL,Yes,Yes,No,Yes,No,Yes,Month-to-month,Yes,Electronic check,105.92,1480.1,No
CUST-06957,Female,1,Yes,No,49,Yes,No,No,No internet service,No internet service,No internet service,No internet service,No internet service,No internet service,Month-to-month,Yes,Mailed check,36.52,1795.21,No
CUST-06958,Female,0,Yes,No,19,Yes,Yes,No,No internet service,No internet service,No internet service,No internet service,No internet service,No internet service,Month-to-month,Yes,Mailed check,109.07,2070.33,Yes
CUST-06959,Male,0,No,No,2,Yes,No,DSL,No,No,No,Yes,Yes,Yes,Month-to-month,No,Credit card (automatic),103.75,208.91,No
CUST-06960,Male,0,Yes,No,60,Yes,Yes,DSL,No,No,No,Yes,Yes,Yes,Two year,Yes,Electronic check,108.18,6489.99,No
CUST-06961,Female,0,Yes,No,14,Yes,No,No,No internet service,No internet service,No internet service,No internet service,No internet service,No internet service,One year,Yes,Electronic check,82.14,1150.56,No
CUST-06962,Male,0,No,No,58,Yes,Yes,Fiber optic,No,No,Yes,No,No,Yes,Month-to-month,No,Electronic check,104.39,6053.51,Yes
CUST-06963,Male,0,Yes,Yes,53,Yes,No,Fiber optic,Yes,Yes,Yes,No,No,No,Month-to-month,No,Credit card (automatic),117.12,6211.75,No
CUST-06964,Female,0,No,No,59,Yes,Yes,DSL,No,No,No,No,Yes,No,Month-to-month,Yes,Bank transfer (automatic),65.14,3843.6,No
CUST-06965,Female,0,No,Yes,36,Yes,No,DSL,No,Yes,Yes,Yes,No,No,Two year,Yes,Electronic check,104.18,3748.82,No
CUST-06966,Female,0,Yes,No,20,Yes,No,DSL,Yes,No,No,No,Yes,Yes,Month-to-month,No,Bank transfer (automatic),108.37,2168.67,No
CUST-06967,Female,0,Yes,No,22,Yes,Yes,DSL,No,No,Yes,Yes,No,Yes,Month-to-month,Yes,Mailed check,48.98,1069.82,Yes
CUST-06968,Female,0,Yes,No,17,Yes,Yes,Fiber optic,No,Yes,Yes,No,No,Yes,Two year,No,Credit card (automatic),62.27,1063.65,No
CUST-06969,Male,0,No,No,16,Yes,Yes,Fiber optic,Yes,Yes,No,No,Yes,No,Two year,Yes,Electronic check,75.37,1198.39,No
CUST-06970,Female,0,Yes,No,30,Yes,No,Fiber optic,Yes,No,Yes,No,No,Yes,Month-to-month,Yes,Mailed check,52.92,1584.28,No
CUST-06971,Female,0,No,No,63,Yes,Yes,DSL,Yes,No,Yes,No,Yes,No,Two year,No,Credit card (automatic),50.21,3160.97,No
CUST-06972,Female,0,Yes,No,47,Yes,No,DSL,Yes,No,Yes,No,Yes,Yes,Month-to-month,No,Mailed check,56.07,2636.54,No
CUST-06973,Male,0,Yes,No,25,Yes,Yes,Fiber optic,Yes,Yes,No,No,Yes,Yes,One year,No,Electronic check,60.39,1517.85,No
CUST-06974,Female,0,No,No,21,Yes,No,Fiber optic,Yes,Yes,Yes,No,Yes,Yes,Two year,Yes,Bank transfer (automatic),43.23,912.99,No
CUST-06975,Female,0,Yes,No,44,Yes,No,No,No internet service,No internet service,No internet service,No internet service,No internet service,No internet service,One year,No,Credit card (automatic),65.33,2867.16,No
CUST-06976,Female,0,Yes,Yes,35,Yes,Yes,Fiber optic,Yes,No,Yes,No,No,No,Month-to-month,No,Mailed check,95.87,3351.02,No
CUST-06977,Male,0,Yes,No,63,Yes,No,Fiber optic,Yes,No,No,No,Yes,Yes,One year,Yes,Mailed check,80.45,5061.35,No
CUST-06978,Female,0,Yes,No,34,Yes,Yes,Fiber optic,Yes,Yes,Yes,No,No,Yes,Two year,Yes,Bank transfer (automatic),55.98,1896.82,No
CUST-06979,Female,0,Yes,No,26,Yes,Yes,No,No internet service,No internet service,No internet service,No internet service,No internet service,No internet service,Month-to-month,Yes,Mailed check,33.62,871.17,No
CUST-06980,Female,0,No,No,67,Yes,Yes,DSL,No,Yes,Yes,No,Yes,No,One year,No,Electronic check,100.4,6733.35,No
CUST-06981,Male,0,Yes,No,16,Yes,No,No,No internet service,No internet service,No internet service,No internet service,No internet service,No internet service,Month-to-month,No,Bank transfer (automatic),69.13,1104.85,No
CUST-06982,Female,0,No,No,69,Yes,No,Fiber optic,No,Yes,Yes,No,No,No,Month-to-month,Yes,Electronic check,115.12,7942.7,No
CUST-06983,Female,0,Yes,No,10,Yes,No,No,No internet service,No internet service,No internet service,No internet service,No internet service,No internet service,Month-to-month,Yes,Electronic check,43.27,433.84,No
CUST-06984,Female,0,Yes,Yes,4,Yes,No,No,No internet service,No internet service,No internet service,No internet service,No internet service,No internet service,Two year,Yes,Electronic check,35.55,137.5,No
CUST-06985,Male,1,No,Yes,57,Yes,Yes,DSL,No,Yes,No,Yes,No,Yes,Month-to-month,No,Credit card (automatic),18.8,1071.25,No
CUST-06986,Female,0,Yes,Yes,56,Yes,No,Fiber optic,Yes,No,Yes,Yes,No,Yes,Month-to-month,Yes,Mailed check,26.26,1471.79,No
CUST-06987,Female,0,Yes,Yes,13,Yes,Yes,Fiber optic,No,No,Yes,No,No,Yes,Month-to-month,No,Credit card (automatic),56.54,747.32,No
CUST-06988,Female,0,No,Yes,71,Yes,No,Fiber optic,No,Yes,Yes,No,Yes,No,One year,No,Mailed check,37.82,2689.84,No
CUST-06989,Male,0,No,Yes,0,Yes,No,DSL,No,Yes,Yes,No,No,Yes,Two year,No,Bank transfer (automatic),21.79,8.23,No
CUST-06990,Male,0,Yes,Yes,15,Yes,No,No,No internet service,No internet service,No internet service,No internet service,No internet service,No internet service,Month-to-month,No,Credit card (automatic),40.54,608.24,No
CUST-06991,Female,0,No,No,25,Yes,No,No,No internet service,No internet service,No internet service,No internet service,No internet service,No internet service,Two year,Yes,Mailed check,90.88,2274.64,No
CUST-06992,Male,0,No,Yes,48,Yes,Yes,Fiber optic,No,No,Yes,No,No,No,One year,Yes,Electronic check,91.57,4396.67,No
CUST-06993,Male,0,No,No,41,Yes,No,DSL,Yes,No,No,No,No,Yes,One year,Yes,Bank transfer (automatic),32.96,1342.42,No
CUST-06994,Male,0,No,No,69,Yes,Yes,No,No internet service,No internet service,No internet service,No internet service,No internet service,No internet service,Month-to-month,No,Bank transfer (automatic),111.65,7691.54,No
CUST-06995,Female,0,Yes,No,65,Yes,Yes,Fiber optic,Yes,No,No,No,Yes,Yes,Month-to-month,Yes,Electronic check,33.9,2197.88,No
CUST-06996,Female,1,Yes,No,52,Yes,No,Fiber optic,No,No,Yes,Yes,Yes,Yes,Month-to-month,No,Credit card (automatic),26.93,1406.58,No
CUST-06997,Male,0,No,No,8,Yes,No,DSL,Yes,Yes,No,Yes,No,Yes,One year,Yes,Mailed check,34.29,272.34,No
CUST-06998,Male,1,Yes,No,68,Yes,Yes,DSL,No,Yes,Yes,Yes,No,Yes,One year,Yes,Bank transfer (automatic),32.05,2183.29,No
CUST-06999,Male,0,No,Yes,39,Yes,No,Fiber optic,Yes,Yes,Yes,No,No,Yes,Two year,Yes,Mailed check,81.17,3172.15,No
CUST-07000,Female,1,Yes,No,55,Yes,No,DSL,Yes,Yes,Yes,No,Yes,Yes,Month-to-month,No,Bank transfer (automatic),33.63,1843.23,No
CUST-07001,Female,0,Yes,No,4,Yes,Yes,Fiber optic,No,No,No,Yes,No,Yes,Month-to-month,Yes,Electronic check,81.43,333.1,Yes
CUST-07002,Male,0,No,No,55,Yes,No,DSL,No,No,No,No,Yes,Yes,One year,No,Electronic check,45.66,2505.49,No
CUST-07003,Male,0,No,No,71,No,No phone service,No,No internet service,No internet service,No internet service,No internet service,No internet service,No internet service,Month-to-month,No,Credit card (automatic),42.84,3040.61,No
CUST-07004,Male,1,Yes,No,4,No,No phone service,No,No internet service,No internet service,No internet service,No internet service,No internet service,No internet service,Two year,Yes,Bank transfer (automatic),107.73,425.52,No
CUST-07005,Male,0,Yes,Yes,68,Yes,Yes,DSL,No,No,Yes,No,No,No,Two year,Yes,Electronic check,39.43,2682.43,No
CUST-07006,Female,0,Yes,Yes,51,Yes,Yes,DSL,Yes,Yes,Yes,No,No,Yes,Two year,Yes,Electronic check,104.46,5326.65,No
CUST-07007,Male,1,No,No,32,Yes,Yes,Fiber optic,Yes,No,Yes,Yes,Yes,Yes,One year,Yes,Electronic check,48.35,1551.19,No
CUST-07008,Female,0,Yes,No,21,Yes,No,Fiber optic,No,No,Yes,Yes,No,Yes,Month-to-month,Yes,Mailed check,117.12,2464.52,No
CUST-07009,Male,0,No,Yes,14,Yes,No,DSL,No,No,No,No,Yes,No,Month-to-month,Yes,Bank transfer (automatic),116.09,1633.16,No
CUST-07010,Male,1,No,No,64,Yes,Yes,Fiber optic,No,Yes,Yes,No,No,No,Month-to-month,Yes,Credit card (automatic),100.76,6452.4,Yes
CUST-07011,Male,0,No,Yes,70,Yes,No,No,No internet service,No internet service,No internet service,No internet service,No internet service,No internet service,Two year,No,Mailed check,104.81,7340.77,No
CUST-07012,Male,0,Yes,No,22,Yes,Yes,DSL,No,Yes,No,Yes,No,No,Month-to-month,No,Credit card (automatic),100.33,2205.02,No
CUST-07013,Male,0,No,No,5,No,No phone service,DSL,Yes,Yes,No,Yes,No,No,Two year,Yes,Electronic check,80.96,403.91,No
CUST-07014,Female,0,Yes,No,57,Yes,No,Fiber optic,Yes,Yes,No,Yes,No,Yes,Month-to-month,No,Credit card (automatic),98.9,5638.87,Yes
CUST-07015,Male,0,No,Yes,25,Yes,Yes,No,No internet service,No internet service,No internet service,No internet service,No internet service,No internet service,Month-to-month,No,Credit card (automatic),80.83,2014.55,No
CUST-07016,Male,1,Yes,No,11,Yes,No,DSL,No,No,Yes,No,No,No,One year,Yes,Electronic check,102.22,1130.04,No
CUST-07017,Male,0,Yes,No,1,Yes,No,Fiber optic,No,No,Yes,Yes,Yes,No,Month-to-month,No,Bank transfer (automatic),111.56,110.89,No
CUST-07018,Female,0,No,Yes,31,Yes,No,DSL,No,No,No,Yes,No,No,Month-to-month,Yes,Bank transfer (automatic),93.33,2894.2,No
CUST-07019,Female,0,No,Yes,49,Yes,Yes,No,No internet service,No internet service,No internet service,No internet service,No internet service,No internet service,Month-to-month,No,Mailed check,114.47,5601.44,No
CUST-07020,Female,0,Yes,No,60,Yes,No,Fiber optic,No,No,No,Yes,No,No,Two year,No,Credit card (automatic),62.82,3767.38,No
CUST-07021,Female,0,Yes,No,10,Yes,No,Fiber optic,No,Yes,No,No,No,No,Two year,Yes,Bank transfer (automatic),110.54,1109.71,No
CUST-07022,Male,0,No,Yes,67,Yes,No,No,No internet service,No internet service,No internet service,No internet service,No internet service,No internet service,Month-to-month,No,Mailed check,40.62,2723.64,No
CUST-07023,Male,0,No,No,33,Yes,No,Fiber optic,Yes,No,Yes,No,Yes,No,Month-to-month,No,Mailed check,21.14,701.77,No
CUST-07024,Male,0,Yes,No,7,No,No phone service,Fiber optic,Yes,Yes,No,Yes,No,No,Month-to-month,No,Bank transfer (automatic),30.81,213.98,Yes
CUST-07025,Female,0,Yes,Yes,7,Yes,Yes,DSL,Yes,Yes,No,No,No,Yes,Month-to-month,Yes,Bank transfer (automatic),34.02,238.78,No
CUST-07026,Male,0,No,No,14,Yes,No,Fiber optic,Yes,No,No,No,Yes,Yes,Month-to-month,Yes,Credit card (automatic),100.44,1405.64,Yes
CUST-07027,Male,0,Yes,Yes,4,Yes,No,DSL,Yes,Yes,Yes,No,Yes,Yes,Two year,No,Bank transfer (automatic),58.1,235.72,No
CUST-07028,Female,0,No,Yes,18,Yes,Yes,No,No internet service,No internet service,No internet service,No internet service,No internet service,No internet service,Month-to-month,Yes,Bank transfer (automatic),41.32,745.06,No
CUST-07029,Female,0,No,Yes,8,Yes,No,Fiber optic,No,No,No,Yes,Yes,No,Two year,Yes,Mailed check,99.23,791.93,No
CUST-07030,Female,0,No,No,56,Yes,No,No,No internet service,No internet service,No internet service,No internet service,No internet service,No internet service,One year,Yes,Bank transfer (automatic),38.21,2126.96,No
CUST-07031,Male,0,No,No,53,Yes,Yes,DSL,No,No,No,Yes,Yes,No,Two year,Yes,Electronic check,25.79,1367.72,No
CUST-07032,Male,0,Yes,Yes,28,Yes,Yes,DSL,Yes,Yes,Yes,Yes,No,No,One year,No,Electronic check,64.62,1800.97,No
CUST-07033,Female,0,No,No,18,Yes,No,Fiber optic,Yes,No,No,No,No,Yes,One year,No,Bank transfer (automatic),24.94,452.37,No
CUST-07034,Male,0,No,No,45,Yes,Yes,DSL,Yes,No,No,Yes,No,No,Month-to-month,Yes,Credit card (automatic),45.89,2069.21,No
CUST-07035,Female,0,Yes,Yes,61,Yes,Yes,DSL,Yes,No,Yes,No,No,No,Month-to-month,Yes,Credit card (automatic),88.03,5358.41,No
CUST-07036,Female,0,Yes,No,59,Yes,No,No,No internet service,No internet service,No internet service,No internet service,No internet service,No internet service,One year,Yes,Electronic check,55.45,3273.05,No
CUST-07037,Male,0,No,No,4,Yes,No,DSL,No,No,No,Yes,No,No,Month-to-month,Yes,Credit card (automatic),26.75,108.37,No
CUST-07038,Female,0,No,No,32,Yes,Yes,Fiber optic,Yes,Yes,Yes,No,Yes,No,Month-to-month,Yes,Mailed check,58.3,1867.48,No
CUST-07039,Female,0,No,No,54,No,No phone service,No,No internet service,No internet service,No internet service,No internet service,No internet service,No internet service,Month-to-month,No,Electronic check,69.31,3736.58,No
CUST-07040,Female,0,No,No,18,Yes,No,DSL,Yes,Yes,No,No,Yes,Yes,Month-to-month,No,Bank transfer (automatic),43.02,776.74,No
CUST-07041,Male,1,No,No,16,Yes,Yes,Fiber optic,No,No,No,No,No,Yes,Month-to-month,No,Electronic check,35.09,555.14,Yes
CUST-07042,Female,0,No,Yes,41,Yes,No,No,No internet service,No internet service,No internet service,No internet service,No internet service,No internet service,Two year,Yes,Electronic check,94.17,3864.42,No
